SaleID,CustomerID,CarModel,DealerID,Price,Date,FuelType,Region
1,4174,Ertiga,27,2508932,2022-08-21,Petrol,South
2,4507,Baleno,176,1262662,2022-08-16,Hybrid,West
3,1860,XUV700,147,1036984,2024-10-03,CNG,West
4,2294,Ertiga,179,1939769,2023-06-06,CNG,West
5,2130,City,7,1030363,2022-01-13,Petrol,Central
6,2095,Ertiga,157,533001,2023-03-21,CNG,South
7,4772,City,171,1305954,2022-12-06,Diesel,South
8,4092,Ertiga,69,1856036,2023-08-21,Petrol,West
9,2638,Baleno,94,2619788,2022-06-06,Diesel,North
10,3169,Seltos,113,1826122,2023-10-18,Petrol,East
11,1466,Harrier,107,1459692,2024-09-29,Petrol,North
12,2238,Baleno,120,1794021,2024-03-08,Petrol,Central
13,1330,Swift,186,829111,2023-05-06,Hybrid,East
14,2482,Creta,136,2148021,2024-04-14,Hybrid,North
15,3135,Seltos,170,727716,2024-08-09,Petrol,South
16,4444,XUV700,42,2955602,2022-12-23,Petrol,North
17,4171,i20,13,1532324,2023-12-18,Petrol,West
18,3919,Baleno,154,542324,2022-12-28,Petrol,Central
19,4735,Ertiga,18,485261,2022-01-08,CNG,North
20,1130,Baleno,42,2717819,2023-04-17,CNG,North
21,2685,Alto,51,2001381,2022-06-21,CNG,East
22,4380,Seltos,113,2652498,2022-04-06,Hybrid,West
23,1769,Harrier,144,2399657,2023-11-05,Diesel,East
24,3391,XUV700,101,2828950,2023-08-31,Petrol,Central
25,2515,Alto,3,2754623,2023-04-19,CNG,Central
26,4485,City,79,609691,2023-09-06,CNG,West
27,3853,Alto,98,2546799,2023-11-20,CNG,East
28,3433,Baleno,173,871939,2024-06-16,Petrol,West
29,2215,XUV700,150,2155835,2022-04-20,Petrol,East
30,1955,Baleno,23,1999505,2023-12-11,Diesel,South
31,3324,City,59,2881712,2024-08-22,Hybrid,West
32,2184,i20,190,1078514,2024-05-20,Diesel,Central
33,1459,XUV700,113,1744721,2023-10-11,Petrol,East
34,4385,i20,68,2474373,2022-12-15,Diesel,South
35,1021,Seltos,54,1621172,2023-04-08,CNG,Central
36,3300,Seltos,57,401304,2024-06-03,Diesel,East
37,1747,i20,151,1298880,2022-09-03,CNG,South
38,3904,Seltos,111,1268800,2024-03-08,Diesel,Central
39,4632,XUV700,60,1196454,2024-05-19,CNG,Central
40,1474,Ertiga,73,477354,2024-03-26,Diesel,South
41,2082,Swift,55,2923985,2023-05-30,Hybrid,Central
42,3558,Seltos,117,1568621,2022-08-14,Diesel,East
43,4753,Seltos,63,589896,2023-08-01,Petrol,East
44,3047,Baleno,184,2744811,2023-05-21,Petrol,Central
45,4547,i20,55,1910272,2022-06-04,CNG,North
46,3747,Creta,25,2092509,2022-04-21,Petrol,South
47,1975,Harrier,26,2388407,2023-04-28,CNG,North
48,2806,Alto,177,1713964,2024-03-18,Hybrid,East
49,1189,Seltos,63,1473666,2022-10-01,Petrol,Central
50,4005,Alto,173,2823573,2022-06-04,Petrol,West
51,3734,XUV700,73,2597047,2022-12-11,CNG,West
52,4005,Creta,79,841752,2024-01-05,Hybrid,North
53,1562,Harrier,167,2767151,2023-07-23,Hybrid,North
54,2899,i20,65,2750707,2022-10-21,Diesel,North
55,4638,Swift,69,1309395,2023-10-07,CNG,East
56,2267,Harrier,184,2222366,2022-12-04,CNG,East
57,3879,Harrier,9,1707421,2023-03-28,Hybrid,Central
58,2528,Swift,198,1349456,2022-12-10,CNG,East
59,4202,Ertiga,156,1761094,2023-12-18,Petrol,Central
60,4556,i20,173,936809,2023-09-23,Petrol,Central
61,4890,Baleno,26,1024434,2024-02-04,Petrol,North
62,1646,Alto,28,1655667,2022-03-26,CNG,West
63,3068,Seltos,40,2374138,2024-01-07,Diesel,North
64,3888,Harrier,143,2641928,2023-10-22,Diesel,East
65,3214,XUV700,134,2556085,2022-08-15,Hybrid,South
66,2297,Swift,27,2043965,2022-04-19,CNG,East
67,3435,Alto,38,443856,2022-05-15,Hybrid,West
68,1600,Creta,196,2231524,2024-07-26,CNG,East
69,3363,Swift,85,2920983,2022-10-18,Diesel,West
70,3061,Creta,64,2618790,2024-04-01,Petrol,South
71,1241,i20,30,2211146,2023-01-29,CNG,South
72,3041,Harrier,99,2236935,2022-01-27,Diesel,Central
73,3824,XUV700,131,1194733,2022-01-13,Diesel,East
74,4417,Seltos,190,1129353,2023-07-08,Diesel,Central
75,3612,Creta,12,1912820,2024-07-21,Petrol,North
76,3945,Alto,91,2303767,2023-03-21,Diesel,North
77,2363,Ertiga,30,749135,2022-08-12,Hybrid,North
78,3139,i20,38,2989626,2022-01-21,Diesel,North
79,2390,Ertiga,85,1865226,2023-04-12,Diesel,North
80,4003,i20,60,2342853,2023-10-15,CNG,East
81,2478,Baleno,38,1810598,2023-09-10,CNG,Central
82,4499,Alto,104,1857466,2024-02-19,CNG,Central
83,3556,Ertiga,143,1332930,2023-04-03,Diesel,West
84,1775,XUV700,146,1755511,2023-10-02,Diesel,North
85,1034,Harrier,180,2717864,2023-10-25,Hybrid,South
86,3253,Swift,29,1976119,2024-08-18,Petrol,West
87,4152,Seltos,112,2137762,2022-06-29,Diesel,West
88,2955,Harrier,188,2454648,2023-06-22,Petrol,East
89,2585,Harrier,21,1191376,2023-06-11,Diesel,West
90,4943,i20,145,2928194,2022-01-22,Petrol,South
91,4459,XUV700,146,1214155,2023-07-31,CNG,Central
92,4073,i20,185,1352791,2024-02-02,Diesel,West
93,2021,City,119,1198277,2024-07-10,Hybrid,East
94,4461,Creta,165,861322,2024-01-15,Petrol,North
95,3613,Seltos,60,2714031,2023-11-03,CNG,South
96,2129,Creta,166,2578586,2023-09-29,Hybrid,North
97,4843,Swift,140,1342967,2024-10-20,CNG,West
98,4893,City,113,1405844,2022-06-01,Diesel,Central
99,2500,Alto,129,1500658,2022-01-13,Hybrid,East
100,1702,Swift,58,847905,2023-12-16,Petrol,South
101,3449,Swift,3,2835703,2024-06-24,Petrol,Central
102,3777,Baleno,191,1406137,2022-09-06,Hybrid,South
103,2579,Seltos,149,1251198,2023-01-22,Petrol,East
104,1161,i20,23,908469,2023-03-15,CNG,East
105,1201,XUV700,137,1903762,2022-10-27,Hybrid,West
106,2981,Creta,83,1228786,2023-12-22,Petrol,South
107,1995,Swift,55,2797866,2023-04-18,CNG,West
108,3317,Creta,110,2513415,2024-10-03,Petrol,South
109,4934,Creta,116,1629747,2023-09-25,CNG,South
110,1815,Alto,147,2999726,2023-02-25,Diesel,North
111,4342,Seltos,62,1009563,2024-08-13,CNG,West
112,1455,Seltos,87,1868717,2024-08-30,Petrol,South
113,4533,Ertiga,167,1175299,2022-01-24,CNG,South
114,4798,Harrier,100,1730295,2023-06-22,Petrol,East
115,2275,Seltos,27,1470807,2024-02-16,Hybrid,North
116,2016,Creta,174,2311943,2023-09-30,Hybrid,East
117,4773,i20,34,1103091,2023-06-24,Diesel,West
118,3343,Creta,33,1209532,2024-06-21,CNG,West
119,4796,i20,92,1957711,2023-02-25,Diesel,South
120,3767,Ertiga,96,2687561,2023-04-29,Hybrid,Central
121,4820,i20,178,1173418,2024-10-25,CNG,East
122,1337,Seltos,148,2023561,2022-06-06,CNG,West
123,1878,Alto,168,411357,2022-02-21,Diesel,South
124,2076,i20,95,2957341,2022-08-31,Diesel,South
125,1791,Creta,186,1080306,2024-02-13,CNG,East
126,4993,XUV700,159,1454142,2023-02-24,CNG,South
127,3264,Seltos,38,1228008,2023-03-01,CNG,North
128,1763,XUV700,173,2288326,2022-03-21,Diesel,Central
129,3235,City,41,2886355,2023-11-26,Petrol,East
130,1379,City,137,2024272,2022-12-20,Hybrid,East
131,1492,Creta,137,1895298,2022-10-20,Hybrid,East
132,4112,City,191,2838445,2023-12-18,Diesel,South
133,2180,Harrier,79,2275175,2023-06-13,CNG,South
134,3062,Ertiga,128,695843,2023-04-25,Hybrid,East
135,4884,Seltos,22,1696665,2023-04-22,Hybrid,East
136,1064,XUV700,16,1760265,2022-01-25,Hybrid,North
137,4928,Creta,32,893985,2023-03-07,Hybrid,West
138,4910,Harrier,194,2715574,2022-11-13,CNG,North
139,3568,Creta,142,1209818,2023-09-30,Diesel,East
140,2367,Harrier,38,1769993,2022-12-24,CNG,South
141,2152,City,98,2085176,2023-11-21,CNG,South
142,3027,City,136,1456085,2022-12-10,Hybrid,East
143,3695,i20,21,642225,2023-07-13,Hybrid,West
144,2495,Baleno,56,2182700,2023-12-13,CNG,Central
145,4134,Creta,46,608222,2023-07-17,CNG,Central
146,2162,i20,43,1917629,2023-03-15,CNG,North
147,2522,Seltos,120,655117,2022-05-23,Petrol,West
148,3640,i20,46,1233038,2024-05-17,Hybrid,Central
149,1391,Swift,48,1887444,2022-12-19,Diesel,West
150,2698,City,198,672659,2024-10-13,Diesel,South
151,1418,Swift,84,1811504,2023-04-13,Diesel,South
152,3336,Creta,31,2904696,2024-05-26,Petrol,West
153,1378,XUV700,161,1854471,2024-07-07,Petrol,East
154,2796,XUV700,172,1993922,2024-04-20,Diesel,Central
155,4561,Seltos,71,1677421,2024-05-27,Diesel,Central
156,3278,i20,8,2212899,2022-02-21,Diesel,South
157,4065,XUV700,130,438872,2024-10-08,CNG,North
158,3088,Harrier,145,2027835,2024-03-24,Hybrid,Central
159,4099,Harrier,52,1268515,2022-09-26,Petrol,South
160,3182,Seltos,45,947594,2022-04-06,Petrol,South
161,1200,Ertiga,37,2542845,2022-09-30,CNG,West
162,2863,City,170,2263247,2022-05-13,Petrol,West
163,1779,i20,44,1017654,2024-07-16,Diesel,West
164,3977,Creta,117,2828213,2022-03-30,Petrol,North
165,4104,Alto,38,762512,2023-11-16,CNG,Central
166,4119,Alto,99,2995261,2024-04-03,Hybrid,North
167,1502,Alto,124,1674025,2022-01-05,Diesel,North
168,3454,XUV700,6,538519,2022-12-23,Petrol,West
169,4645,Ertiga,68,2976272,2022-07-23,Diesel,South
170,2751,Ertiga,179,2648495,2023-04-16,Hybrid,East
171,1804,i20,101,2956243,2023-04-09,Petrol,South
172,3146,i20,163,2485589,2023-05-12,Diesel,South
173,3731,Ertiga,186,2189446,2023-12-03,CNG,South
174,2895,Seltos,185,1147405,2024-04-16,CNG,South
175,3773,i20,134,1027722,2022-03-04,Hybrid,North
176,2570,Seltos,13,2785517,2022-08-27,Hybrid,West
177,1960,Swift,187,2755332,2023-06-24,Hybrid,West
178,4810,Harrier,30,2553619,2022-07-17,Petrol,South
179,3660,City,100,2308277,2024-02-20,Hybrid,East
180,2485,i20,2,511414,2022-01-30,Petrol,Central
181,3690,Ertiga,58,443086,2023-10-28,Diesel,South
182,4840,Harrier,36,1005432,2023-08-23,CNG,South
183,2028,Harrier,72,1449214,2024-10-14,Diesel,East
184,4289,Baleno,173,1257111,2023-09-12,CNG,North
185,1502,Ertiga,137,1642582,2022-03-18,Hybrid,South
186,3814,City,126,1253192,2023-12-30,Diesel,East
187,1397,Ertiga,193,2544386,2024-03-24,Diesel,North
188,1870,i20,77,2298851,2023-12-09,Hybrid,North
189,3842,Creta,50,1103407,2022-09-25,Diesel,South
190,1392,Swift,32,1589389,2024-02-04,Petrol,North
191,1206,Seltos,98,2822300,2023-08-08,CNG,South
192,2038,Creta,43,1772209,2023-02-23,Hybrid,South
193,2881,Swift,125,2257999,2024-05-19,Petrol,West
194,4625,Creta,95,505711,2023-01-19,Petrol,Central
195,3939,Seltos,78,2217030,2024-03-13,Hybrid,Central
196,2484,XUV700,54,2030168,2023-05-25,Diesel,West
197,4762,Ertiga,47,2231246,2023-03-06,CNG,South
198,4646,Creta,14,2994440,2023-08-01,Petrol,East
199,1863,i20,176,2745286,2024-07-28,Diesel,North
200,3790,City,55,518778,2023-08-12,Hybrid,West
201,4312,Alto,157,2383479,2024-03-08,Hybrid,West
202,1563,i20,175,1481679,2023-01-07,CNG,West
203,2020,Seltos,63,1463906,2024-07-16,Hybrid,West
204,1095,City,19,1858256,2022-05-20,CNG,Central
205,2923,i20,91,1581782,2022-03-08,Hybrid,South
206,2757,Harrier,137,2723422,2024-10-11,Hybrid,West
207,3532,Ertiga,101,400184,2022-09-18,Petrol,West
208,4478,City,37,2986291,2024-08-31,Diesel,West
209,3278,Harrier,107,2618681,2023-09-19,Petrol,East
210,3796,i20,92,2415354,2023-08-02,CNG,East
211,2678,Swift,52,2210296,2024-10-18,Petrol,North
212,4242,Baleno,185,2552962,2023-10-01,Hybrid,South
213,1540,Swift,28,2051591,2023-02-14,Hybrid,West
214,2059,Ertiga,36,1437825,2024-04-12,Diesel,North
215,3572,City,116,2398814,2022-04-23,CNG,North
216,2183,City,64,1103844,2023-09-15,Hybrid,South
217,4910,Ertiga,18,2164499,2024-03-31,Diesel,East
218,2722,Harrier,89,480528,2024-04-19,Diesel,South
219,4314,Baleno,163,586185,2022-07-08,Hybrid,North
220,4157,i20,196,2681320,2022-10-04,Hybrid,South
221,2819,Seltos,78,1982997,2022-04-13,CNG,East
222,3625,Swift,167,2110341,2022-04-17,Diesel,North
223,3729,Swift,90,2396349,2024-01-27,Diesel,South
224,3604,Alto,8,2186346,2022-06-22,Diesel,West
225,2597,Baleno,15,2069857,2024-09-25,CNG,West
226,4060,Seltos,7,515742,2023-12-23,Diesel,South
227,3693,Swift,17,2224011,2024-04-10,Petrol,South
228,1795,Seltos,86,2445963,2022-08-13,Petrol,East
229,2051,i20,118,2805775,2022-05-14,Diesel,North
230,2643,City,64,1003672,2022-04-03,Petrol,South
231,4627,Seltos,12,1725146,2022-03-16,Petrol,North
232,2363,Swift,56,1169867,2024-01-26,CNG,West
233,4869,Harrier,174,1243855,2022-07-02,Diesel,North
234,2981,Baleno,175,2588099,2023-12-18,CNG,Central
235,2354,Ertiga,101,766014,2023-04-04,Diesel,East
236,2663,Creta,16,692881,2023-09-19,Hybrid,East
237,2529,XUV700,197,978613,2023-02-13,Petrol,North
238,3038,XUV700,2,1673440,2022-07-26,CNG,East
239,4419,Creta,128,2206106,2023-11-04,CNG,North
240,2496,Seltos,92,1268591,2024-10-09,Hybrid,North
241,4302,Baleno,105,1115597,2024-01-18,Hybrid,West
242,3237,Seltos,182,2955365,2022-09-30,Petrol,North
243,4296,Ertiga,155,1902651,2023-01-14,Petrol,East
244,2408,Baleno,31,2218165,2023-09-18,Diesel,Central
245,2400,Creta,169,1443030,2023-10-26,Diesel,South
246,2306,Seltos,164,1798507,2023-11-11,Hybrid,East
247,3680,Alto,47,1788963,2023-06-28,Petrol,Central
248,3675,Swift,43,422743,2024-01-03,Petrol,East
249,1972,Harrier,65,1243171,2022-04-01,Hybrid,Central
250,2768,City,50,1393830,2023-04-21,Hybrid,East
251,2282,Harrier,1,1431109,2023-12-27,CNG,South
252,4430,Ertiga,185,1660780,2023-06-18,Hybrid,West
253,1709,Seltos,144,2527491,2023-11-29,CNG,West
254,2479,i20,122,1482697,2024-05-29,Diesel,South
255,2434,Baleno,28,836211,2022-03-26,Hybrid,East
256,1648,Seltos,86,1369536,2023-08-15,Hybrid,Central
257,1317,Baleno,82,1490022,2024-04-20,Hybrid,North
258,4748,City,22,1575106,2022-03-18,CNG,East
259,4296,Alto,41,838894,2022-11-26,Hybrid,South
260,4890,Harrier,76,2490398,2023-01-18,Hybrid,West
261,2257,Swift,147,1338202,2023-01-12,Petrol,West
262,1683,City,89,1922044,2022-12-07,Petrol,East
263,1663,City,178,483404,2023-02-28,Petrol,Central
264,2998,Harrier,59,1758638,2022-06-23,Hybrid,South
265,4898,City,69,1545242,2023-02-10,Petrol,South
266,4445,i20,162,908594,2022-03-23,Diesel,Central
267,4743,i20,167,1636883,2022-01-21,Petrol,Central
268,2631,XUV700,123,1978989,2023-11-22,Hybrid,East
269,2495,XUV700,74,1687156,2024-10-06,Petrol,East
270,4304,i20,7,2151447,2023-02-02,Petrol,West
271,4763,Creta,101,1681660,2022-11-26,Petrol,West
272,2136,Alto,111,2788342,2022-08-13,Diesel,Central
273,2853,Baleno,180,2716520,2024-02-20,Diesel,North
274,2520,Alto,188,1833338,2024-06-12,CNG,North
275,3489,Ertiga,52,1982978,2023-03-14,Hybrid,North
276,1563,City,24,1449213,2022-08-11,Diesel,South
277,2291,Swift,26,2011498,2023-05-24,Diesel,East
278,4581,City,125,750857,2023-09-09,Diesel,Central
279,4878,Alto,90,2008640,2024-08-16,Hybrid,West
280,4457,i20,122,2127536,2023-08-27,CNG,North
281,4458,Harrier,10,1399291,2024-10-31,Hybrid,West
282,4184,Ertiga,17,852685,2022-06-01,Petrol,East
283,2636,i20,2,477185,2022-07-08,CNG,Central
284,4696,Alto,112,1853672,2024-08-17,Petrol,North
285,3999,Harrier,27,1704862,2023-11-07,Diesel,North
286,4152,Swift,71,1112515,2023-09-30,Hybrid,Central
287,1698,Alto,176,778337,2022-07-30,Petrol,West
288,3160,Baleno,118,2060626,2022-12-05,CNG,East
289,1001,Seltos,9,506745,2022-02-16,Petrol,East
290,1641,Harrier,86,1776036,2024-03-30,Petrol,East
291,3267,Alto,23,995144,2024-09-01,Diesel,West
292,2589,i20,199,2374807,2024-04-16,Petrol,West
293,1854,Baleno,73,1394764,2024-08-09,Petrol,North
294,2759,Creta,27,2798507,2023-08-21,Diesel,West
295,4296,Harrier,93,1796189,2022-06-19,CNG,South
296,3432,Baleno,81,2313938,2024-04-18,Diesel,Central
297,4474,i20,84,2800713,2024-03-06,Petrol,West
298,2661,Alto,199,2691051,2024-08-16,Hybrid,East
299,2153,City,43,1348941,2024-03-25,Diesel,West
300,2076,Swift,7,1206951,2022-12-08,Diesel,North
301,2707,City,92,1435603,2022-02-17,Petrol,Central
302,3777,Seltos,83,1290987,2022-12-30,Hybrid,Central
303,2695,Baleno,191,772027,2023-12-26,CNG,East
304,2733,Seltos,84,648945,2022-05-18,Hybrid,Central
305,2439,Swift,44,2647846,2022-12-21,Diesel,South
306,3294,Baleno,167,1964932,2024-03-21,Hybrid,Central
307,1835,XUV700,40,2207977,2023-12-13,CNG,East
308,4510,i20,135,2572127,2022-02-28,Hybrid,Central
309,1202,Baleno,198,460666,2024-02-10,Hybrid,West
310,4255,i20,25,2860173,2023-01-24,Hybrid,North
311,1122,City,59,1766725,2024-04-25,Diesel,West
312,1400,Ertiga,141,2080589,2024-05-18,Petrol,South
313,1766,Harrier,103,542475,2022-12-05,Petrol,South
314,1293,Ertiga,86,984765,2024-01-27,Hybrid,North
315,3327,Alto,112,1286837,2023-08-19,Diesel,North
316,4908,Harrier,86,1954777,2023-03-12,Diesel,North
317,3931,Harrier,98,2037899,2023-01-12,Diesel,North
318,4681,Creta,62,2136839,2023-01-26,Petrol,Central
319,1197,Harrier,8,885705,2023-04-26,Diesel,West
320,4029,Swift,113,718952,2024-03-31,Hybrid,South
321,2930,Ertiga,173,2620883,2022-04-24,Petrol,Central
322,4582,City,146,754000,2024-02-13,Diesel,North
323,3799,i20,60,2540050,2022-06-21,Hybrid,East
324,3191,Alto,60,1921267,2022-01-18,Petrol,East
325,1608,Harrier,106,761116,2022-08-23,Diesel,West
326,4272,Alto,2,1902224,2023-12-24,CNG,South
327,2147,City,194,1915788,2022-10-08,Hybrid,South
328,1186,Alto,91,851420,2024-04-10,CNG,West
329,4397,City,14,2899041,2023-02-22,Petrol,North
330,3511,Harrier,48,1222590,2022-10-11,Diesel,North
331,4420,City,103,868205,2023-08-08,Hybrid,South
332,2794,Harrier,56,1988768,2023-09-14,Hybrid,South
333,1659,Creta,12,1573788,2022-08-09,Hybrid,South
334,3811,Creta,55,1070756,2022-01-09,CNG,North
335,4002,City,156,1440486,2024-04-11,Diesel,East
336,2955,Creta,110,2722130,2023-01-10,Diesel,West
337,3450,i20,4,1536045,2023-06-18,Diesel,West
338,2369,i20,36,759140,2023-12-03,CNG,Central
339,2986,Creta,178,2524420,2024-04-11,Petrol,Central
340,2534,Creta,131,2561788,2024-02-16,CNG,East
341,1146,XUV700,1,1345751,2024-07-28,Petrol,South
342,4219,XUV700,17,2883057,2023-03-23,CNG,East
343,3911,Harrier,199,2192606,2023-11-11,Diesel,Central
344,2734,City,62,1202717,2022-12-10,Diesel,Central
345,2843,Seltos,48,617975,2023-03-01,Diesel,West
346,1488,Seltos,62,1472712,2023-09-17,CNG,East
347,3976,Creta,69,1377882,2022-11-02,Hybrid,North
348,2959,Alto,147,1997289,2022-05-28,CNG,Central
349,2663,Creta,103,1936793,2024-04-28,Petrol,West
350,3598,XUV700,110,1613091,2024-01-02,CNG,South
351,3385,Harrier,162,2834705,2023-03-30,Petrol,East
352,3919,Creta,177,2601401,2024-07-26,CNG,Central
353,1640,Ertiga,175,1474428,2022-02-02,Hybrid,North
354,2802,Alto,91,1947824,2024-09-10,Hybrid,Central
355,3520,Ertiga,114,1697984,2023-01-26,Diesel,North
356,2969,Harrier,178,2504283,2022-12-23,Hybrid,East
357,3198,Harrier,89,1138592,2023-07-27,CNG,North
358,2438,i20,154,2108035,2023-04-09,Hybrid,North
359,4369,Baleno,56,954868,2024-07-18,Diesel,West
360,2634,Ertiga,78,1542776,2022-04-09,CNG,East
361,1262,i20,14,2578270,2022-05-28,Petrol,Central
362,2787,XUV700,25,1999333,2023-07-24,CNG,South
363,3191,Swift,132,2300187,2023-12-28,Diesel,East
364,3393,Alto,32,2482053,2024-09-28,Hybrid,East
365,1623,Swift,82,948524,2022-10-30,Hybrid,South
366,2016,City,78,2782726,2022-01-04,CNG,Central
367,4643,XUV700,193,2279415,2024-02-17,Petrol,West
368,1880,XUV700,106,483299,2022-04-17,Petrol,Central
369,3049,Swift,189,1825216,2022-03-16,Petrol,South
370,3944,Ertiga,20,2317573,2023-10-01,Petrol,Central
371,2327,Baleno,74,1899159,2023-11-26,CNG,East
372,3301,Ertiga,10,2108588,2022-03-14,Hybrid,West
373,4723,Swift,123,2978391,2023-07-06,Petrol,North
374,1452,City,34,527845,2024-09-03,CNG,Central
375,4108,Ertiga,189,2373164,2022-04-06,CNG,North
376,2183,Seltos,155,1108636,2024-06-02,CNG,West
377,4062,Ertiga,40,2184164,2022-10-04,Petrol,North
378,3056,Harrier,193,1582303,2022-09-16,Petrol,Central
379,4304,i20,127,2948120,2022-02-15,CNG,South
380,4170,Alto,33,1030025,2022-12-12,CNG,East
381,2682,Ertiga,196,1627318,2024-04-26,CNG,East
382,3863,Baleno,71,699615,2024-06-13,Hybrid,North
383,3255,Baleno,137,1497338,2022-08-21,Hybrid,East
384,2154,Ertiga,144,2662531,2022-02-20,Diesel,East
385,1403,Creta,133,1073346,2023-10-27,Diesel,South
386,3199,XUV700,98,746768,2023-03-27,Petrol,North
387,3101,Ertiga,124,732744,2022-12-17,Hybrid,South
388,4191,XUV700,151,2347100,2023-10-11,Diesel,South
389,2696,Seltos,43,1042624,2024-05-27,CNG,West
390,4991,Swift,114,1405236,2023-08-06,CNG,North
391,1627,Seltos,89,2827320,2022-09-02,Petrol,South
392,1586,Ertiga,185,1539304,2023-07-04,Petrol,Central
393,2648,Baleno,179,1215329,2023-12-29,Diesel,East
394,2443,Creta,13,547483,2023-10-01,CNG,North
395,2445,City,128,2557551,2023-08-07,Petrol,West
396,1103,XUV700,152,2723426,2022-08-14,Petrol,South
397,4923,i20,139,1948303,2024-04-06,Hybrid,Central
398,1253,XUV700,52,460692,2023-03-17,Diesel,East
399,4298,Harrier,17,2423756,2023-02-16,Petrol,East
400,4183,Alto,165,2116706,2024-03-24,Diesel,Central
401,3557,Ertiga,13,2570665,2022-09-03,CNG,North
402,2496,Seltos,190,2403509,2023-08-06,Diesel,East
403,1098,i20,84,2987935,2023-05-15,Petrol,East
404,3200,Baleno,97,1835761,2024-09-08,Hybrid,East
405,2884,Baleno,106,1901221,2023-07-04,Diesel,South
406,3961,Baleno,96,2698309,2022-04-27,Diesel,South
407,2919,City,8,1337841,2022-07-23,CNG,East
408,1877,Harrier,56,755045,2022-12-17,Hybrid,West
409,1337,Baleno,104,2190117,2022-11-15,Diesel,East
410,4777,Baleno,83,1168693,2024-07-28,Hybrid,North
411,3869,Ertiga,198,1604155,2023-05-04,Petrol,West
412,4234,Harrier,44,983884,2022-04-17,Hybrid,North
413,4791,Creta,188,2567661,2023-10-16,Petrol,Central
414,1956,Creta,103,410086,2022-06-21,CNG,Central
415,2704,Harrier,112,1400780,2023-06-03,CNG,South
416,1160,Alto,169,2850350,2024-08-15,CNG,South
417,2603,City,149,1315360,2024-03-23,Petrol,South
418,3848,i20,42,2723714,2023-06-12,Diesel,Central
419,1397,XUV700,157,1199129,2022-11-16,Petrol,North
420,2300,Ertiga,193,885685,2023-05-14,Hybrid,West
421,1815,Swift,145,616769,2022-09-22,Hybrid,South
422,4987,Creta,30,2310232,2024-06-26,Petrol,Central
423,2527,Harrier,26,1799726,2023-02-06,CNG,South
424,2919,i20,181,1223681,2024-09-13,CNG,East
425,2415,Harrier,125,2914217,2023-08-25,Hybrid,West
426,2158,XUV700,19,2788372,2024-08-09,Hybrid,North
427,2218,i20,53,1088484,2022-08-06,Diesel,South
428,1400,Creta,85,748128,2022-11-26,Diesel,East
429,1639,Baleno,17,1519611,2022-07-05,Diesel,East
430,4104,Harrier,174,1452417,2022-07-28,Hybrid,West
431,3735,Swift,104,1755610,2022-10-15,Diesel,Central
432,1459,Creta,181,1838447,2022-03-29,Hybrid,Central
433,1954,Seltos,105,949690,2024-09-29,Hybrid,South
434,4954,Swift,104,2223957,2022-05-16,Petrol,South
435,1469,Alto,192,773857,2022-06-07,Diesel,Central
436,4446,City,173,1406095,2024-03-04,Petrol,North
437,2045,Creta,177,1816083,2024-07-08,Petrol,North
438,3797,Baleno,147,2170137,2022-06-04,Diesel,East
439,2693,Creta,124,497807,2022-08-08,Hybrid,West
440,3085,XUV700,199,1209669,2022-11-18,Hybrid,North
441,3277,i20,81,1935595,2023-11-22,Hybrid,South
442,4436,Harrier,193,2704534,2024-04-20,Diesel,North
443,1562,i20,37,2890921,2023-05-27,Hybrid,West
444,3485,i20,121,1069220,2022-03-28,Petrol,South
445,2799,Creta,70,1014727,2022-10-02,CNG,West
446,4354,XUV700,154,1717765,2022-05-21,Diesel,Central
447,3074,Harrier,130,2834212,2023-09-17,CNG,West
448,1225,Harrier,59,456435,2024-07-04,Petrol,West
449,4348,i20,118,2595605,2022-12-19,CNG,West
450,1797,Alto,133,1451429,2024-10-25,Petrol,South
451,4680,City,37,2048528,2023-01-17,CNG,West
452,3331,XUV700,31,510884,2023-04-20,CNG,West
453,3926,Alto,99,448022,2024-07-16,Hybrid,East
454,1959,Ertiga,94,2793020,2022-01-30,CNG,South
455,2504,Ertiga,176,1197872,2024-07-10,Petrol,West
456,1452,Swift,6,823500,2023-08-17,Petrol,North
457,4067,i20,15,1853438,2023-05-08,Petrol,West
458,4900,Harrier,143,2582846,2023-05-10,Diesel,North
459,1815,Creta,189,807558,2023-01-23,Petrol,Central
460,1658,Harrier,16,1945109,2024-05-22,Diesel,Central
461,4587,Harrier,20,595333,2024-04-14,Petrol,South
462,1546,Baleno,77,1707580,2023-09-22,Diesel,South
463,2215,Harrier,44,795151,2024-07-27,CNG,Central
464,4120,Swift,170,889218,2022-01-30,CNG,South
465,4583,Alto,46,2408456,2023-09-15,Petrol,North
466,1016,Ertiga,95,2443220,2024-03-17,Diesel,North
467,4243,Harrier,162,2454749,2022-12-08,Hybrid,East
468,2243,Harrier,64,2089053,2024-09-27,Hybrid,South
469,3205,Baleno,157,2591355,2022-09-01,Hybrid,South
470,3524,XUV700,131,1635369,2022-08-09,CNG,East
471,2069,Creta,9,1418281,2023-01-08,CNG,West
472,4444,XUV700,153,1713558,2023-06-15,Diesel,North
473,3565,Creta,42,2139266,2022-08-03,Petrol,West
474,3146,City,174,2075074,2023-01-02,CNG,East
475,4963,Harrier,73,1548742,2022-04-24,Petrol,South
476,2768,Baleno,84,2195811,2022-01-25,Hybrid,West
477,2060,Seltos,59,2527536,2024-07-22,Hybrid,South
478,3327,i20,21,707522,2023-09-03,Petrol,East
479,4420,Ertiga,150,1818038,2024-05-07,Diesel,Central
480,3544,Alto,157,825859,2024-10-23,Hybrid,South
481,1301,Ertiga,63,2907294,2024-06-16,Diesel,West
482,1180,Alto,73,1472228,2024-02-12,Hybrid,West
483,1606,City,61,2055668,2023-03-21,CNG,East
484,4170,XUV700,64,2689854,2022-01-20,Hybrid,West
485,1699,Swift,69,436417,2024-03-16,Diesel,North
486,1992,Harrier,168,527390,2022-05-08,CNG,South
487,2139,Seltos,129,2937262,2022-12-24,Hybrid,North
488,1190,Alto,106,2822549,2024-05-30,CNG,East
489,3300,i20,65,1628489,2024-07-05,CNG,North
490,1980,Alto,122,714867,2023-05-25,Hybrid,North
491,3975,Swift,62,2648541,2023-03-20,Petrol,South
492,3006,Ertiga,182,1101485,2024-02-18,Petrol,South
493,2184,Baleno,103,1529717,2022-09-09,Diesel,Central
494,4327,Ertiga,60,1294208,2023-02-25,Diesel,North
495,4394,City,46,1847832,2022-03-02,Hybrid,South
496,1127,Baleno,5,446652,2023-08-02,CNG,North
497,3065,Ertiga,113,2465512,2023-08-02,CNG,North
498,2816,i20,150,516048,2023-10-02,Petrol,East
499,2758,Ertiga,181,460941,2022-04-21,Petrol,East
500,3613,i20,70,1273772,2023-05-06,CNG,North
501,1569,i20,160,1785548,2022-02-03,CNG,East
502,2346,Baleno,11,2654334,2022-07-31,Diesel,South
503,2895,XUV700,138,2895717,2022-05-05,CNG,North
504,3733,Creta,167,1610022,2024-06-12,CNG,East
505,4863,Harrier,98,2843841,2022-11-27,Hybrid,South
506,1625,Alto,31,772767,2023-02-16,CNG,North
507,4359,Creta,12,2015455,2024-07-22,Petrol,North
508,3901,Swift,108,793273,2023-10-26,Petrol,East
509,2686,XUV700,80,2224472,2023-08-26,Diesel,South
510,4009,Creta,166,2823874,2022-01-26,Diesel,North
511,4710,Baleno,67,2343505,2023-10-31,Hybrid,North
512,1154,Swift,194,2647345,2023-08-07,Diesel,Central
513,3537,Seltos,52,2764789,2023-01-15,CNG,North
514,2409,XUV700,133,1184118,2023-01-04,CNG,Central
515,1784,Creta,139,2040682,2022-07-28,Hybrid,Central
516,4175,Swift,25,2716930,2022-01-25,Petrol,South
517,4464,Seltos,35,1712151,2023-06-30,CNG,West
518,4882,Ertiga,163,855457,2022-10-02,CNG,Central
519,1245,Swift,22,1362798,2024-05-23,Hybrid,South
520,4247,Baleno,165,1024367,2022-08-10,Petrol,East
521,4110,Ertiga,183,1179558,2024-05-24,Diesel,Central
522,2500,Baleno,96,617199,2022-08-06,CNG,West
523,2705,Creta,117,1087843,2022-04-21,Petrol,East
524,3806,Harrier,192,1741915,2024-03-26,Hybrid,Central
525,1537,Creta,20,1179568,2023-12-09,Hybrid,Central
526,2890,Ertiga,106,1158049,2022-05-27,Petrol,West
527,2841,i20,4,553807,2023-07-06,Hybrid,North
528,1920,Creta,18,1714694,2022-05-14,Diesel,West
529,3455,Ertiga,51,2732433,2023-04-09,Petrol,South
530,1524,Swift,196,2485445,2024-05-13,Diesel,South
531,3875,City,20,764913,2023-04-01,Hybrid,West
532,2529,Creta,122,2058086,2024-10-25,Diesel,West
533,3950,Swift,137,1357217,2023-04-05,Diesel,West
534,4896,Baleno,80,2999730,2022-05-19,Diesel,West
535,1035,XUV700,154,2509788,2023-09-10,Diesel,West
536,1684,Harrier,102,1745790,2023-11-11,Petrol,Central
537,1019,Baleno,25,2264131,2024-08-18,Hybrid,East
538,3368,Baleno,196,2919128,2023-08-22,Hybrid,South
539,4847,Ertiga,169,929254,2023-08-19,CNG,South
540,3559,i20,59,1794682,2022-01-11,Diesel,East
541,1399,Alto,45,1003986,2022-11-23,Diesel,West
542,3701,City,41,1857850,2023-01-14,CNG,East
543,1971,i20,38,2737427,2022-08-19,CNG,West
544,2906,Ertiga,117,1451574,2023-09-10,Diesel,South
545,3518,Harrier,19,1297465,2024-02-04,Hybrid,North
546,2166,City,14,1436325,2022-02-18,CNG,South
547,2115,City,127,565720,2023-03-27,Diesel,South
548,4425,Ertiga,149,1264465,2023-05-06,Hybrid,North
549,1833,Seltos,143,2111463,2023-02-11,Petrol,East
550,2823,Baleno,3,1290432,2022-06-24,CNG,Central
551,3774,XUV700,37,2107008,2023-04-25,CNG,West
552,2982,Seltos,117,805234,2022-08-11,Hybrid,West
553,1853,Ertiga,174,2501628,2022-09-26,Petrol,South
554,1050,Seltos,16,1607130,2024-03-20,Hybrid,North
555,4736,XUV700,142,2690737,2024-06-11,CNG,South
556,4769,Ertiga,9,617483,2024-06-19,Petrol,South
557,1574,Ertiga,7,1202651,2024-07-07,Diesel,East
558,4261,City,142,1741168,2022-11-14,CNG,West
559,2148,Seltos,134,873119,2023-01-20,Hybrid,Central
560,3197,Swift,15,1193287,2023-09-18,Hybrid,North
561,3361,Creta,180,1898345,2023-10-05,Hybrid,Central
562,3617,Ertiga,72,2959001,2023-12-05,Hybrid,North
563,4413,Seltos,162,1624233,2022-11-01,Hybrid,West
564,3352,Alto,104,553016,2024-04-21,CNG,East
565,2715,Harrier,129,1535969,2023-05-26,Petrol,Central
566,1681,Alto,96,1106757,2022-06-12,Hybrid,North
567,1837,Seltos,122,942358,2024-01-08,Hybrid,South
568,4854,Baleno,115,2553842,2022-12-07,Diesel,West
569,2077,Baleno,197,1145371,2024-07-20,Diesel,East
570,4050,Seltos,148,985422,2023-06-14,Petrol,South
571,3491,City,80,2949807,2022-02-03,CNG,East
572,3660,City,7,2790785,2024-09-24,CNG,North
573,4040,Ertiga,135,1471754,2022-11-19,Petrol,South
574,3311,XUV700,50,1627450,2022-12-13,Petrol,East
575,4124,Creta,130,1511354,2023-12-22,Petrol,West
576,2595,Ertiga,47,2685943,2022-09-02,Hybrid,Central
577,4051,Alto,14,1351077,2023-11-09,CNG,Central
578,4691,Creta,31,2924056,2024-07-03,Petrol,South
579,1004,Alto,50,1035754,2023-12-24,Diesel,West
580,2126,City,189,518292,2024-09-30,Hybrid,West
581,2219,Seltos,41,2463145,2022-05-13,Hybrid,East
582,1773,XUV700,14,2334755,2024-06-28,Hybrid,South
583,1876,Alto,133,636424,2022-02-18,Hybrid,West
584,1991,City,5,446475,2022-08-01,Petrol,East
585,3931,XUV700,192,2400058,2022-04-29,Hybrid,West
586,4421,Ertiga,157,1609325,2024-05-05,Diesel,South
587,1046,Seltos,5,1399044,2024-01-31,Diesel,West
588,3914,Harrier,113,2507424,2023-11-10,Petrol,West
589,3870,Baleno,118,508644,2024-06-13,Hybrid,West
590,3983,i20,96,606308,2022-10-07,Diesel,Central
591,4891,XUV700,36,2735109,2023-02-28,CNG,North
592,3703,Harrier,79,821841,2022-12-29,Hybrid,South
593,1268,Harrier,19,780457,2024-10-17,Petrol,Central
594,1369,XUV700,192,2096814,2022-11-10,CNG,North
595,1635,Harrier,22,2946846,2024-02-09,Hybrid,West
596,2129,Alto,162,1942666,2022-09-29,CNG,West
597,2693,Harrier,56,944409,2022-12-09,Hybrid,Central
598,2682,City,17,2822938,2022-12-12,Hybrid,East
599,1656,Creta,184,1735634,2022-08-21,Diesel,South
600,1119,Alto,17,2875960,2024-09-16,CNG,North
601,1830,Harrier,146,467258,2023-07-30,CNG,West
602,2810,Ertiga,173,1509139,2023-02-20,Petrol,South
603,4675,Baleno,78,2678274,2024-06-23,Petrol,West
604,2081,Seltos,56,1249039,2022-09-24,CNG,West
605,2974,Harrier,80,2562790,2024-09-23,Diesel,West
606,2369,Swift,50,2231004,2024-01-14,Diesel,South
607,1740,Baleno,58,1849245,2024-06-29,Hybrid,Central
608,4545,Ertiga,18,1163303,2023-03-19,Petrol,South
609,1116,City,135,2312768,2023-07-14,Petrol,South
610,2853,Harrier,76,1323676,2022-03-17,Petrol,East
611,3838,City,10,1204350,2022-09-04,Hybrid,East
612,2150,Harrier,69,1807847,2023-08-03,Diesel,Central
613,4464,i20,85,1069037,2022-11-09,Petrol,East
614,2931,Creta,131,2763866,2023-07-30,Hybrid,Central
615,2012,City,83,1853447,2022-12-09,CNG,West
616,2664,Creta,109,2726962,2023-12-16,Diesel,West
617,2081,Baleno,44,2545059,2024-09-10,CNG,South
618,1633,i20,198,2259638,2023-12-27,Petrol,West
619,1512,Seltos,142,2833954,2023-09-24,Hybrid,East
620,4822,Alto,132,446371,2023-02-03,Diesel,North
621,3849,Creta,18,1328495,2023-12-15,Petrol,South
622,2119,i20,93,949175,2024-07-12,Diesel,Central
623,4709,Creta,180,938147,2022-10-19,Hybrid,West
624,2141,XUV700,38,1341144,2022-02-23,Hybrid,South
625,1559,Ertiga,148,884284,2024-09-09,Petrol,South
626,4672,Seltos,172,897981,2023-04-22,Diesel,South
627,1487,Ertiga,51,2681459,2022-01-22,Hybrid,West
628,4308,Harrier,19,1946092,2023-11-26,Diesel,Central
629,4956,Creta,120,896372,2022-06-09,Diesel,South
630,1896,Harrier,68,2237520,2024-06-28,CNG,South
631,4343,Swift,66,1267414,2023-06-14,Petrol,South
632,2212,Creta,141,1208344,2022-04-11,Petrol,West
633,1703,i20,190,1044927,2022-12-09,Diesel,East
634,2470,Seltos,189,566587,2023-08-02,CNG,Central
635,1580,Harrier,158,2905784,2024-02-29,Diesel,South
636,3837,Creta,98,2180446,2024-04-24,Petrol,South
637,3908,Swift,158,574847,2022-05-05,Petrol,South
638,3294,Ertiga,179,764211,2024-06-08,Diesel,West
639,4147,i20,88,1854823,2023-10-31,Diesel,East
640,1153,XUV700,176,639891,2023-05-18,Diesel,South
641,2679,Creta,33,1035136,2022-06-22,Petrol,South
642,4506,XUV700,105,1778284,2024-06-05,Diesel,West
643,1996,Baleno,74,1045209,2022-04-30,Diesel,Central
644,4157,Seltos,82,1597961,2022-09-30,Hybrid,Central
645,3744,Creta,19,2742550,2024-07-01,Petrol,East
646,4356,City,71,2834482,2024-05-25,Diesel,Central
647,2243,Swift,57,2719984,2024-05-07,CNG,South
648,2092,Harrier,147,1899543,2022-09-18,Petrol,West
649,4118,City,79,1763212,2022-10-05,Diesel,South
650,2008,Baleno,169,1741084,2022-04-03,Diesel,South
651,3141,Seltos,42,1860153,2024-08-16,Hybrid,East
652,2773,Ertiga,180,1554906,2024-04-02,Hybrid,Central
653,1957,i20,116,1872862,2022-05-08,Petrol,Central
654,4059,XUV700,4,1552298,2023-06-16,Hybrid,Central
655,1452,Baleno,4,2527006,2024-02-12,Hybrid,South
656,2227,Harrier,5,1545318,2022-06-16,Petrol,West
657,3959,i20,41,1043913,2024-04-10,CNG,West
658,3265,Ertiga,108,2002519,2022-08-24,Diesel,South
659,3521,Harrier,87,829581,2022-07-10,Diesel,North
660,3479,Swift,104,1925090,2023-10-19,Hybrid,South
661,3388,XUV700,117,1678881,2023-09-05,Diesel,Central
662,1550,City,101,521232,2022-09-12,Hybrid,South
663,2635,Creta,189,2774751,2024-08-30,Petrol,North
664,2312,Baleno,75,1143106,2023-10-11,Petrol,South
665,4325,Creta,183,2104910,2022-04-16,Petrol,Central
666,2757,i20,75,1199111,2022-07-11,Diesel,East
667,1356,Creta,13,1641439,2024-09-29,Hybrid,West
668,3070,City,142,2524581,2022-06-24,Hybrid,North
669,2785,Alto,188,680217,2023-09-27,Diesel,East
670,3569,i20,25,994495,2022-03-26,Petrol,West
671,2781,XUV700,115,2527517,2024-08-05,CNG,East
672,4908,Harrier,172,1167263,2023-12-29,Hybrid,South
673,4171,XUV700,82,1952906,2022-03-11,Hybrid,South
674,3849,Creta,10,2603809,2022-06-03,Diesel,West
675,4251,Seltos,199,1456360,2024-02-04,CNG,West
676,4294,i20,50,1823249,2022-09-28,Petrol,South
677,4977,Harrier,172,1416466,2023-06-25,Hybrid,South
678,3809,Ertiga,142,1680849,2023-07-25,Diesel,West
679,4730,Swift,15,651428,2022-05-29,CNG,West
680,3489,XUV700,16,2640515,2022-01-10,Diesel,West
681,2631,XUV700,2,2974830,2023-10-06,CNG,Central
682,3816,i20,158,1212586,2022-03-03,Diesel,Central
683,2015,Seltos,30,2260658,2024-02-13,CNG,South
684,2348,Creta,82,633420,2023-06-12,Hybrid,Central
685,1515,Creta,31,2795497,2023-03-21,CNG,North
686,4087,i20,77,2929847,2022-01-17,Petrol,South
687,3839,XUV700,148,1521496,2023-01-04,Hybrid,North
688,1335,Harrier,177,613869,2023-11-15,Petrol,East
689,2782,Swift,114,861811,2024-06-26,Hybrid,North
690,3305,i20,35,1144287,2023-08-06,CNG,East
691,1496,Harrier,23,1530027,2022-09-12,Hybrid,North
692,1895,Harrier,106,2486030,2023-04-01,Diesel,East
693,3207,Ertiga,97,2209753,2023-10-05,CNG,East
694,4546,City,115,1822889,2023-07-15,Diesel,South
695,1851,Alto,100,499978,2023-06-17,Diesel,West
696,2687,Swift,189,1491144,2022-11-16,Diesel,West
697,2931,Baleno,55,2412826,2022-08-08,Diesel,South
698,3737,Seltos,195,2398069,2023-11-30,Petrol,East
699,4746,Alto,8,1104825,2022-02-01,CNG,West
700,3427,Ertiga,168,1116743,2023-12-16,Diesel,West
701,2568,Swift,59,2797948,2024-01-24,Petrol,North
702,1956,Creta,128,1925524,2023-02-13,Hybrid,Central
703,3738,Alto,32,484244,2024-04-07,Diesel,South
704,4498,Creta,93,2903751,2022-06-22,Diesel,Central
705,2636,Seltos,7,722233,2024-07-24,Petrol,East
706,2291,Creta,2,2494604,2023-12-08,Hybrid,North
707,4906,Seltos,85,1475016,2024-09-02,Hybrid,West
708,4648,Swift,134,1142126,2024-02-22,Petrol,North
709,2440,XUV700,106,1150550,2022-05-12,Diesel,South
710,2191,Seltos,36,2644835,2023-10-25,CNG,East
711,4913,Harrier,160,2691707,2022-12-25,Petrol,North
712,2066,Baleno,45,1864249,2024-01-30,CNG,North
713,4627,Baleno,42,2376336,2022-06-14,Diesel,North
714,1284,i20,53,1372360,2023-12-18,Diesel,West
715,3444,Baleno,110,1424011,2023-03-03,Hybrid,East
716,1011,i20,9,761970,2023-11-08,Diesel,West
717,2630,Baleno,87,2071859,2023-05-03,Hybrid,North
718,4373,Seltos,114,2302283,2022-08-01,Hybrid,West
719,4969,Harrier,75,1071813,2024-02-05,Diesel,West
720,4324,XUV700,177,1295176,2022-06-06,Hybrid,South
721,3546,Creta,130,2516659,2023-03-11,Diesel,Central
722,1753,Ertiga,195,1134756,2024-04-21,Hybrid,Central
723,3082,Baleno,11,2190580,2023-10-07,Hybrid,South
724,3774,XUV700,50,866401,2022-11-08,Diesel,South
725,3896,XUV700,163,1941383,2022-05-07,CNG,West
726,1089,Seltos,122,1723913,2023-01-12,Petrol,West
727,1775,Swift,143,889774,2022-08-13,Diesel,East
728,3652,Swift,75,1807912,2023-05-12,Hybrid,Central
729,4993,Baleno,31,1162431,2023-04-18,Petrol,West
730,4017,Ertiga,92,1136809,2023-04-20,CNG,East
731,2625,Baleno,190,721660,2022-08-05,Diesel,Central
732,4069,Baleno,156,1610340,2022-07-15,Hybrid,East
733,1417,i20,153,433512,2022-07-20,Hybrid,East
734,1114,Harrier,92,2393729,2023-01-01,Diesel,South
735,1616,Harrier,153,1460978,2023-12-20,Hybrid,North
736,4974,Ertiga,75,2337888,2023-02-04,Petrol,North
737,4267,i20,92,1044052,2023-08-13,Hybrid,North
738,1825,XUV700,129,2742891,2022-08-02,Petrol,East
739,4572,i20,187,1479626,2022-12-07,Petrol,West
740,2649,Baleno,197,450093,2024-08-16,Diesel,North
741,2516,Swift,42,405050,2022-04-29,Hybrid,West
742,4146,Alto,110,1233148,2024-04-15,Petrol,Central
743,1412,Ertiga,162,2612607,2024-04-21,Hybrid,North
744,4447,XUV700,194,2892806,2024-05-16,Petrol,East
745,4491,Seltos,18,916929,2024-08-02,CNG,South
746,1728,Alto,77,971719,2023-02-06,Diesel,East
747,4348,Alto,133,1424627,2024-06-01,Diesel,West
748,4068,i20,20,678904,2023-07-20,Diesel,Central
749,3808,Creta,194,2120409,2023-02-28,Petrol,East
750,1675,Alto,127,443815,2022-04-28,CNG,South
751,4465,Baleno,75,2060850,2023-01-03,Petrol,South
752,2892,City,62,2522786,2023-09-22,Diesel,Central
753,3504,Swift,32,1346152,2022-05-28,Petrol,North
754,3967,Swift,186,2196648,2022-05-30,Diesel,East
755,3239,City,178,2099963,2024-03-26,Hybrid,East
756,3786,Harrier,166,2950565,2022-09-13,Petrol,South
757,4760,Baleno,183,2511722,2022-03-23,Hybrid,West
758,2122,Seltos,28,1746143,2022-01-16,Petrol,East
759,2571,Alto,74,2577415,2024-06-19,Diesel,South
760,1977,Harrier,81,2139721,2022-07-12,Hybrid,West
761,2008,Baleno,22,512446,2023-12-24,Petrol,North
762,3143,i20,171,1118166,2024-08-30,Diesel,North
763,2687,Swift,164,1243395,2024-08-08,Petrol,South
764,3710,Harrier,96,1947439,2023-06-20,Hybrid,South
765,4261,Ertiga,122,434341,2022-12-09,Petrol,North
766,4807,Alto,123,929885,2023-01-30,Petrol,South
767,1036,Alto,52,2983016,2024-07-31,Hybrid,Central
768,4851,Seltos,164,1852036,2022-09-15,Diesel,East
769,4440,Creta,156,1555703,2022-02-22,Petrol,Central
770,4766,Ertiga,78,1524165,2023-10-13,Petrol,West
771,2548,Alto,186,2918896,2022-09-28,CNG,South
772,3326,XUV700,164,2318975,2022-07-20,CNG,South
773,3264,Ertiga,70,531607,2023-01-31,Diesel,West
774,3914,Alto,137,595984,2023-01-13,Hybrid,East
775,1872,City,21,1389921,2023-11-07,Diesel,North
776,2821,Ertiga,64,970073,2023-06-19,Diesel,Central
777,2296,Baleno,76,2867067,2024-07-11,Diesel,East
778,4952,Ertiga,61,2888322,2023-02-02,Petrol,North
779,3109,Seltos,95,1943169,2024-05-16,Petrol,North
780,1595,i20,40,907483,2023-07-15,Diesel,South
781,2903,i20,184,2956929,2022-07-09,Diesel,West
782,1728,i20,4,596166,2022-07-24,CNG,South
783,2365,Baleno,31,2452563,2024-08-25,Hybrid,West
784,1396,Harrier,155,2292552,2022-02-13,Diesel,South
785,1698,i20,186,2108339,2024-09-30,CNG,Central
786,4090,Swift,153,2156446,2024-10-15,Diesel,South
787,3224,Baleno,69,1405565,2023-10-02,Hybrid,Central
788,2635,Harrier,70,2502169,2024-09-20,Diesel,East
789,1395,Swift,5,1618851,2023-12-02,Hybrid,East
790,3492,Swift,115,1111833,2023-12-14,Petrol,South
791,4304,Swift,91,583195,2023-09-29,Hybrid,East
792,4986,XUV700,8,710404,2024-03-14,Diesel,North
793,1075,Seltos,9,445938,2022-11-07,CNG,Central
794,1264,Seltos,15,589001,2024-05-27,Petrol,West
795,3502,Baleno,105,2339128,2024-05-06,CNG,Central
796,2819,Swift,7,568444,2022-10-01,Diesel,South
797,1717,City,72,2336736,2023-06-15,Petrol,East
798,3782,Ertiga,115,1108612,2022-01-17,CNG,East
799,4455,Harrier,15,2773924,2023-12-19,Diesel,North
800,4635,Seltos,165,2882535,2023-04-15,CNG,East
801,1850,i20,83,2476245,2024-03-21,Hybrid,South
802,4577,Baleno,39,2396211,2023-07-09,Hybrid,South
803,2390,Harrier,134,2092210,2022-04-03,Diesel,West
804,1143,Baleno,57,730492,2024-05-31,CNG,Central
805,1884,City,92,760492,2023-08-01,Diesel,Central
806,4140,XUV700,81,492862,2023-09-23,CNG,Central
807,4170,XUV700,147,2743545,2024-03-31,Petrol,West
808,1395,Swift,127,1457978,2023-08-07,Diesel,West
809,4096,XUV700,191,1312553,2024-04-25,Diesel,West
810,3995,Baleno,159,582992,2024-04-21,CNG,North
811,3938,i20,75,2759236,2022-11-24,Diesel,West
812,2492,Swift,79,1031377,2023-12-31,Petrol,East
813,4555,Alto,10,1037173,2022-09-11,CNG,North
814,4636,Harrier,107,1383896,2023-07-25,CNG,East
815,4222,City,87,2240996,2023-06-28,CNG,Central
816,2167,Swift,67,2702503,2024-04-30,Petrol,South
817,3616,Baleno,62,2709842,2022-04-30,Petrol,Central
818,2062,Harrier,131,846642,2024-09-01,Diesel,West
819,3156,i20,146,2610326,2024-04-01,CNG,South
820,4764,Creta,153,605471,2023-05-29,Petrol,Central
821,2065,City,107,1355294,2024-09-05,Hybrid,North
822,2209,Baleno,148,2912486,2022-04-07,Diesel,West
823,3982,City,186,2680249,2024-05-20,Petrol,Central
824,3445,Seltos,93,1508514,2022-09-14,Petrol,South
825,4294,Creta,86,962367,2022-05-08,Petrol,East
826,1633,Harrier,178,1057844,2022-02-26,Diesel,Central
827,2156,XUV700,121,1372978,2023-08-05,Petrol,North
828,4234,Baleno,79,1932519,2023-07-10,Petrol,South
829,2238,City,10,2807897,2023-12-25,Hybrid,Central
830,1732,Harrier,149,914681,2023-10-15,Hybrid,East
831,1234,XUV700,29,1600439,2022-06-07,Hybrid,West
832,4914,i20,96,2173279,2022-03-26,Petrol,West
833,3705,i20,10,557720,2022-11-18,Hybrid,West
834,1750,City,13,2921458,2022-11-05,CNG,South
835,3635,Swift,47,752780,2022-10-11,Hybrid,East
836,4080,Seltos,151,1054654,2024-09-29,Hybrid,East
837,4145,Swift,50,1550053,2022-05-14,Petrol,Central
838,1953,Seltos,132,593399,2023-09-06,CNG,West
839,3539,Baleno,116,1173386,2023-10-11,Hybrid,South
840,3960,Alto,113,1385452,2022-08-17,Petrol,West
841,4324,City,195,579933,2024-09-24,CNG,West
842,4301,Ertiga,85,2172654,2022-04-29,Hybrid,Central
843,2542,City,53,2620459,2024-07-26,Petrol,Central
844,2197,Creta,130,2620002,2022-11-20,CNG,Central
845,2676,XUV700,68,2518100,2024-07-09,Hybrid,North
846,2191,Creta,193,2793078,2022-06-08,CNG,North
847,3217,i20,79,2317797,2022-08-27,CNG,South
848,2416,Seltos,57,1029505,2023-01-31,Petrol,South
849,3993,XUV700,97,1156391,2022-11-16,Diesel,Central
850,3842,i20,198,1648036,2022-11-05,CNG,East
851,3681,XUV700,135,2974896,2022-09-06,CNG,South
852,2217,Swift,147,2635873,2023-06-22,CNG,North
853,2540,i20,172,2132938,2023-12-02,CNG,North
854,3076,Swift,63,2571466,2023-01-29,CNG,West
855,4236,Swift,65,612471,2023-10-14,Diesel,Central
856,2445,XUV700,39,2424249,2024-10-14,Petrol,East
857,3386,Harrier,109,2767396,2023-02-10,Diesel,Central
858,4719,Creta,26,739771,2024-09-26,Petrol,North
859,2519,i20,172,929951,2022-01-21,Diesel,East
860,2388,Ertiga,12,2330448,2022-06-04,Petrol,South
861,2856,Harrier,150,2984195,2024-05-16,Hybrid,West
862,2365,Creta,77,1170602,2023-07-13,CNG,North
863,1499,i20,142,2302770,2022-07-13,Petrol,West
864,2680,Seltos,86,1894237,2023-02-03,Petrol,Central
865,1510,Creta,30,1064945,2022-10-07,CNG,East
866,4398,Ertiga,172,1410300,2024-09-06,Hybrid,Central
867,1216,City,166,886163,2024-10-30,CNG,West
868,2324,Baleno,187,1153830,2023-04-17,Petrol,North
869,2155,Swift,170,2533544,2022-06-01,Petrol,West
870,2827,Baleno,52,1438370,2024-03-12,CNG,North
871,4141,Harrier,63,562198,2023-07-07,Diesel,West
872,4323,City,189,2801781,2023-12-31,CNG,Central
873,4486,Swift,120,2805094,2023-05-28,Petrol,West
874,2810,i20,105,2172246,2024-10-09,Petrol,South
875,3492,Harrier,162,1588665,2022-06-20,Petrol,Central
876,3923,Ertiga,39,1081060,2024-04-29,Hybrid,West
877,2205,XUV700,41,901670,2024-03-04,CNG,West
878,3214,i20,121,2402587,2022-05-05,Hybrid,East
879,1090,Creta,108,1627327,2022-06-24,CNG,Central
880,1713,XUV700,165,623293,2023-05-19,Hybrid,East
881,2881,Harrier,65,2587090,2023-12-12,Diesel,Central
882,4602,Creta,118,2534384,2022-04-16,Petrol,North
883,1038,Ertiga,79,1931453,2023-06-12,Petrol,Central
884,4197,Baleno,160,1865812,2022-02-07,CNG,Central
885,4522,Creta,8,457172,2023-01-30,Petrol,West
886,1172,Baleno,97,759449,2024-07-09,Hybrid,South
887,1652,Swift,18,2641970,2023-04-22,Diesel,Central
888,1753,Seltos,173,2750200,2023-12-23,Hybrid,East
889,2243,Alto,96,1381041,2022-11-11,Hybrid,South
890,4709,i20,33,928382,2022-12-31,CNG,Central
891,2081,Alto,5,2334075,2022-06-30,Petrol,South
892,2683,Swift,127,692899,2024-01-04,Hybrid,North
893,3523,Creta,74,2639776,2024-05-25,CNG,South
894,1455,Swift,126,2992122,2024-09-20,Hybrid,North
895,1828,Alto,164,2385859,2023-10-23,Hybrid,South
896,1894,Alto,151,2189575,2022-09-01,Hybrid,South
897,2384,i20,168,2554716,2022-11-09,CNG,East
898,2958,XUV700,5,1069462,2022-03-17,Diesel,East
899,4072,City,34,2630085,2022-09-19,Hybrid,West
900,3434,Swift,24,1754294,2022-08-19,Hybrid,South
901,2996,Seltos,145,2660906,2023-12-04,CNG,North
902,3395,City,95,2328968,2023-10-08,Petrol,South
903,1189,Swift,71,2169121,2024-01-27,Diesel,Central
904,1504,Ertiga,92,2309434,2024-04-21,CNG,North
905,2214,Harrier,125,1365624,2024-05-28,Petrol,Central
906,2531,Harrier,22,2011161,2023-05-31,CNG,West
907,4440,Alto,15,1971968,2023-03-18,CNG,Central
908,4480,Harrier,101,2087011,2023-08-06,Diesel,West
909,1823,Baleno,15,2407428,2022-09-19,Diesel,West
910,1928,Seltos,153,2014248,2024-01-19,Diesel,West
911,1933,Harrier,53,2876478,2024-03-29,Diesel,Central
912,2140,Creta,149,2835989,2024-09-28,Petrol,West
913,1133,Baleno,102,2199235,2024-05-16,Hybrid,West
914,3105,City,194,1770767,2023-08-31,CNG,East
915,4627,Baleno,113,2638415,2024-06-28,Diesel,South
916,1684,Swift,32,587956,2023-06-07,Hybrid,West
917,3719,Alto,21,2814207,2022-06-11,Petrol,North
918,3220,i20,196,876663,2022-01-05,Diesel,North
919,2852,i20,172,2329173,2022-07-21,CNG,East
920,1814,Ertiga,83,1803200,2023-02-20,Hybrid,Central
921,2172,Seltos,194,574798,2024-08-05,Diesel,Central
922,1079,Swift,14,1702974,2024-01-22,CNG,Central
923,3933,i20,15,1663165,2024-08-07,Hybrid,West
924,4284,Alto,148,1047377,2023-01-08,CNG,Central
925,1202,City,34,1782214,2023-03-07,Petrol,Central
926,3811,i20,164,2970609,2023-11-21,Diesel,South
927,2252,Creta,83,2166963,2022-04-28,Diesel,West
928,2699,Baleno,9,2849984,2023-08-11,CNG,West
929,2250,i20,199,503376,2022-08-15,Hybrid,North
930,2682,Swift,158,2056139,2022-12-14,Diesel,North
931,2555,Harrier,77,2358237,2022-05-21,CNG,South
932,4512,Harrier,191,2953579,2022-07-23,Petrol,East
933,4473,City,163,541981,2024-09-30,Diesel,West
934,3094,Harrier,141,2033747,2024-05-10,CNG,North
935,2256,City,174,2772009,2024-04-24,Hybrid,Central
936,4376,Swift,184,2640838,2024-09-21,Diesel,West
937,2549,Seltos,9,900841,2022-11-09,Diesel,West
938,2166,Harrier,36,420734,2022-05-17,Petrol,West
939,4486,Ertiga,117,1864677,2022-12-17,CNG,North
940,4584,Alto,3,806557,2022-06-22,Hybrid,South
941,2396,Baleno,19,963723,2022-03-20,Petrol,North
942,4637,Harrier,156,1461552,2024-09-05,Petrol,Central
943,4957,City,23,1395373,2023-07-23,Petrol,Central
944,4330,Swift,104,798506,2024-05-12,CNG,East
945,3703,Harrier,135,1368032,2022-02-26,CNG,North
946,1470,i20,105,2346849,2022-12-29,Diesel,North
947,4018,Harrier,142,1111759,2022-05-14,CNG,East
948,2035,City,46,1890229,2022-01-14,Petrol,East
949,2353,Creta,143,720051,2022-10-10,CNG,West
950,3783,Creta,195,2618144,2024-03-16,Hybrid,West
951,3831,Harrier,15,1268308,2022-05-07,Diesel,Central
952,1967,Baleno,51,841939,2022-08-06,Petrol,South
953,1357,Swift,110,2270663,2024-01-15,Diesel,Central
954,4019,Ertiga,8,2742322,2023-11-11,CNG,North
955,4479,Ertiga,69,1373337,2024-09-23,Diesel,South
956,1667,Harrier,190,1734717,2022-09-17,Diesel,West
957,1372,Harrier,179,466876,2022-04-09,CNG,East
958,2031,Creta,63,2083097,2022-07-01,Diesel,East
959,2145,City,68,2095524,2022-06-18,CNG,Central
960,2371,Baleno,144,2025312,2022-08-21,Petrol,North
961,3723,Harrier,152,1441332,2024-08-13,Diesel,North
962,1089,Ertiga,6,838824,2023-04-17,Hybrid,East
963,4719,Swift,119,2616001,2023-11-10,Hybrid,Central
964,3745,Seltos,57,1620542,2023-01-16,Petrol,Central
965,4387,i20,31,581721,2022-09-08,CNG,West
966,4249,Harrier,6,1510680,2022-11-15,CNG,West
967,1539,City,157,964109,2022-07-12,Diesel,West
968,3779,Harrier,67,2676164,2024-07-25,Diesel,South
969,1868,City,131,882793,2023-08-24,Hybrid,Central
970,1040,Baleno,156,1461043,2023-08-30,Hybrid,Central
971,1739,Seltos,74,2377153,2024-02-04,CNG,West
972,4775,Alto,114,839754,2024-06-03,Hybrid,East
973,2946,Swift,97,2102979,2024-09-17,CNG,West
974,3549,Swift,176,1604138,2023-05-21,Petrol,South
975,4006,City,80,2250696,2022-03-06,Petrol,East
976,4216,Creta,123,450650,2022-08-10,Hybrid,Central
977,2224,City,138,2107022,2023-04-11,Diesel,South
978,1928,Creta,33,640681,2022-03-13,Hybrid,South
979,3036,XUV700,195,1357397,2024-06-06,Hybrid,East
980,4795,Ertiga,197,2889093,2023-04-19,Hybrid,West
981,3508,Swift,140,1516060,2023-10-17,Diesel,West
982,3779,Baleno,185,630069,2022-01-19,Hybrid,North
983,3799,City,44,1486707,2023-06-06,Diesel,East
984,1924,Baleno,13,1624541,2024-02-23,Hybrid,West
985,3956,Seltos,152,1722644,2023-02-19,Diesel,South
986,2581,Baleno,172,2077055,2022-12-30,Diesel,West
987,4618,Harrier,57,2901219,2023-06-12,Diesel,West
988,4324,Ertiga,96,2242742,2024-03-06,Diesel,South
989,1389,Harrier,144,1169855,2023-03-19,Diesel,East
990,2617,i20,109,905365,2022-09-22,Petrol,North
991,3930,City,120,1254259,2023-10-12,CNG,West
992,1255,Swift,100,2204938,2023-05-24,CNG,West
993,1708,City,149,2232606,2023-04-11,Diesel,West
994,2838,Ertiga,111,2150759,2022-12-31,CNG,East
995,2944,Alto,51,1741516,2023-05-08,Diesel,South
996,3497,Alto,21,499345,2023-06-26,Hybrid,South
997,1009,i20,60,2351253,2023-12-24,Petrol,South
998,3871,Ertiga,179,1007415,2024-04-21,Hybrid,South
999,1797,XUV700,21,1714072,2022-10-27,Hybrid,South
1000,4313,XUV700,107,784287,2022-06-23,Diesel,South
1001,4322,XUV700,126,876814,2023-10-08,Hybrid,West
1002,1876,Swift,134,1017945,2022-01-24,Petrol,West
1003,2028,Swift,73,2491953,2024-01-01,Hybrid,South
1004,4190,XUV700,193,1921930,2022-01-07,Petrol,South
1005,2015,Alto,76,1293708,2024-10-26,Petrol,East
1006,2824,Ertiga,186,2323680,2024-05-27,Diesel,East
1007,1373,Baleno,78,878564,2022-06-15,Petrol,Central
1008,4136,Ertiga,134,604581,2023-03-04,Hybrid,West
1009,3193,XUV700,65,1341056,2022-05-25,Diesel,South
1010,1223,Ertiga,86,1331622,2024-07-21,Petrol,West
1011,2262,Seltos,34,411290,2023-05-24,Petrol,Central
1012,3224,Swift,56,1211555,2024-06-25,CNG,East
1013,2802,Swift,75,612991,2023-10-07,Diesel,Central
1014,1852,Alto,3,1500712,2022-03-17,CNG,North
1015,4353,Baleno,170,1381390,2024-04-03,Petrol,East
1016,1062,XUV700,190,517278,2023-07-20,CNG,West
1017,2240,City,6,2441982,2023-09-09,Hybrid,East
1018,4925,Alto,6,1933784,2023-01-16,Hybrid,Central
1019,3874,Alto,191,1863219,2024-04-27,Petrol,South
1020,3842,Baleno,148,1862573,2022-10-30,CNG,Central
1021,1688,Harrier,149,2467296,2024-01-26,CNG,Central
1022,2484,XUV700,2,788826,2022-06-13,Diesel,South
1023,2633,City,90,804220,2022-04-11,Hybrid,West
1024,3152,Swift,56,2866474,2024-06-16,Hybrid,West
1025,4170,Baleno,96,1244032,2024-02-22,Diesel,East
1026,1510,City,10,1605163,2023-01-03,Hybrid,Central
1027,1384,Seltos,87,2053816,2023-12-28,CNG,East
1028,1404,Alto,70,2369265,2023-01-07,CNG,South
1029,3870,Baleno,151,1539464,2024-05-11,Hybrid,North
1030,1517,Swift,113,1697068,2022-10-07,Diesel,West
1031,1475,Ertiga,30,1047899,2022-11-12,Petrol,South
1032,3000,Swift,128,978764,2024-03-26,Petrol,West
1033,3756,Seltos,78,492154,2022-05-31,Petrol,East
1034,4934,Baleno,165,1571113,2024-10-05,Petrol,North
1035,2668,Seltos,55,2711227,2023-10-31,CNG,Central
1036,2893,XUV700,49,749269,2023-02-11,Petrol,West
1037,3818,XUV700,34,1617278,2022-10-14,CNG,Central
1038,2460,Ertiga,105,1386110,2024-07-05,CNG,East
1039,4094,Alto,172,1784819,2023-05-07,Petrol,West
1040,4044,Harrier,22,2981158,2024-10-29,Petrol,East
1041,4636,Creta,31,2906953,2024-01-08,Petrol,Central
1042,3724,City,135,1235672,2022-05-11,Hybrid,East
1043,1713,Seltos,105,2183927,2024-09-23,Hybrid,East
1044,4529,City,149,1913627,2023-05-13,Diesel,East
1045,1082,Ertiga,16,1655372,2023-09-14,CNG,South
1046,2168,City,20,773134,2024-06-07,Petrol,South
1047,4156,City,43,2609467,2022-12-20,Hybrid,West
1048,4149,Swift,172,1407803,2022-09-28,Diesel,East
1049,3504,Baleno,47,760197,2023-03-08,CNG,East
1050,2901,Alto,114,2198795,2024-01-09,CNG,East
1051,3048,Creta,19,2121874,2023-04-17,CNG,South
1052,1050,Baleno,48,2125919,2023-05-23,Hybrid,Central
1053,1684,Swift,197,490341,2022-02-24,Petrol,East
1054,1716,City,139,1509472,2022-02-06,Petrol,North
1055,4843,Creta,157,2529974,2024-06-18,CNG,West
1056,2469,Swift,45,1076110,2022-02-24,CNG,South
1057,1448,Swift,196,1288767,2023-06-08,Diesel,Central
1058,1880,Swift,164,2882062,2024-07-03,Diesel,North
1059,1487,XUV700,176,1445449,2023-04-08,CNG,East
1060,2823,Creta,87,2629776,2023-11-28,Diesel,South
1061,3081,Swift,15,735475,2023-12-17,Hybrid,East
1062,4419,Harrier,110,2633495,2024-10-27,CNG,West
1063,3142,City,172,2315209,2024-01-02,Diesel,South
1064,4143,Creta,195,1288349,2024-09-15,CNG,North
1065,2574,XUV700,96,560066,2022-07-31,Petrol,Central
1066,3201,Seltos,168,1737906,2024-01-24,Hybrid,Central
1067,1249,Seltos,102,1478843,2023-03-12,CNG,West
1068,1673,Alto,86,2274148,2022-03-25,Petrol,Central
1069,1437,i20,142,1342439,2024-02-18,CNG,Central
1070,3165,Harrier,191,797053,2024-04-13,Petrol,West
1071,1770,Seltos,81,1642342,2023-04-06,Diesel,North
1072,4962,XUV700,51,802826,2022-06-26,Petrol,South
1073,4377,i20,112,607716,2022-11-08,Hybrid,South
1074,1267,Swift,186,1290567,2022-07-05,Hybrid,West
1075,2984,Swift,15,1864139,2022-09-03,Diesel,East
1076,2077,Ertiga,65,958350,2024-10-13,CNG,West
1077,1235,City,88,579503,2023-01-19,Hybrid,West
1078,1388,i20,183,1521662,2022-10-12,Diesel,West
1079,4037,City,76,1738925,2024-09-06,Hybrid,West
1080,4805,XUV700,10,642407,2024-09-14,Diesel,Central
1081,1762,Harrier,42,650967,2022-10-27,Hybrid,Central
1082,2848,i20,95,1225017,2024-06-19,Diesel,North
1083,3448,Seltos,11,2542787,2024-05-23,Hybrid,West
1084,1623,Harrier,118,2673078,2023-05-01,CNG,South
1085,3814,Ertiga,144,1131586,2023-03-12,Petrol,East
1086,4374,City,125,953392,2024-03-16,Hybrid,Central
1087,3966,City,78,1399797,2022-06-30,Diesel,South
1088,4278,Harrier,147,676914,2024-06-01,CNG,Central
1089,2252,Swift,159,2756410,2024-05-26,Hybrid,North
1090,3900,City,181,1315182,2023-11-25,Diesel,East
1091,4981,Ertiga,90,1917785,2022-12-06,Petrol,Central
1092,1577,Seltos,8,2359019,2023-05-06,Diesel,East
1093,3122,Creta,152,1503754,2023-05-10,Hybrid,East
1094,1434,Seltos,136,1281587,2023-12-31,Diesel,South
1095,3150,Seltos,111,945116,2023-04-01,Diesel,Central
1096,4493,City,176,1203603,2022-04-15,Petrol,East
1097,4775,Baleno,158,2203785,2023-12-20,Hybrid,West
1098,1763,Swift,58,904879,2023-03-15,Hybrid,East
1099,3785,City,86,2379226,2023-10-13,Petrol,East
1100,3853,Swift,55,2358257,2023-05-24,CNG,Central
1101,2329,XUV700,122,2756747,2022-09-08,Diesel,West
1102,3145,Baleno,190,2149875,2024-08-22,Diesel,East
1103,4921,City,108,2511354,2022-02-16,Diesel,Central
1104,3845,Alto,48,2141078,2024-05-28,Hybrid,Central
1105,2358,Seltos,132,2954196,2024-10-14,Hybrid,East
1106,3906,XUV700,165,1535943,2024-02-14,Diesel,North
1107,3482,Baleno,136,2949640,2024-06-03,Hybrid,North
1108,1446,City,129,1075799,2022-03-05,Petrol,South
1109,3017,Ertiga,198,2838168,2022-11-16,Petrol,North
1110,2331,Harrier,47,2008208,2024-05-09,Hybrid,North
1111,1248,Harrier,5,2454569,2024-02-19,Diesel,Central
1112,1165,Swift,178,584348,2022-01-29,Diesel,Central
1113,4552,Baleno,24,798267,2023-03-13,Diesel,East
1114,4031,Seltos,175,1366978,2024-02-02,Diesel,East
1115,2358,Seltos,18,1524180,2024-01-06,Hybrid,Central
1116,2019,Creta,84,2757560,2023-03-27,CNG,East
1117,1541,Harrier,156,1334471,2023-09-25,CNG,Central
1118,1758,XUV700,5,1339277,2022-08-21,Diesel,North
1119,4177,Baleno,30,2213241,2022-07-19,Diesel,East
1120,4634,Seltos,1,1650065,2023-11-05,Diesel,North
1121,3128,Creta,86,1489758,2023-07-03,CNG,South
1122,3180,Baleno,82,778954,2024-07-25,Petrol,East
1123,1796,i20,174,594661,2022-04-07,CNG,Central
1124,3947,Seltos,69,2218285,2022-02-18,Hybrid,Central
1125,1137,i20,31,1906164,2024-06-14,CNG,South
1126,3231,Baleno,198,1552003,2023-06-06,Hybrid,Central
1127,4472,Seltos,91,1732883,2022-02-09,Diesel,North
1128,2353,i20,184,1118449,2024-07-02,Hybrid,Central
1129,3832,Alto,93,781760,2023-07-07,Diesel,South
1130,4579,Creta,127,626283,2023-11-07,Petrol,West
1131,2875,XUV700,156,1690129,2024-02-09,Diesel,West
1132,4031,Harrier,16,1481510,2022-07-30,Diesel,North
1133,1068,Creta,54,979883,2023-03-09,Petrol,West
1134,3593,i20,181,2734837,2023-12-08,Diesel,Central
1135,4845,Seltos,140,2430179,2023-07-19,Diesel,South
1136,3100,Alto,20,1294737,2022-05-27,Diesel,North
1137,2473,Alto,82,1799982,2022-10-09,CNG,West
1138,1204,Harrier,162,1155870,2024-01-25,Hybrid,Central
1139,3173,Alto,181,2363391,2023-05-10,Diesel,Central
1140,4818,Creta,192,2531170,2023-02-13,CNG,East
1141,1042,City,151,657061,2022-09-30,Diesel,East
1142,4823,Alto,109,1742894,2023-04-03,Hybrid,South
1143,2906,Harrier,155,1070912,2022-02-15,Diesel,North
1144,3158,Alto,113,1352569,2022-11-07,Hybrid,West
1145,1760,Alto,17,1221079,2023-07-16,CNG,West
1146,4734,Ertiga,176,457940,2022-11-27,CNG,Central
1147,4254,Creta,149,1580268,2022-01-11,Diesel,West
1148,3895,i20,178,1077251,2024-06-26,Petrol,South
1149,3142,Swift,168,1555142,2022-01-08,Hybrid,East
1150,2994,City,126,694458,2024-09-10,Diesel,Central
1151,4445,Alto,3,816716,2023-07-20,CNG,North
1152,2935,XUV700,17,2299791,2022-09-30,Diesel,Central
1153,4591,Alto,189,2597381,2024-07-29,Hybrid,West
1154,1899,Ertiga,50,1236621,2024-06-19,Diesel,South
1155,1359,i20,122,755698,2022-05-11,Hybrid,North
1156,3947,XUV700,90,1468143,2023-12-25,CNG,Central
1157,2719,City,87,1867770,2023-09-26,Petrol,West
1158,1280,XUV700,6,1786809,2022-04-24,Petrol,Central
1159,4266,Creta,156,1064990,2023-06-16,CNG,North
1160,2887,Harrier,55,1853795,2022-02-02,CNG,West
1161,4266,Harrier,186,1752164,2022-05-13,Diesel,East
1162,1666,City,173,2583336,2024-07-08,CNG,North
1163,1092,i20,147,2469282,2024-09-01,CNG,East
1164,1671,Harrier,102,1101264,2022-01-26,Hybrid,East
1165,2969,Baleno,29,2306665,2023-08-24,Diesel,West
1166,1060,Ertiga,151,743990,2023-06-29,Hybrid,Central
1167,3681,City,111,2620561,2022-01-18,Diesel,Central
1168,4122,City,160,422098,2024-07-22,Diesel,South
1169,4474,Swift,10,576974,2022-10-16,Petrol,North
1170,4860,Swift,91,1567078,2024-03-27,Petrol,North
1171,2028,Creta,177,2193003,2022-04-18,CNG,West
1172,2489,Creta,193,1786236,2024-08-30,Diesel,West
1173,1603,Swift,29,2228518,2024-08-05,CNG,South
1174,1681,Harrier,187,1195383,2024-01-08,Hybrid,South
1175,4900,Seltos,45,1456693,2022-11-20,CNG,East
1176,3581,City,195,425979,2024-05-16,Hybrid,South
1177,2428,Baleno,51,867741,2024-01-05,Petrol,Central
1178,3885,City,101,416915,2024-03-03,Petrol,East
1179,4584,Alto,128,721405,2022-10-16,Hybrid,South
1180,3692,i20,11,1936863,2024-06-10,Hybrid,Central
1181,3280,Ertiga,82,761046,2022-02-12,Hybrid,Central
1182,1523,Seltos,128,1407921,2022-01-09,CNG,East
1183,3393,Baleno,6,2960808,2022-07-03,Hybrid,East
1184,4117,Alto,67,1746397,2024-06-13,Diesel,Central
1185,3593,Creta,62,1370040,2024-05-19,Hybrid,West
1186,2968,Baleno,133,933210,2023-06-17,Petrol,East
1187,2101,Swift,137,1545272,2024-09-26,Hybrid,North
1188,2753,City,28,2412038,2023-10-25,Petrol,West
1189,2836,Baleno,38,2550532,2024-08-11,Petrol,North
1190,4994,i20,43,795982,2022-03-10,CNG,South
1191,4144,XUV700,117,1139378,2022-10-28,Hybrid,East
1192,3841,Creta,149,2094313,2022-01-27,Petrol,East
1193,3296,Ertiga,190,826375,2024-07-18,Diesel,Central
1194,3094,Ertiga,46,2770231,2023-10-16,Hybrid,East
1195,2144,Baleno,198,2763080,2023-07-07,Hybrid,North
1196,3261,XUV700,166,2978954,2022-04-16,Petrol,West
1197,3286,City,49,1075581,2023-08-09,CNG,South
1198,2079,Alto,39,2395259,2023-07-26,CNG,West
1199,3397,Seltos,71,2515221,2024-03-20,Hybrid,North
1200,1106,City,127,1484258,2023-09-26,Hybrid,South
1201,3878,Alto,158,2457610,2024-10-31,CNG,Central
1202,1047,Seltos,149,2362089,2024-07-19,CNG,East
1203,4644,XUV700,1,2870565,2023-10-21,Diesel,East
1204,1336,Seltos,160,1086592,2024-06-04,Hybrid,Central
1205,2049,City,136,1444013,2022-11-17,Hybrid,North
1206,3851,i20,69,2436567,2023-04-05,Hybrid,Central
1207,2280,Baleno,30,455210,2023-08-02,CNG,North
1208,3055,Alto,115,2832487,2024-05-26,Petrol,South
1209,1624,i20,8,2239618,2024-01-24,Diesel,West
1210,2890,Alto,113,719117,2022-06-09,CNG,West
1211,2276,Baleno,19,2111519,2023-04-09,CNG,Central
1212,2715,Harrier,59,1474159,2024-09-24,Diesel,East
1213,3766,Seltos,183,1073061,2022-08-29,Hybrid,Central
1214,1302,XUV700,158,669024,2024-07-24,Petrol,East
1215,1638,Harrier,79,1942445,2024-08-21,Diesel,Central
1216,1055,Harrier,36,489257,2024-08-16,Petrol,Central
1217,1725,Ertiga,55,1893637,2024-05-14,Hybrid,West
1218,1525,Swift,44,1147750,2023-10-12,Petrol,East
1219,1473,City,155,2609176,2022-11-23,Hybrid,West
1220,1027,i20,77,1783137,2024-05-14,CNG,East
1221,3125,i20,78,2517229,2023-06-13,Hybrid,South
1222,4287,i20,101,1685176,2024-05-28,Diesel,South
1223,4457,i20,182,735482,2022-11-30,Diesel,South
1224,1364,City,176,1929429,2024-10-23,Hybrid,North
1225,3713,Harrier,30,804655,2024-05-31,Hybrid,West
1226,1525,City,39,2370132,2022-12-16,CNG,West
1227,3746,i20,13,2509893,2022-06-23,CNG,South
1228,2335,Swift,122,1747008,2022-04-26,Hybrid,Central
1229,1882,Creta,144,532321,2022-12-27,Petrol,West
1230,2030,Baleno,172,554042,2022-03-17,CNG,East
1231,2026,i20,199,2512717,2024-01-26,Diesel,West
1232,2646,XUV700,112,2024520,2022-03-13,CNG,West
1233,1918,Creta,155,2018629,2023-03-28,CNG,East
1234,3797,City,45,2105950,2024-06-29,CNG,South
1235,3410,XUV700,119,1125840,2023-01-02,CNG,South
1236,2774,XUV700,35,630324,2024-04-05,Hybrid,East
1237,2531,Alto,156,514794,2023-11-01,CNG,West
1238,4345,XUV700,7,2904380,2022-04-20,Petrol,West
1239,4577,i20,190,719642,2022-02-21,CNG,South
1240,3853,Alto,110,1255208,2023-04-12,CNG,North
1241,3786,Ertiga,114,2620827,2024-03-28,Diesel,South
1242,2906,Harrier,51,2539682,2024-02-26,CNG,East
1243,4086,XUV700,46,610339,2023-07-10,Diesel,North
1244,2215,Swift,20,2908386,2024-07-17,Diesel,North
1245,2654,Baleno,96,1052524,2022-09-16,Hybrid,East
1246,1484,XUV700,38,1040416,2022-03-06,Diesel,Central
1247,3075,Ertiga,189,2060383,2022-06-12,Diesel,South
1248,1713,Seltos,104,2509589,2022-02-08,Petrol,West
1249,2062,City,32,2559298,2023-10-27,Petrol,South
1250,2976,City,154,427618,2022-11-16,Diesel,East
1251,2296,Ertiga,58,1630415,2022-12-26,Hybrid,West
1252,2254,Seltos,167,409705,2022-09-26,Petrol,Central
1253,3133,City,148,619288,2022-11-20,Petrol,East
1254,4545,City,82,1267344,2022-11-22,Hybrid,South
1255,1125,City,50,1762470,2022-09-14,CNG,North
1256,3859,Ertiga,52,2981324,2022-07-19,Petrol,East
1257,1536,Harrier,86,2017243,2023-09-02,Diesel,East
1258,3192,Baleno,115,452682,2024-06-23,Diesel,South
1259,4596,Ertiga,150,2692937,2022-06-13,Diesel,Central
1260,4283,Seltos,53,2470949,2023-09-07,Hybrid,South
1261,3072,XUV700,66,2685143,2022-04-16,Diesel,South
1262,2603,Harrier,117,2557536,2023-11-30,CNG,Central
1263,4465,Harrier,43,2022370,2022-12-30,Hybrid,Central
1264,1066,XUV700,82,1687749,2023-10-22,Petrol,East
1265,1232,Swift,151,1691820,2023-11-30,Hybrid,North
1266,3156,Alto,64,2637403,2024-01-17,Diesel,South
1267,2169,Baleno,137,923743,2024-08-18,Hybrid,North
1268,3158,Baleno,113,2341657,2024-07-18,Hybrid,Central
1269,3275,Swift,135,1460531,2022-07-28,Hybrid,Central
1270,1110,Alto,169,800414,2023-05-06,Hybrid,South
1271,2493,Baleno,54,1908948,2023-12-04,CNG,East
1272,3081,Seltos,65,1755308,2023-05-17,Hybrid,South
1273,1622,Creta,2,804982,2023-10-28,Diesel,East
1274,4847,Creta,132,1545202,2022-08-09,Petrol,West
1275,4440,Baleno,78,1256306,2023-03-11,CNG,East
1276,3795,i20,32,777261,2022-10-07,Hybrid,South
1277,3642,Baleno,100,2119080,2023-06-08,Petrol,South
1278,4625,XUV700,130,2904152,2023-10-29,CNG,East
1279,3472,XUV700,104,1472995,2024-01-02,Diesel,North
1280,3660,Alto,192,1137699,2022-12-14,Diesel,East
1281,2541,City,142,891986,2024-02-04,Petrol,West
1282,3739,Harrier,148,448555,2024-07-22,Hybrid,West
1283,2305,Seltos,89,536248,2022-07-02,Petrol,North
1284,4391,Swift,49,2488201,2023-05-23,CNG,West
1285,2761,Baleno,136,1570658,2022-07-17,Petrol,South
1286,4514,City,191,870974,2023-01-16,Petrol,North
1287,2975,City,174,949667,2024-04-04,Hybrid,North
1288,3362,Seltos,149,680512,2024-10-26,Diesel,North
1289,1876,Swift,87,2077166,2022-07-11,Hybrid,East
1290,2989,XUV700,160,1280219,2023-06-09,Diesel,East
1291,4812,Ertiga,8,956265,2022-10-16,Hybrid,North
1292,4448,Seltos,101,1710032,2022-04-15,Diesel,West
1293,2312,City,16,2503866,2022-11-09,Hybrid,South
1294,2460,Creta,40,506680,2022-11-03,Diesel,South
1295,3709,Baleno,106,976587,2024-03-31,Diesel,East
1296,3324,Alto,27,2328060,2022-02-05,Diesel,Central
1297,2733,Creta,104,2424719,2024-06-05,Diesel,North
1298,2605,City,105,1301174,2022-02-04,Hybrid,Central
1299,2526,Harrier,146,2965820,2023-04-12,CNG,South
1300,3671,i20,35,1517022,2024-06-15,Diesel,East
1301,3563,Swift,113,1663438,2022-07-18,Diesel,East
1302,4421,XUV700,52,461516,2024-02-07,Diesel,East
1303,3890,Baleno,143,2098087,2022-08-29,Diesel,East
1304,4517,Alto,191,2934618,2022-10-21,Diesel,East
1305,4901,Ertiga,53,1532097,2024-07-10,Petrol,North
1306,3397,XUV700,91,815367,2023-04-13,Petrol,Central
1307,2630,Baleno,81,2044230,2023-01-02,Diesel,South
1308,4735,Ertiga,104,718339,2022-11-12,Diesel,South
1309,3870,Alto,66,1270442,2024-01-28,Diesel,East
1310,2160,City,113,1946466,2023-03-27,CNG,East
1311,1758,i20,31,585406,2024-02-17,Hybrid,East
1312,3946,Creta,61,992633,2024-06-26,Diesel,West
1313,1242,Creta,192,2405841,2023-03-22,CNG,South
1314,3590,City,101,1606578,2024-08-14,CNG,East
1315,2063,XUV700,105,1452567,2022-03-21,Diesel,Central
1316,1228,City,98,2520671,2022-05-18,Hybrid,West
1317,3595,City,34,1213089,2023-10-14,Petrol,North
1318,1919,Baleno,183,573697,2024-04-30,Diesel,West
1319,2246,Baleno,59,2317057,2023-07-06,Diesel,West
1320,1005,Alto,3,2920214,2022-03-15,Petrol,West
1321,4393,i20,17,2536718,2022-02-19,Hybrid,Central
1322,1467,Baleno,78,2656587,2024-10-30,Petrol,South
1323,2755,Alto,46,2416639,2023-01-23,Diesel,East
1324,1074,Harrier,166,1841514,2023-01-20,Diesel,Central
1325,1003,City,35,1322640,2022-10-26,CNG,Central
1326,2870,City,129,1113297,2022-12-05,Petrol,East
1327,1645,XUV700,112,941709,2023-04-19,CNG,West
1328,1117,Harrier,157,656080,2023-09-08,CNG,North
1329,3928,XUV700,132,478027,2024-08-19,CNG,West
1330,2629,Ertiga,61,931834,2024-03-02,CNG,West
1331,3551,Alto,97,2830735,2022-01-13,Petrol,South
1332,3021,Alto,145,2150559,2023-03-25,Petrol,West
1333,1946,City,156,1202838,2022-06-23,Petrol,North
1334,3621,Seltos,178,2889505,2023-08-18,Diesel,Central
1335,2464,Ertiga,90,2738721,2024-07-20,Hybrid,West
1336,1193,Alto,136,1444583,2022-09-26,CNG,Central
1337,1846,Baleno,162,2793469,2023-09-10,Diesel,South
1338,3762,City,59,2474054,2024-02-12,Petrol,North
1339,2415,XUV700,18,1793834,2024-05-14,Petrol,East
1340,4097,Harrier,95,769215,2023-06-10,Diesel,East
1341,2458,XUV700,187,696518,2024-06-06,CNG,South
1342,3220,Creta,155,1379217,2023-11-03,Petrol,North
1343,4371,Seltos,16,2145347,2022-06-27,CNG,Central
1344,2668,Alto,10,1775088,2022-09-16,CNG,South
1345,3373,i20,104,2243324,2022-09-17,Hybrid,West
1346,2433,Swift,76,1327562,2023-10-05,Petrol,Central
1347,2141,Seltos,150,1028842,2022-03-22,Diesel,West
1348,3883,City,16,631059,2022-05-09,Hybrid,West
1349,2810,Alto,12,1342509,2023-02-16,CNG,Central
1350,1723,Harrier,75,1271103,2022-11-11,Diesel,West
1351,1224,Alto,179,882640,2023-03-31,Hybrid,East
1352,1531,Swift,129,964719,2023-09-07,Hybrid,Central
1353,1112,Harrier,27,726603,2024-06-17,Hybrid,South
1354,3187,XUV700,195,2477467,2024-06-21,CNG,East
1355,1558,Harrier,12,2620463,2024-10-29,CNG,South
1356,3048,Seltos,30,1697058,2022-08-20,Petrol,North
1357,3137,XUV700,9,2093191,2023-09-03,Hybrid,South
1358,1653,Alto,53,1134042,2023-12-31,Diesel,Central
1359,1319,City,189,2938872,2024-08-22,CNG,South
1360,2573,Ertiga,54,2893591,2024-05-31,Hybrid,North
1361,2828,City,165,864193,2022-11-14,Diesel,West
1362,2917,Alto,193,639198,2023-06-06,CNG,Central
1363,1138,Swift,170,440149,2023-12-17,Diesel,East
1364,4582,Ertiga,49,1609212,2024-06-02,Diesel,East
1365,4939,Alto,4,1144984,2022-07-21,Petrol,South
1366,3892,i20,192,1705704,2022-04-03,CNG,East
1367,3026,Seltos,79,2848514,2023-02-23,CNG,North
1368,3306,i20,179,1574848,2023-07-05,CNG,East
1369,4744,XUV700,91,1059893,2023-09-18,CNG,South
1370,1901,Creta,188,1138322,2024-04-24,Petrol,East
1371,1689,Alto,79,742240,2024-05-31,Petrol,West
1372,3039,Baleno,159,1876201,2023-12-21,Hybrid,West
1373,1009,Baleno,103,2507785,2024-08-01,CNG,East
1374,1260,Harrier,111,2467681,2023-01-29,Diesel,Central
1375,2942,City,58,1897999,2024-03-19,Petrol,East
1376,2673,City,82,1413165,2024-05-21,Diesel,West
1377,3219,City,132,1190428,2024-05-16,Diesel,West
1378,3945,i20,22,2628238,2023-07-25,Diesel,North
1379,3060,Seltos,131,1397935,2023-09-26,Hybrid,South
1380,2191,Alto,79,831083,2023-09-24,Hybrid,North
1381,4713,Swift,99,1927329,2024-03-19,CNG,Central
1382,2619,Harrier,175,981539,2022-11-18,Petrol,South
1383,1320,XUV700,38,2879458,2023-07-28,CNG,East
1384,2342,Ertiga,161,548936,2024-05-19,Hybrid,East
1385,2636,XUV700,176,1737041,2024-01-16,Hybrid,Central
1386,3376,Alto,193,1603730,2024-07-25,Diesel,West
1387,3832,Creta,117,1488707,2024-08-16,CNG,East
1388,3824,City,26,602565,2022-02-17,Diesel,North
1389,2994,Ertiga,136,535282,2022-07-08,Hybrid,West
1390,3958,i20,50,1382090,2022-10-31,CNG,East
1391,2943,Alto,38,959139,2023-01-04,CNG,West
1392,4621,Creta,138,1213297,2023-04-05,Petrol,South
1393,3038,i20,42,1270038,2022-09-04,Hybrid,East
1394,4490,Creta,37,2632382,2022-09-21,Hybrid,East
1395,4677,City,154,2618649,2023-06-14,Petrol,West
1396,2118,i20,140,1760059,2024-01-20,Hybrid,South
1397,4888,Seltos,49,1287518,2023-02-11,Diesel,North
1398,2604,Baleno,142,1624117,2023-03-29,Diesel,South
1399,3365,XUV700,46,591933,2024-03-24,Diesel,North
1400,1235,Seltos,163,1776353,2023-08-01,CNG,Central
1401,2969,Ertiga,29,2009096,2024-08-22,Diesel,South
1402,1333,Harrier,12,467323,2022-05-27,Hybrid,North
1403,2908,Baleno,116,2341075,2023-02-10,Petrol,West
1404,1375,Seltos,82,1416491,2022-07-02,Diesel,North
1405,4530,Alto,44,2251100,2022-08-24,Diesel,Central
1406,2160,Creta,194,2201708,2023-09-30,CNG,North
1407,3635,Ertiga,2,2746748,2024-08-15,Hybrid,South
1408,2570,Alto,187,2772364,2022-06-28,Petrol,North
1409,3560,Baleno,17,2413481,2023-03-08,Hybrid,South
1410,2319,Creta,138,579598,2023-06-09,Diesel,Central
1411,4391,Ertiga,18,1900750,2024-01-13,Hybrid,North
1412,3965,Harrier,22,2612881,2022-11-19,Petrol,North
1413,4643,Baleno,83,2573745,2023-02-03,Diesel,Central
1414,2855,Ertiga,58,1503617,2022-12-03,Hybrid,North
1415,2372,Seltos,53,725516,2022-04-29,Petrol,South
1416,4911,Ertiga,1,1278531,2023-02-17,Diesel,East
1417,4850,Baleno,61,1421173,2023-08-03,Diesel,East
1418,1872,City,159,2434166,2022-11-01,Hybrid,South
1419,2252,Seltos,31,2363096,2022-07-15,CNG,North
1420,3317,Alto,66,1586737,2022-11-29,CNG,South
1421,2851,Baleno,147,1236073,2023-09-15,Petrol,Central
1422,3845,City,53,1929844,2023-10-20,Hybrid,South
1423,2314,Swift,95,2554213,2023-12-05,Petrol,East
1424,1724,Harrier,150,1566533,2024-06-01,Hybrid,West
1425,4236,City,23,809366,2023-06-08,Petrol,Central
1426,3052,Swift,143,1536206,2022-08-05,Petrol,North
1427,3898,XUV700,154,2574380,2024-09-16,Hybrid,South
1428,4450,Creta,131,674198,2023-01-10,CNG,Central
1429,1077,City,87,2501860,2022-02-05,Petrol,East
1430,4481,i20,148,2525234,2024-02-15,Hybrid,North
1431,3621,Harrier,125,434024,2022-01-28,Hybrid,South
1432,1131,City,109,2458350,2022-03-27,Hybrid,South
1433,1600,Swift,40,2782757,2022-07-07,Diesel,North
1434,2772,i20,121,1453927,2022-11-01,Hybrid,West
1435,2065,Harrier,39,1940845,2024-02-05,Hybrid,West
1436,3136,i20,120,504720,2022-03-21,Diesel,Central
1437,3449,Seltos,18,2097365,2022-07-05,Diesel,South
1438,3343,Swift,169,2345640,2024-10-25,CNG,Central
1439,2863,Ertiga,198,526875,2023-07-12,Hybrid,North
1440,2318,Seltos,155,2335025,2023-05-24,Petrol,Central
1441,1615,Harrier,143,1068137,2024-08-28,Diesel,South
1442,4597,Harrier,37,2636532,2024-10-22,Diesel,West
1443,3847,Baleno,186,2578017,2022-08-05,CNG,West
1444,4762,Swift,5,413882,2022-09-14,CNG,North
1445,4708,XUV700,73,514883,2022-11-20,CNG,East
1446,3469,XUV700,135,2370794,2022-07-16,Hybrid,Central
1447,2888,Harrier,41,1671234,2023-05-19,Hybrid,North
1448,2046,XUV700,10,2671656,2023-11-25,Hybrid,West
1449,1574,Creta,190,2083489,2024-08-16,Diesel,South
1450,3190,Baleno,154,1397670,2022-01-18,CNG,South
1451,1992,Harrier,68,1859450,2022-04-17,Diesel,East
1452,3712,XUV700,24,2202578,2022-05-05,Petrol,East
1453,3192,Swift,78,767209,2023-04-28,Hybrid,West
1454,2248,City,169,2637058,2024-10-24,Diesel,East
1455,4054,Ertiga,193,2375952,2023-09-19,Petrol,East
1456,1502,Seltos,145,1769414,2022-12-17,Diesel,South
1457,2997,Seltos,109,487193,2022-12-17,Petrol,Central
1458,1820,Creta,24,2096362,2023-10-11,Diesel,South
1459,4687,i20,155,581393,2024-06-19,Diesel,South
1460,3151,Swift,7,1145723,2022-08-16,Hybrid,West
1461,4110,i20,73,1653357,2022-01-16,Diesel,West
1462,2970,Baleno,107,2775981,2023-03-01,Diesel,Central
1463,1197,Ertiga,99,2613406,2023-04-09,CNG,North
1464,2669,Baleno,122,1631010,2023-12-25,Diesel,East
1465,3626,Harrier,12,935632,2024-03-04,Hybrid,East
1466,3438,Swift,85,2087355,2022-06-26,Diesel,South
1467,2202,Harrier,3,2541771,2023-06-27,Hybrid,South
1468,3601,Alto,79,2995902,2023-05-24,CNG,Central
1469,2471,XUV700,85,2971699,2023-07-18,Hybrid,East
1470,4571,Seltos,10,626351,2022-08-21,CNG,South
1471,4086,City,33,2487356,2023-05-06,CNG,South
1472,2646,Harrier,46,1115577,2024-10-13,CNG,West
1473,2692,i20,59,512319,2023-03-20,CNG,North
1474,2312,Alto,52,1071999,2022-01-20,CNG,Central
1475,3035,Seltos,6,2954934,2022-04-21,Hybrid,North
1476,1477,Harrier,130,1513664,2023-05-02,CNG,North
1477,2254,Alto,29,795107,2022-03-30,CNG,Central
1478,1922,Alto,119,2656483,2023-03-10,CNG,East
1479,1419,Swift,168,2953389,2022-03-13,CNG,South
1480,3204,Baleno,97,2365996,2024-04-01,CNG,Central
1481,3597,Alto,189,2951451,2024-03-26,Petrol,South
1482,4512,Creta,196,2244975,2023-02-08,Diesel,West
1483,2120,Baleno,68,1001952,2022-09-08,Diesel,North
1484,4068,Seltos,157,1357698,2024-05-18,CNG,West
1485,4044,Seltos,190,624903,2024-05-17,CNG,North
1486,4482,Seltos,60,1927665,2024-06-14,Petrol,East
1487,1950,Seltos,124,1012026,2022-09-13,CNG,Central
1488,3336,Creta,84,1651955,2024-05-22,Petrol,East
1489,2277,Harrier,41,1229884,2023-05-07,Diesel,North
1490,3243,Ertiga,113,2921669,2022-12-02,Hybrid,West
1491,3645,Alto,65,1242332,2023-09-25,Diesel,North
1492,2857,Seltos,192,803048,2022-12-28,Hybrid,East
1493,4593,Baleno,79,2413488,2024-07-07,Hybrid,East
1494,1516,Baleno,63,2247634,2024-06-12,Hybrid,West
1495,2658,Alto,176,588944,2023-09-29,CNG,West
1496,2865,Harrier,148,1925813,2024-01-17,Petrol,East
1497,3912,City,118,2331947,2023-11-14,Hybrid,North
1498,2141,City,37,2069023,2024-09-29,Petrol,North
1499,3853,Ertiga,64,941090,2024-10-03,Diesel,Central
1500,2932,Harrier,86,678477,2023-11-24,Hybrid,East
1501,4230,Alto,133,2066485,2022-08-03,Diesel,Central
1502,1814,City,34,1077519,2022-04-28,Petrol,East
1503,3275,City,39,817876,2022-08-15,Petrol,Central
1504,2900,City,67,1614167,2024-06-09,Diesel,South
1505,3263,i20,62,2853629,2023-03-20,Petrol,North
1506,3995,Creta,88,1493511,2023-07-03,Diesel,North
1507,4767,Alto,152,422507,2024-04-08,Petrol,South
1508,3062,XUV700,131,602132,2022-01-12,CNG,West
1509,4228,Swift,109,746415,2023-05-04,Diesel,South
1510,4719,Swift,199,2292231,2023-08-02,Hybrid,North
1511,4332,Harrier,89,2655899,2024-01-12,Hybrid,East
1512,4228,Alto,67,775631,2022-06-17,Hybrid,Central
1513,3094,Alto,79,1558195,2024-08-18,Petrol,North
1514,3371,Swift,178,2008334,2022-07-19,Diesel,South
1515,3891,Ertiga,29,1228035,2024-05-13,Petrol,East
1516,4756,Swift,74,2975193,2024-01-24,Hybrid,North
1517,1129,Alto,32,2921598,2024-02-13,CNG,South
1518,4482,City,87,2118478,2022-04-07,Hybrid,North
1519,1094,Ertiga,39,2296415,2022-03-12,Hybrid,South
1520,3674,Seltos,137,978109,2024-09-19,Hybrid,South
1521,3802,XUV700,101,697834,2022-12-23,CNG,North
1522,2955,i20,142,860773,2024-03-22,CNG,East
1523,4363,Creta,68,1140904,2023-06-28,Diesel,North
1524,1793,Seltos,192,1798984,2022-09-11,CNG,North
1525,2834,Baleno,148,2021348,2024-09-14,Diesel,East
1526,4354,Swift,28,968366,2022-01-04,CNG,North
1527,3116,XUV700,14,923259,2022-05-25,Diesel,Central
1528,2683,Swift,172,1825544,2022-06-14,Hybrid,Central
1529,1010,Swift,77,2883394,2022-12-10,CNG,Central
1530,4325,Seltos,116,474745,2023-06-04,Petrol,South
1531,2865,City,167,1689844,2024-07-14,Petrol,West
1532,3919,City,28,2172612,2023-09-01,Diesel,North
1533,3597,i20,192,2508873,2023-05-27,CNG,West
1534,4205,Ertiga,89,2606030,2023-02-13,CNG,Central
1535,1711,Swift,32,550061,2023-03-12,Petrol,East
1536,3070,Harrier,137,2174476,2023-06-26,CNG,Central
1537,1814,City,156,2071079,2023-09-05,CNG,North
1538,1345,Alto,95,2884733,2024-06-18,Diesel,West
1539,3349,XUV700,17,1390544,2023-07-17,Hybrid,West
1540,1362,Harrier,117,2861410,2023-07-29,Petrol,South
1541,3443,Seltos,77,1782336,2024-10-18,Hybrid,East
1542,3265,Seltos,55,2635632,2022-12-09,CNG,Central
1543,3188,i20,10,1321657,2023-09-05,CNG,East
1544,4687,i20,80,2884183,2022-05-09,Diesel,North
1545,4005,Ertiga,134,1145089,2022-12-23,Hybrid,South
1546,4281,Alto,176,2369880,2024-08-16,Hybrid,Central
1547,1984,XUV700,116,592888,2022-03-22,Diesel,North
1548,4040,Alto,195,1187424,2023-10-28,Hybrid,East
1549,4694,Baleno,169,2731038,2024-02-20,Diesel,South
1550,2639,i20,79,2333705,2024-03-01,Diesel,Central
1551,1827,Ertiga,60,2841573,2023-05-07,CNG,East
1552,3730,Creta,42,1829412,2022-08-13,CNG,Central
1553,4531,Swift,116,679709,2024-09-13,CNG,South
1554,4051,Swift,109,1352337,2023-02-23,Diesel,South
1555,1355,Creta,71,2659504,2024-02-19,CNG,East
1556,4055,City,156,1337017,2022-05-17,Petrol,Central
1557,2347,Alto,102,1317658,2022-08-14,Petrol,West
1558,4204,Creta,13,2330806,2022-11-19,CNG,North
1559,3935,Ertiga,15,2110230,2024-03-22,Diesel,South
1560,4876,XUV700,36,671718,2023-03-21,Petrol,Central
1561,2863,Creta,15,2152683,2022-01-07,CNG,East
1562,1126,Ertiga,117,1777326,2022-05-08,Petrol,East
1563,4177,i20,75,2646862,2022-09-24,Petrol,South
1564,4056,Harrier,56,2554346,2023-11-16,Petrol,South
1565,1603,Seltos,95,1889345,2024-07-16,Hybrid,West
1566,4870,Seltos,132,2523234,2022-08-02,Petrol,East
1567,4449,Baleno,52,1294803,2022-09-04,CNG,Central
1568,2928,Alto,138,2767103,2023-02-25,Petrol,North
1569,2013,XUV700,173,1630990,2023-12-18,CNG,North
1570,1050,Harrier,84,2619104,2022-05-23,Petrol,West
1571,4100,Harrier,29,1769134,2022-05-21,Petrol,Central
1572,4533,i20,53,1211147,2023-07-19,Hybrid,North
1573,4367,Creta,157,2165990,2022-04-17,Petrol,North
1574,4368,Alto,151,2509354,2022-02-02,CNG,Central
1575,4797,Swift,185,2663964,2022-04-29,Hybrid,Central
1576,3826,Harrier,178,1171562,2022-08-17,Hybrid,South
1577,2430,Ertiga,21,1927682,2023-11-19,Petrol,North
1578,2792,Swift,112,2754628,2024-04-09,Petrol,North
1579,3861,Baleno,171,2117563,2024-10-07,Diesel,West
1580,2636,Creta,138,630721,2024-04-29,Petrol,South
1581,4476,Creta,76,625366,2024-01-03,Diesel,South
1582,4417,XUV700,30,658329,2024-04-24,CNG,North
1583,2645,Harrier,125,756166,2022-09-29,Petrol,East
1584,3467,i20,51,2971003,2023-09-27,Petrol,East
1585,2205,City,161,2608841,2024-10-28,Diesel,Central
1586,4030,City,146,506948,2023-02-07,Diesel,South
1587,3872,Seltos,78,1974475,2024-07-16,Hybrid,North
1588,4072,Ertiga,22,942750,2023-09-19,Hybrid,North
1589,2854,Swift,64,489299,2023-09-09,Petrol,North
1590,1566,Baleno,21,2395143,2024-09-07,CNG,West
1591,3418,Seltos,129,2209390,2023-06-21,Hybrid,East
1592,1935,Creta,107,744417,2022-09-04,Hybrid,West
1593,2934,Swift,116,913622,2022-12-03,Hybrid,North
1594,3708,Alto,124,2025652,2022-02-02,Diesel,North
1595,4502,Harrier,143,1622171,2024-03-09,Petrol,South
1596,4016,Baleno,36,1085644,2023-07-02,Diesel,South
1597,2332,Alto,47,2060828,2024-06-09,CNG,East
1598,4208,i20,182,857212,2023-12-30,Diesel,Central
1599,1201,Harrier,32,675850,2022-02-13,Petrol,North
1600,4507,Swift,186,935212,2022-10-31,Diesel,South
1601,3360,Harrier,174,1953169,2022-09-26,CNG,East
1602,1116,Seltos,54,2915800,2023-11-14,Petrol,West
1603,4737,XUV700,161,2353968,2023-02-04,Petrol,North
1604,1936,Seltos,167,2169186,2023-08-26,Petrol,Central
1605,4874,i20,23,1057428,2024-07-10,Petrol,East
1606,1574,Ertiga,171,2012791,2024-08-28,CNG,Central
1607,3291,Alto,183,2770979,2023-03-07,Petrol,North
1608,1536,Seltos,2,2620183,2023-02-25,CNG,East
1609,2625,XUV700,194,2844447,2022-05-11,CNG,South
1610,3122,Ertiga,166,1615322,2023-08-01,Diesel,Central
1611,4877,Seltos,157,976991,2023-06-24,Diesel,West
1612,1385,Creta,110,2293818,2022-05-05,Petrol,West
1613,4974,XUV700,124,2845407,2024-07-22,Hybrid,Central
1614,4281,Alto,67,1272409,2023-08-15,Hybrid,North
1615,1474,Baleno,71,2238673,2023-10-06,Petrol,North
1616,1417,City,164,2485503,2022-11-24,CNG,North
1617,3394,Ertiga,29,2279398,2024-03-22,Diesel,West
1618,4600,Creta,119,1261316,2022-02-15,Petrol,West
1619,3687,Baleno,165,1766261,2022-03-25,Petrol,South
1620,1938,Swift,113,1906594,2024-03-04,CNG,North
1621,1954,XUV700,45,2329327,2022-12-18,Diesel,West
1622,1875,Creta,16,2691297,2023-09-29,Hybrid,West
1623,1762,Harrier,31,2332527,2022-08-22,Hybrid,North
1624,2202,Swift,162,567248,2024-02-20,Petrol,North
1625,2205,Swift,50,1531657,2023-11-12,Petrol,West
1626,1663,Ertiga,193,561361,2024-07-21,Petrol,Central
1627,1024,XUV700,122,2606489,2024-05-10,Petrol,West
1628,2990,Creta,190,2977978,2022-05-28,Petrol,South
1629,2203,i20,171,2773079,2022-10-27,Hybrid,East
1630,1709,Creta,184,2672386,2023-07-03,Petrol,North
1631,4572,Seltos,15,1353253,2024-09-04,Diesel,South
1632,2879,Swift,176,1845346,2023-01-18,CNG,Central
1633,2184,Alto,49,2492432,2024-03-10,Hybrid,East
1634,3224,Swift,172,866910,2023-06-18,CNG,West
1635,1284,Swift,10,577367,2023-07-24,CNG,North
1636,1062,City,20,1085691,2024-07-19,Petrol,West
1637,2002,Harrier,70,2804936,2022-08-25,CNG,South
1638,1661,i20,8,858093,2024-08-23,Diesel,North
1639,3713,Baleno,173,1233401,2023-12-02,Petrol,West
1640,3203,Baleno,34,1229418,2024-01-24,Hybrid,North
1641,4953,Harrier,179,1026305,2023-07-29,Diesel,South
1642,2492,Swift,4,2875476,2024-08-14,Hybrid,West
1643,4120,Baleno,108,2501274,2024-10-13,Petrol,East
1644,1966,XUV700,167,2474276,2024-02-10,Petrol,Central
1645,1848,i20,24,1072661,2022-08-11,Hybrid,West
1646,2107,Baleno,55,2782403,2023-07-11,CNG,North
1647,4432,Harrier,26,719346,2024-06-29,Hybrid,West
1648,1688,Seltos,25,2335094,2022-09-30,Diesel,North
1649,1147,Baleno,36,1201391,2023-03-06,CNG,South
1650,4701,i20,71,795085,2023-06-07,Petrol,Central
1651,1341,Ertiga,186,2057428,2024-08-17,Diesel,North
1652,3523,Ertiga,12,1593198,2024-06-28,Diesel,West
1653,2086,XUV700,129,2222969,2023-03-27,Petrol,South
1654,2724,Creta,116,1061062,2024-10-08,CNG,East
1655,2383,Creta,178,772308,2022-02-11,Petrol,West
1656,3608,Baleno,153,2726503,2022-04-04,Diesel,Central
1657,1326,Alto,133,1929614,2023-05-01,Diesel,South
1658,2792,Seltos,83,2634256,2023-06-01,Diesel,West
1659,2759,Harrier,196,401825,2023-12-18,Petrol,North
1660,4212,Seltos,6,870306,2023-05-14,Hybrid,North
1661,1989,Ertiga,26,2938469,2023-01-06,Diesel,North
1662,3262,Baleno,113,936758,2024-09-07,Diesel,West
1663,3482,i20,103,2763066,2023-11-30,CNG,Central
1664,4962,Harrier,120,1606916,2023-04-30,Hybrid,North
1665,1951,Seltos,183,2366109,2023-10-27,CNG,West
1666,1722,i20,167,2768254,2023-09-20,Diesel,West
1667,4389,Harrier,9,775950,2024-01-02,Hybrid,Central
1668,3079,Seltos,45,1742882,2022-07-11,CNG,South
1669,3717,XUV700,14,951990,2024-04-15,Petrol,South
1670,3332,Ertiga,112,828993,2022-05-07,CNG,West
1671,4376,Swift,55,2242747,2023-12-28,Hybrid,South
1672,1428,Harrier,137,2796123,2024-10-27,CNG,East
1673,2500,Ertiga,15,1409154,2023-11-27,Hybrid,Central
1674,1285,City,37,1209471,2023-07-18,Hybrid,West
1675,4215,Alto,178,2223391,2023-01-01,CNG,South
1676,4495,Baleno,127,1362433,2023-01-28,CNG,South
1677,4090,City,117,2129082,2024-08-11,Petrol,Central
1678,3065,i20,84,824524,2022-01-23,CNG,North
1679,1768,Harrier,72,2903422,2023-03-21,Hybrid,South
1680,3637,Baleno,96,1528182,2024-02-16,Diesel,Central
1681,2394,Baleno,111,2523402,2023-12-09,CNG,North
1682,4246,City,149,739535,2023-03-09,CNG,West
1683,4057,City,185,701065,2023-04-18,Hybrid,North
1684,1193,Swift,105,2306131,2022-02-17,Diesel,South
1685,3549,Seltos,147,2228175,2022-09-20,Petrol,West
1686,1987,Harrier,58,1522939,2022-12-24,Diesel,West
1687,2136,Ertiga,95,556857,2023-07-22,Hybrid,North
1688,3161,Creta,118,1636513,2023-04-25,Hybrid,West
1689,4293,Harrier,6,1021688,2024-05-16,Hybrid,North
1690,2701,Harrier,4,496847,2024-10-25,Hybrid,North
1691,1946,Harrier,43,2049204,2023-12-09,Diesel,North
1692,1830,Baleno,93,659718,2023-03-02,Diesel,Central
1693,4715,i20,42,1301036,2022-05-07,Diesel,South
1694,2920,Baleno,3,1757921,2022-05-15,CNG,West
1695,4335,i20,129,585326,2022-11-27,Hybrid,East
1696,3972,City,183,1792880,2023-01-27,CNG,South
1697,1054,Creta,15,947526,2022-01-08,CNG,East
1698,4942,Baleno,47,1804896,2023-09-05,CNG,North
1699,4714,i20,85,2941346,2023-08-21,Petrol,West
1700,1799,Baleno,174,2013747,2023-01-21,CNG,South
1701,1777,Alto,58,2463473,2023-04-17,Hybrid,East
1702,2481,Baleno,199,1009766,2022-06-28,CNG,East
1703,2901,Creta,39,993684,2023-03-26,Hybrid,East
1704,3209,Creta,131,2494320,2024-03-25,Petrol,South
1705,4451,i20,158,2738971,2022-12-24,Diesel,Central
1706,3134,i20,35,649494,2023-01-11,Hybrid,North
1707,1054,City,185,1942063,2023-12-03,CNG,West
1708,4547,Creta,157,1946675,2024-04-17,Hybrid,East
1709,2823,Creta,178,555790,2023-06-22,CNG,South
1710,2201,Swift,190,2340479,2024-02-21,Diesel,East
1711,4462,Harrier,52,2322870,2022-03-23,Hybrid,South
1712,4420,XUV700,118,1274757,2022-07-04,CNG,Central
1713,4079,Baleno,14,2131071,2022-10-15,Hybrid,East
1714,1832,Seltos,163,903869,2024-06-01,Diesel,East
1715,1312,City,156,561334,2023-05-22,Diesel,West
1716,3806,Harrier,186,1839142,2022-01-30,Diesel,South
1717,2858,XUV700,30,2718195,2024-07-24,Hybrid,South
1718,3007,Swift,90,1619508,2022-01-31,Hybrid,Central
1719,3006,Seltos,135,1236776,2022-03-27,CNG,East
1720,3490,i20,167,2999177,2022-01-28,Diesel,West
1721,2790,Creta,95,1778611,2022-05-02,CNG,North
1722,1327,Alto,69,582730,2023-07-27,Hybrid,West
1723,4125,City,163,2594616,2023-02-07,Petrol,West
1724,3808,Ertiga,127,828546,2023-11-14,Diesel,West
1725,4310,Creta,52,480312,2022-09-29,CNG,West
1726,4300,Alto,142,1999878,2024-04-16,Diesel,East
1727,3626,XUV700,63,1332774,2022-04-23,CNG,West
1728,4122,i20,36,2397359,2022-01-19,CNG,South
1729,4680,Seltos,91,2857853,2023-08-28,Petrol,South
1730,4675,XUV700,152,796873,2023-04-10,Hybrid,West
1731,4054,Creta,168,770063,2023-11-22,Diesel,South
1732,2287,Creta,157,861989,2024-10-07,Hybrid,East
1733,4489,Seltos,53,2467715,2024-10-10,CNG,North
1734,4874,Ertiga,109,2367107,2022-06-12,Hybrid,West
1735,3143,Alto,150,2642423,2023-11-30,Petrol,South
1736,2111,XUV700,72,1041142,2022-10-22,Hybrid,South
1737,4149,i20,15,2411034,2023-08-02,CNG,East
1738,2311,Creta,113,1694805,2023-12-02,CNG,East
1739,4191,XUV700,69,1636460,2022-10-29,Petrol,North
1740,3861,Ertiga,116,1014113,2022-05-04,Diesel,Central
1741,3538,XUV700,192,1708147,2023-10-31,Petrol,Central
1742,4983,Seltos,4,2825925,2022-07-14,Diesel,Central
1743,1451,i20,75,1518901,2024-04-21,CNG,North
1744,2523,Swift,146,2106848,2022-12-17,Hybrid,West
1745,1164,Seltos,42,1462908,2023-05-04,CNG,Central
1746,1181,XUV700,30,1071924,2022-07-19,Petrol,Central
1747,3516,Swift,143,2492036,2024-06-02,Petrol,South
1748,1909,Creta,70,1556292,2023-05-23,Hybrid,South
1749,3782,Swift,183,813742,2024-06-16,Petrol,West
1750,1822,Ertiga,181,2418855,2023-03-22,CNG,East
1751,1943,Baleno,16,2518795,2022-03-21,Hybrid,North
1752,3001,Ertiga,111,463128,2024-01-15,Diesel,Central
1753,3054,Seltos,104,2461738,2023-11-29,Petrol,North
1754,1329,Baleno,107,2305228,2024-07-19,Diesel,South
1755,1774,Seltos,123,866606,2023-10-16,Hybrid,North
1756,4744,City,162,1501360,2024-06-20,Petrol,South
1757,3198,i20,27,1246133,2022-09-29,Hybrid,North
1758,4156,Harrier,13,2117063,2022-05-04,Petrol,South
1759,1146,Creta,155,2192360,2023-11-17,Petrol,North
1760,4695,Creta,73,417401,2023-10-14,Petrol,Central
1761,4452,City,197,2381508,2022-10-24,Hybrid,Central
1762,1914,XUV700,86,644373,2024-02-26,Hybrid,West
1763,2571,Alto,31,2225466,2023-09-13,CNG,North
1764,2308,Seltos,3,1560622,2024-08-30,CNG,East
1765,3747,Harrier,30,906911,2024-05-30,Hybrid,West
1766,1081,Harrier,149,750162,2022-12-17,Hybrid,North
1767,1513,Ertiga,99,2751724,2022-09-12,Petrol,East
1768,2920,Ertiga,134,2359776,2023-11-10,CNG,Central
1769,3862,Alto,160,1403008,2022-01-29,CNG,Central
1770,3756,XUV700,170,940853,2023-04-12,Hybrid,Central
1771,2939,City,190,931117,2024-01-19,CNG,East
1772,4594,Swift,160,1877227,2023-08-25,Hybrid,South
1773,1745,Ertiga,99,2494376,2024-01-10,CNG,North
1774,4070,XUV700,86,2578975,2024-07-19,Diesel,West
1775,2409,i20,167,2969567,2022-05-11,Diesel,West
1776,1706,Creta,64,933464,2022-04-21,CNG,Central
1777,1470,Creta,118,2754657,2023-06-08,Hybrid,South
1778,4190,XUV700,158,1237948,2023-11-18,Diesel,North
1779,1395,Alto,191,1808088,2024-04-10,Petrol,North
1780,2555,City,114,549671,2023-10-28,Hybrid,West
1781,3308,Harrier,159,1530621,2024-05-24,Diesel,West
1782,1804,Alto,87,566460,2022-10-12,Petrol,West
1783,1933,XUV700,40,2878199,2024-04-02,Diesel,North
1784,2279,City,161,974891,2023-07-18,Diesel,West
1785,2757,City,191,2785085,2022-01-19,Petrol,North
1786,1904,Seltos,25,1132792,2023-07-01,Petrol,Central
1787,4297,Baleno,164,2977835,2022-02-17,CNG,South
1788,2076,Creta,152,2979657,2022-08-07,Diesel,West
1789,3987,XUV700,95,1647454,2024-02-05,Petrol,North
1790,2890,Harrier,186,1228426,2022-01-31,CNG,Central
1791,2523,Baleno,167,1687679,2022-09-16,Petrol,East
1792,4577,i20,46,2866605,2022-11-04,CNG,Central
1793,3901,Ertiga,138,1571765,2022-11-03,CNG,South
1794,2387,Seltos,32,2588275,2023-07-22,Petrol,Central
1795,2303,Ertiga,97,2217324,2022-01-21,Petrol,West
1796,1592,Baleno,164,2461345,2024-10-26,Diesel,West
1797,3761,Baleno,156,1135712,2022-08-19,Diesel,East
1798,4229,Ertiga,144,2077885,2022-03-23,CNG,North
1799,3679,Harrier,16,1666488,2024-08-15,Petrol,Central
1800,3106,Harrier,18,990940,2022-08-05,Diesel,East
1801,4798,Swift,136,1805555,2022-12-01,CNG,West
1802,1127,i20,75,1284555,2023-07-13,Diesel,North
1803,1735,Harrier,198,536659,2024-05-13,CNG,North
1804,3768,i20,1,2974116,2024-05-23,Diesel,South
1805,4953,i20,190,1136699,2024-01-23,Petrol,West
1806,4186,Baleno,125,1852061,2023-08-17,Hybrid,North
1807,4280,i20,38,1454664,2023-12-05,Hybrid,South
1808,3573,Seltos,45,2859945,2024-07-13,CNG,South
1809,1520,Ertiga,186,2539196,2023-07-07,Hybrid,West
1810,3599,Swift,81,1116748,2024-02-22,Hybrid,North
1811,1236,XUV700,129,1451581,2022-03-28,CNG,North
1812,2304,Alto,32,678364,2023-05-28,Hybrid,Central
1813,4430,Swift,136,2529848,2024-09-10,Diesel,North
1814,4272,Seltos,118,2208868,2024-10-05,Diesel,South
1815,2781,Swift,40,2628300,2023-08-10,Diesel,East
1816,2301,i20,184,2863352,2023-05-13,Petrol,West
1817,4306,Baleno,191,876708,2024-06-25,Diesel,East
1818,3541,Alto,74,2258479,2024-08-13,Hybrid,North
1819,3051,Harrier,111,1824018,2024-01-13,Hybrid,South
1820,3713,Baleno,103,1903323,2023-03-25,Diesel,East
1821,1441,i20,103,2853969,2023-08-11,Petrol,West
1822,3076,i20,74,914513,2022-09-17,Diesel,Central
1823,4180,Alto,164,2259448,2023-04-08,Petrol,East
1824,3657,Alto,114,674006,2022-04-04,Petrol,Central
1825,4798,Creta,123,1025703,2024-10-17,Diesel,North
1826,1804,City,57,468273,2022-12-21,Petrol,North
1827,1074,City,74,2867144,2023-04-14,Hybrid,West
1828,3885,Baleno,83,470185,2022-04-05,Diesel,Central
1829,4217,Harrier,173,2173340,2024-05-17,Hybrid,Central
1830,3175,Swift,79,1841403,2022-04-01,Petrol,West
1831,4924,i20,130,2111760,2024-08-12,CNG,East
1832,3089,i20,93,2880120,2023-01-19,Diesel,West
1833,2379,Creta,196,407799,2022-01-23,CNG,North
1834,1040,Baleno,50,1184492,2022-01-23,CNG,Central
1835,3981,Baleno,29,2231279,2022-11-07,CNG,South
1836,3081,Ertiga,81,949435,2023-07-29,CNG,South
1837,4088,Alto,10,2518066,2022-04-13,Hybrid,North
1838,2700,Harrier,155,671759,2023-05-15,Diesel,Central
1839,4224,Alto,117,2847885,2024-04-07,Hybrid,Central
1840,4045,Harrier,143,2728281,2022-07-08,Petrol,West
1841,2401,Seltos,60,1789737,2023-04-05,Diesel,East
1842,1587,XUV700,159,1295850,2022-07-08,Diesel,West
1843,2622,City,149,1766225,2022-12-17,Hybrid,South
1844,4700,City,60,2882248,2023-08-04,Petrol,Central
1845,4945,Harrier,58,924434,2022-04-24,CNG,East
1846,1341,City,169,2382057,2022-04-14,Petrol,West
1847,3074,Alto,174,1451170,2023-09-12,Hybrid,East
1848,4896,i20,45,2685879,2023-01-22,Hybrid,South
1849,4358,Alto,124,613756,2024-08-01,Hybrid,East
1850,1645,Harrier,26,1046812,2024-05-04,CNG,Central
1851,1730,Baleno,102,1082931,2023-04-28,Diesel,East
1852,1167,Alto,51,1935818,2023-04-18,Petrol,East
1853,1609,City,164,722195,2024-05-08,Petrol,West
1854,3315,Creta,52,2958270,2024-07-30,CNG,East
1855,2772,Ertiga,51,2310212,2023-01-28,Hybrid,East
1856,3040,i20,131,1779671,2023-05-31,Petrol,South
1857,3868,City,14,2099686,2022-12-12,Diesel,East
1858,1454,Creta,177,1655416,2023-06-25,Petrol,West
1859,3953,Harrier,1,1608687,2022-02-16,Hybrid,West
1860,2708,Seltos,185,437459,2022-12-09,Petrol,Central
1861,4472,Creta,145,620821,2023-06-27,Hybrid,South
1862,3969,XUV700,178,484985,2024-03-29,Diesel,North
1863,4028,Seltos,14,2166420,2024-01-27,CNG,Central
1864,4547,Swift,187,1668260,2022-12-17,Hybrid,East
1865,1701,i20,81,599269,2022-07-07,Hybrid,South
1866,3681,City,3,2745890,2022-11-30,Petrol,Central
1867,4629,Swift,98,2807237,2023-04-28,CNG,West
1868,2599,Alto,40,1442207,2023-10-29,Hybrid,South
1869,1129,Harrier,89,2593652,2022-10-23,Petrol,South
1870,4067,i20,125,2821122,2022-02-14,Diesel,East
1871,2845,Baleno,194,1143781,2023-05-10,CNG,South
1872,2386,Seltos,162,1003133,2022-06-24,Petrol,South
1873,4776,Baleno,95,433043,2024-09-30,CNG,North
1874,3866,Swift,9,797294,2022-02-25,Hybrid,East
1875,1692,Creta,94,1740070,2022-12-07,Petrol,South
1876,4363,Creta,84,1715418,2022-08-02,Diesel,South
1877,2394,Harrier,21,530119,2024-01-28,Diesel,North
1878,1793,Swift,25,1350636,2023-07-04,Petrol,North
1879,1028,Ertiga,102,2507317,2023-05-12,Petrol,West
1880,1148,i20,122,1580442,2022-06-22,CNG,East
1881,4850,Seltos,172,2192651,2022-04-15,Petrol,North
1882,2319,Creta,25,2485062,2023-04-24,CNG,South
1883,3058,Creta,137,1741456,2023-03-10,Hybrid,North
1884,4583,Baleno,103,1244516,2023-10-04,Petrol,Central
1885,3723,Baleno,190,1464787,2023-11-24,Hybrid,West
1886,2136,City,154,2583817,2024-09-17,Diesel,West
1887,1186,Alto,57,1377042,2024-07-10,CNG,East
1888,3854,Ertiga,37,1062737,2022-07-13,CNG,West
1889,3791,Baleno,16,1064221,2024-04-22,Diesel,East
1890,2250,Baleno,37,1859613,2024-03-11,Hybrid,Central
1891,2333,i20,76,1916375,2022-02-28,CNG,South
1892,1097,City,152,1606601,2023-04-23,Diesel,Central
1893,1054,Baleno,26,2887166,2023-06-17,Diesel,East
1894,3670,Seltos,20,2271809,2023-08-15,Diesel,East
1895,3711,i20,137,2515429,2024-04-18,Petrol,East
1896,1757,Alto,103,1406943,2023-07-03,Hybrid,South
1897,1405,Swift,29,917282,2022-08-09,Diesel,East
1898,3116,i20,31,2318770,2024-05-25,Hybrid,Central
1899,4383,Swift,19,1792966,2023-11-09,CNG,South
1900,2312,Creta,148,877536,2023-10-24,Petrol,Central
1901,2785,City,27,784938,2023-11-15,Diesel,South
1902,4619,Alto,94,1649462,2022-12-02,Diesel,East
1903,1750,City,85,846918,2022-08-13,Diesel,South
1904,4219,Alto,44,2756869,2024-05-20,CNG,North
1905,4538,City,163,1346181,2022-02-04,Petrol,Central
1906,2762,i20,113,1062860,2022-07-07,Hybrid,North
1907,4315,City,199,880588,2023-10-05,Hybrid,North
1908,4562,XUV700,150,1424050,2024-08-20,Hybrid,East
1909,4920,Alto,74,720956,2024-08-25,Hybrid,East
1910,4005,Swift,87,1980690,2023-05-09,Hybrid,North
1911,4578,Alto,143,409201,2022-11-07,Hybrid,South
1912,1364,Creta,94,2356479,2023-06-05,Hybrid,East
1913,3026,Seltos,98,419941,2023-01-04,Petrol,Central
1914,1481,XUV700,141,2169625,2024-01-16,Petrol,North
1915,3248,Harrier,132,2800837,2022-01-31,CNG,Central
1916,1153,Alto,56,2940307,2024-09-24,Diesel,Central
1917,4521,Baleno,151,2877365,2023-05-12,Petrol,Central
1918,2524,i20,97,1603598,2024-08-21,Diesel,North
1919,3120,i20,98,1123163,2022-10-25,CNG,West
1920,3760,City,34,551714,2023-07-31,Petrol,East
1921,3343,City,100,1908298,2022-02-23,CNG,Central
1922,2040,i20,145,441607,2022-08-17,Petrol,North
1923,2664,Ertiga,156,1873080,2024-02-18,Petrol,West
1924,2240,XUV700,14,2871413,2024-09-11,Hybrid,North
1925,1060,XUV700,162,2842161,2023-01-08,Diesel,East
1926,1938,Swift,112,1987314,2023-04-14,CNG,North
1927,2639,Alto,75,467583,2023-02-24,Hybrid,South
1928,3089,Harrier,185,1785620,2023-06-16,Petrol,South
1929,1024,i20,97,1385926,2024-09-14,Petrol,Central
1930,2062,Alto,121,1201593,2023-07-16,CNG,North
1931,4874,XUV700,55,2370238,2022-03-31,Diesel,North
1932,1130,Creta,194,2524815,2023-01-04,CNG,Central
1933,4569,i20,117,1611649,2022-01-15,Petrol,Central
1934,2252,Alto,93,2415710,2022-12-10,Hybrid,West
1935,1107,XUV700,37,1588977,2024-07-05,CNG,North
1936,1171,Seltos,196,1239537,2022-07-24,Hybrid,East
1937,2458,XUV700,26,1249868,2024-02-15,Diesel,East
1938,4549,City,189,1839099,2023-11-17,Diesel,East
1939,1101,Baleno,67,2752080,2023-12-19,Hybrid,Central
1940,3913,Ertiga,84,2194284,2022-08-13,Diesel,Central
1941,3571,Ertiga,180,2773538,2022-03-05,Hybrid,Central
1942,3322,City,18,2596053,2024-08-05,Hybrid,East
1943,2636,City,181,2195750,2024-08-18,Hybrid,West
1944,4115,i20,191,2097920,2022-11-16,Diesel,South
1945,3864,Seltos,181,555812,2022-12-23,Hybrid,North
1946,4004,Seltos,27,1811348,2022-04-03,Diesel,South
1947,2040,i20,31,1479552,2023-11-26,Hybrid,North
1948,1329,Alto,106,1619715,2023-03-10,Hybrid,Central
1949,4640,i20,129,2432185,2024-04-20,Diesel,East
1950,4894,Harrier,6,1582976,2024-10-20,Hybrid,South
1951,2520,Harrier,11,2522413,2024-06-16,Hybrid,Central
1952,4886,Ertiga,162,1735982,2024-06-02,Diesel,North
1953,1011,XUV700,191,562814,2024-02-17,Petrol,South
1954,2341,i20,181,1452166,2023-05-07,CNG,South
1955,4663,i20,18,2876022,2024-03-23,Diesel,South
1956,1215,Alto,21,1629874,2023-01-27,Hybrid,South
1957,1338,Swift,19,1011830,2022-01-21,CNG,South
1958,2799,Ertiga,4,413570,2023-05-28,CNG,Central
1959,3708,Ertiga,77,631601,2024-06-26,Hybrid,North
1960,4152,Ertiga,116,1954974,2023-12-16,Hybrid,North
1961,2750,XUV700,157,2244541,2024-08-01,Petrol,West
1962,2508,City,25,2885186,2022-12-16,Hybrid,East
1963,3421,Creta,184,1399787,2023-06-30,CNG,South
1964,4023,Swift,77,806582,2023-08-22,Hybrid,North
1965,1709,XUV700,191,2348827,2022-02-01,CNG,East
1966,2223,Harrier,155,1703595,2022-09-16,Diesel,East
1967,4608,Alto,188,1262800,2023-04-21,Diesel,Central
1968,3513,City,49,1345829,2024-04-04,CNG,South
1969,2112,Harrier,65,2007662,2024-08-29,Diesel,West
1970,2291,City,166,2143389,2024-07-08,Petrol,East
1971,4726,Seltos,83,2159879,2022-02-02,CNG,Central
1972,4642,Ertiga,180,1822692,2024-06-17,CNG,South
1973,4993,City,1,1137897,2023-01-23,Hybrid,North
1974,1488,Baleno,168,1699773,2024-03-08,Petrol,West
1975,4948,Ertiga,81,1574602,2023-04-01,Hybrid,South
1976,2561,Ertiga,21,1044686,2022-08-12,Petrol,Central
1977,1046,Alto,86,1456740,2022-08-05,Petrol,Central
1978,4359,Swift,15,2190314,2022-06-05,Petrol,Central
1979,1777,Harrier,50,937639,2024-02-28,CNG,Central
1980,2039,City,48,2159999,2022-02-05,Diesel,Central
1981,1710,City,160,996364,2023-09-28,Diesel,West
1982,1400,Seltos,49,1231594,2022-01-09,Hybrid,East
1983,4990,Ertiga,196,2415758,2022-06-28,Hybrid,East
1984,2817,i20,108,1147424,2024-08-16,Diesel,North
1985,4028,Creta,45,1537650,2023-05-16,Diesel,East
1986,4157,i20,32,2354575,2023-01-08,Petrol,Central
1987,1249,City,132,1939570,2024-08-27,Hybrid,East
1988,1390,i20,193,2937996,2023-05-30,Hybrid,East
1989,4853,Alto,97,2668963,2022-12-30,Hybrid,Central
1990,1334,Baleno,199,1972785,2024-02-16,Hybrid,West
1991,1628,City,193,1697009,2024-02-13,Diesel,Central
1992,4590,City,80,2806217,2022-11-25,Diesel,East
1993,1136,Baleno,146,2033932,2024-03-04,CNG,East
1994,3930,Harrier,54,1734301,2024-08-19,CNG,North
1995,3735,Baleno,127,495672,2023-01-05,Diesel,Central
1996,4911,i20,175,2518637,2023-08-20,Petrol,North
1997,2521,Alto,134,428370,2023-07-25,Diesel,North
1998,1826,Seltos,66,1992614,2023-01-12,Petrol,South
1999,1726,Harrier,137,1692283,2022-04-10,Hybrid,North
2000,2500,XUV700,196,2745858,2024-03-26,CNG,East
2001,3641,Seltos,109,2516086,2022-04-28,Petrol,East
2002,4294,Swift,23,1225535,2023-02-25,Hybrid,South
2003,1989,Swift,107,591157,2023-06-25,Diesel,South
2004,3419,Swift,171,1275137,2024-07-18,CNG,Central
2005,1934,Swift,51,1767263,2023-11-30,Diesel,South
2006,4042,Alto,72,1072298,2022-04-23,Hybrid,West
2007,1401,Seltos,103,2941954,2023-01-08,Hybrid,East
2008,2466,Ertiga,153,1768744,2022-10-26,Diesel,East
2009,4561,Creta,80,1736927,2024-02-15,Hybrid,South
2010,1614,Harrier,163,1160817,2023-11-02,Hybrid,South
2011,2296,XUV700,145,1247694,2022-01-11,Petrol,East
2012,4597,i20,18,2070019,2022-01-08,Diesel,South
2013,2182,City,155,657091,2023-04-06,Diesel,Central
2014,4223,Swift,143,1068425,2022-09-12,CNG,South
2015,4042,XUV700,81,621002,2023-08-09,Petrol,South
2016,3667,City,107,2655025,2022-12-28,Petrol,Central
2017,3235,Creta,69,1556758,2024-09-29,Hybrid,Central
2018,4884,XUV700,80,2395310,2024-02-27,CNG,Central
2019,2121,Seltos,143,2307714,2022-07-28,CNG,East
2020,1130,XUV700,42,1925734,2022-09-24,Petrol,South
2021,3852,Swift,34,1932006,2023-10-18,CNG,Central
2022,2194,Creta,48,2789264,2024-09-23,Petrol,Central
2023,3983,i20,136,2015381,2023-07-08,CNG,East
2024,4033,Ertiga,138,650714,2024-01-06,Petrol,West
2025,1182,Baleno,5,2157175,2023-02-25,Petrol,South
2026,4030,Swift,116,1350159,2022-11-04,Hybrid,West
2027,1363,City,176,1410127,2022-05-17,Hybrid,West
2028,1038,Creta,117,1118131,2022-07-14,CNG,Central
2029,4598,Seltos,154,1066409,2023-08-29,Hybrid,East
2030,4959,Alto,108,1258753,2024-10-10,Diesel,South
2031,3544,Creta,23,1046142,2024-05-11,Diesel,South
2032,4587,City,62,2430893,2022-08-09,CNG,South
2033,2372,Baleno,13,1846447,2022-10-24,Petrol,West
2034,4029,Baleno,137,877210,2024-10-07,Hybrid,North
2035,1920,Harrier,20,2233467,2022-12-09,CNG,East
2036,4468,Ertiga,92,490638,2023-08-16,Diesel,North
2037,3769,City,108,1207864,2024-06-10,Petrol,West
2038,4232,Baleno,185,1944968,2022-03-18,Hybrid,Central
2039,1015,Harrier,152,2214149,2023-12-08,Petrol,North
2040,1492,Harrier,108,601207,2024-01-27,Petrol,North
2041,2449,Harrier,33,2933304,2023-08-13,Hybrid,East
2042,2131,Creta,148,1029323,2023-01-23,Hybrid,West
2043,3941,Harrier,188,893597,2024-07-15,Diesel,East
2044,4521,Swift,176,2773046,2023-09-29,Diesel,Central
2045,1310,City,64,2338003,2022-05-21,Petrol,South
2046,1738,Swift,30,581613,2023-03-24,Petrol,West
2047,4241,Alto,108,1415005,2022-10-20,Diesel,Central
2048,1545,Baleno,73,2556359,2023-12-16,Diesel,Central
2049,3461,Ertiga,109,2513537,2023-04-02,Petrol,North
2050,1250,Harrier,145,549389,2024-06-10,CNG,East
2051,1758,Seltos,100,1317897,2024-04-18,CNG,North
2052,2804,Seltos,14,1473457,2023-10-16,CNG,North
2053,4212,Baleno,19,1822481,2023-10-26,Hybrid,South
2054,2297,Alto,71,1961103,2024-02-04,Diesel,East
2055,4487,Seltos,59,2555460,2022-06-25,CNG,South
2056,2631,Swift,195,2869811,2023-05-25,CNG,Central
2057,4810,XUV700,97,1960548,2023-12-06,Diesel,South
2058,2914,Creta,44,653267,2023-08-25,Hybrid,Central
2059,4110,i20,160,1258463,2024-04-17,CNG,North
2060,1813,Seltos,111,1797693,2024-09-28,Hybrid,South
2061,1028,Ertiga,11,1508172,2022-02-20,Hybrid,East
2062,1957,Harrier,106,2559312,2023-11-17,Petrol,South
2063,3032,Ertiga,2,2748046,2022-09-23,Diesel,Central
2064,1476,City,125,742873,2023-08-29,Petrol,West
2065,1317,Creta,196,460843,2023-08-08,CNG,East
2066,1244,Swift,145,816219,2022-12-05,Petrol,Central
2067,1747,Alto,94,1790889,2023-01-09,Diesel,West
2068,1696,Creta,168,2329772,2023-08-03,Hybrid,East
2069,1271,i20,174,835293,2023-06-01,Hybrid,West
2070,4511,XUV700,93,2349090,2022-05-01,CNG,North
2071,2771,Seltos,4,472981,2024-04-16,Diesel,North
2072,2262,Alto,166,1127498,2023-07-24,Hybrid,South
2073,3424,Alto,63,727717,2022-02-12,CNG,South
2074,1265,Seltos,29,1163488,2022-03-13,Diesel,South
2075,3973,Seltos,19,2657093,2022-04-01,Diesel,South
2076,1920,Seltos,91,633151,2023-05-06,Petrol,West
2077,4430,Seltos,29,879221,2024-01-19,Hybrid,East
2078,1339,Seltos,163,687238,2024-09-24,Diesel,East
2079,1388,Alto,116,2130753,2023-01-18,Hybrid,South
2080,3624,Baleno,70,470656,2024-03-15,Hybrid,North
2081,4760,Baleno,123,2446294,2022-06-19,Diesel,Central
2082,3050,Ertiga,23,2880728,2024-07-06,Hybrid,South
2083,4500,Baleno,46,797931,2022-05-31,Petrol,South
2084,2165,i20,172,1841414,2023-03-07,CNG,North
2085,1375,Baleno,176,1744882,2023-03-27,CNG,Central
2086,4741,Alto,180,1549749,2023-10-05,Diesel,West
2087,3033,Seltos,8,760002,2024-02-19,Petrol,West
2088,3371,Harrier,183,2599132,2022-01-23,CNG,Central
2089,1145,Harrier,66,1943817,2023-01-02,Petrol,Central
2090,2981,i20,168,1022826,2023-10-13,Diesel,West
2091,1292,City,159,2440254,2024-03-30,Petrol,South
2092,4736,Alto,176,1440391,2022-08-27,Diesel,South
2093,1431,Swift,100,2645607,2023-03-10,CNG,North
2094,1704,Creta,61,2121654,2023-12-05,CNG,Central
2095,3996,Ertiga,112,899845,2024-07-30,CNG,South
2096,2998,Swift,52,2180096,2023-06-25,CNG,South
2097,3632,Alto,166,850615,2023-09-25,Hybrid,North
2098,1398,Baleno,36,2846304,2022-07-17,Petrol,Central
2099,3864,Seltos,112,552935,2023-04-27,Petrol,North
2100,4960,Swift,87,1197809,2024-05-18,Petrol,North
2101,4415,Creta,183,719631,2023-06-07,Diesel,West
2102,1963,City,85,1074660,2023-10-13,CNG,North
2103,4211,Harrier,13,2325739,2024-08-16,CNG,Central
2104,3234,City,165,2097630,2023-03-13,Hybrid,South
2105,3041,Creta,47,1814149,2024-05-06,Hybrid,South
2106,2828,Seltos,90,1709213,2022-11-10,CNG,West
2107,3108,Baleno,199,2438206,2022-01-19,Petrol,Central
2108,1938,Creta,22,836196,2024-03-28,Petrol,South
2109,4451,Ertiga,167,1780990,2022-05-02,CNG,North
2110,1709,Creta,58,1796013,2022-03-13,Diesel,East
2111,1806,Alto,30,685282,2023-04-05,Petrol,East
2112,2463,Baleno,146,612645,2022-06-18,CNG,East
2113,4390,Seltos,106,1940932,2023-08-05,CNG,East
2114,2325,Harrier,146,2378174,2023-09-21,Hybrid,North
2115,4415,Harrier,74,1754539,2022-01-26,Hybrid,South
2116,1010,Creta,167,1799347,2023-12-22,CNG,West
2117,2085,Alto,94,658312,2024-10-30,Diesel,North
2118,2868,Swift,154,2709346,2022-05-01,CNG,South
2119,3273,City,71,1191744,2022-05-06,Petrol,Central
2120,4224,City,7,950261,2023-07-03,Diesel,South
2121,4782,City,197,2074990,2022-10-24,Diesel,South
2122,3611,Swift,65,1372809,2023-11-17,Hybrid,South
2123,1771,Alto,46,1755110,2024-08-30,CNG,North
2124,2594,City,18,2809252,2023-09-27,Hybrid,South
2125,2607,Ertiga,141,761523,2023-01-17,Petrol,South
2126,4731,Swift,153,756450,2023-12-06,Hybrid,Central
2127,4932,Swift,8,2196688,2023-05-12,Petrol,Central
2128,4646,Seltos,74,2972287,2024-05-01,CNG,East
2129,2333,Seltos,160,1551332,2023-12-08,CNG,North
2130,1884,Baleno,145,1564927,2022-05-01,Hybrid,South
2131,4314,Ertiga,102,2706128,2023-09-18,Hybrid,East
2132,4564,Ertiga,79,582277,2023-06-10,Hybrid,East
2133,2389,Baleno,79,1975284,2024-01-22,Petrol,North
2134,4401,Ertiga,121,863069,2022-04-06,Diesel,East
2135,4178,i20,176,1966612,2022-01-27,Diesel,East
2136,1225,XUV700,63,952016,2024-04-15,Hybrid,North
2137,1824,City,40,524826,2023-05-02,Hybrid,West
2138,3265,Seltos,84,457858,2022-08-28,CNG,East
2139,1936,Baleno,15,2677313,2022-03-08,Hybrid,Central
2140,3800,Baleno,99,1346468,2022-08-19,CNG,East
2141,3553,Ertiga,134,2836288,2022-12-17,Petrol,North
2142,3306,Swift,121,2875481,2024-01-31,Petrol,North
2143,2911,Harrier,63,1884032,2024-05-12,Petrol,West
2144,4845,Creta,136,2335290,2022-12-23,Petrol,West
2145,4588,Creta,128,1663097,2024-10-26,Hybrid,Central
2146,2796,Baleno,112,2116611,2022-11-25,Hybrid,Central
2147,1053,City,111,648422,2024-06-29,CNG,East
2148,4118,i20,32,885741,2022-12-04,Hybrid,West
2149,1726,City,45,1399168,2024-05-31,CNG,Central
2150,3736,Baleno,122,2394191,2023-06-23,Petrol,East
2151,2544,City,180,2776881,2024-01-07,CNG,South
2152,4170,Seltos,82,2766427,2023-03-19,CNG,East
2153,2043,City,13,967670,2024-07-12,Hybrid,Central
2154,2913,Ertiga,24,1409237,2024-07-08,Petrol,East
2155,2776,Ertiga,168,1351031,2022-02-20,Diesel,South
2156,2596,i20,14,1667141,2022-05-29,Hybrid,Central
2157,2914,Seltos,70,1610584,2023-01-03,Hybrid,East
2158,4561,Harrier,62,487081,2023-08-03,Diesel,Central
2159,3466,Swift,120,2944966,2023-10-18,Petrol,East
2160,3737,Seltos,89,2211920,2022-03-17,Diesel,North
2161,1849,Alto,189,2124578,2022-08-15,CNG,Central
2162,3109,XUV700,1,2173843,2024-08-16,Diesel,Central
2163,4216,Baleno,194,936939,2023-08-15,Petrol,Central
2164,3263,Alto,126,2105601,2022-01-24,Petrol,Central
2165,1002,i20,32,2241926,2022-01-28,Diesel,East
2166,1159,Alto,141,685151,2022-05-01,Hybrid,West
2167,4810,Ertiga,161,687179,2024-05-02,Diesel,East
2168,1780,City,32,881818,2023-09-16,CNG,South
2169,4191,Swift,56,1001037,2024-06-08,Diesel,North
2170,1892,Creta,152,2873345,2022-01-31,Diesel,East
2171,3030,Baleno,91,946499,2024-05-19,Diesel,East
2172,4160,Creta,4,2420667,2022-02-19,CNG,Central
2173,3376,City,23,1475442,2023-12-27,Diesel,South
2174,1579,Ertiga,29,1957845,2023-01-24,Hybrid,Central
2175,2933,Ertiga,98,2829584,2024-08-01,CNG,Central
2176,2380,City,149,1556455,2024-10-11,Hybrid,West
2177,4681,Baleno,30,1366163,2023-04-20,CNG,North
2178,2290,Creta,90,1913419,2024-01-26,Petrol,West
2179,2640,Seltos,148,821501,2023-08-26,Petrol,Central
2180,1951,Ertiga,144,2323542,2024-07-14,CNG,North
2181,4394,Creta,67,1890426,2024-10-26,CNG,East
2182,3682,Harrier,177,1955506,2024-03-03,CNG,South
2183,1987,Creta,101,1728727,2023-02-16,Petrol,West
2184,4612,Harrier,58,1735977,2023-10-24,CNG,South
2185,4720,Harrier,172,1478360,2022-07-10,Petrol,Central
2186,2218,Ertiga,25,2256386,2024-02-25,Petrol,North
2187,1920,Baleno,23,1453272,2023-08-08,CNG,East
2188,3785,i20,187,755675,2024-08-16,CNG,North
2189,2355,Ertiga,129,434635,2023-05-15,CNG,South
2190,1169,Baleno,97,720687,2023-08-03,Petrol,South
2191,1520,Baleno,143,2393604,2024-03-26,Diesel,East
2192,2486,Alto,128,2508969,2024-02-19,CNG,East
2193,1039,City,81,920674,2024-07-31,Diesel,North
2194,2560,City,180,2814554,2022-09-22,Diesel,West
2195,4332,City,186,2104104,2022-01-07,Diesel,North
2196,2418,XUV700,169,2619627,2023-11-26,Hybrid,South
2197,1954,Ertiga,172,2720530,2024-09-18,Diesel,North
2198,4297,Baleno,4,989487,2024-07-06,Diesel,Central
2199,1983,Alto,196,1506358,2024-01-18,Petrol,North
2200,4195,Harrier,135,1961389,2022-05-26,Hybrid,North
2201,1974,i20,46,604635,2022-08-29,Petrol,Central
2202,1037,i20,9,416291,2024-05-06,Petrol,South
2203,3375,Harrier,161,622047,2022-10-14,Diesel,East
2204,2274,Creta,33,2325259,2024-08-09,Petrol,North
2205,4972,Creta,84,1273586,2022-01-26,CNG,West
2206,2199,City,132,1543111,2023-03-28,Diesel,East
2207,2625,Ertiga,65,826208,2022-04-16,CNG,West
2208,1913,XUV700,106,900269,2022-08-28,Diesel,North
2209,1453,Alto,34,832566,2022-11-28,Diesel,West
2210,1036,i20,85,1184077,2024-06-30,Diesel,East
2211,4387,City,88,408577,2023-10-07,Hybrid,West
2212,2711,Swift,192,954236,2022-02-04,Diesel,West
2213,4020,City,153,477700,2024-05-25,CNG,East
2214,1795,Swift,55,2764513,2023-01-19,Diesel,East
2215,1972,Seltos,137,1246610,2024-03-21,Diesel,East
2216,1592,Baleno,17,2677264,2024-01-18,Petrol,East
2217,2137,Harrier,149,1395774,2024-08-16,Diesel,Central
2218,4111,Baleno,188,1558233,2022-04-05,Diesel,North
2219,2324,City,141,2706154,2024-10-16,Diesel,East
2220,3271,Baleno,131,2302043,2022-07-24,Diesel,South
2221,1317,Alto,196,1017363,2024-04-13,Diesel,West
2222,3396,Seltos,4,2900037,2022-01-30,Diesel,East
2223,3162,XUV700,7,1114335,2022-09-23,Hybrid,East
2224,3745,Seltos,26,914591,2022-01-23,CNG,North
2225,2346,i20,24,1994493,2023-09-01,Hybrid,East
2226,2591,Alto,10,1277714,2022-02-08,CNG,Central
2227,4111,Baleno,13,2474903,2022-06-22,Hybrid,South
2228,2889,XUV700,125,1641111,2024-01-30,Diesel,South
2229,3087,Baleno,172,2805303,2023-02-18,Hybrid,East
2230,4930,Ertiga,39,1859920,2023-11-23,CNG,North
2231,2996,Ertiga,147,1974903,2023-09-07,Petrol,East
2232,2772,Creta,179,403857,2022-07-28,Petrol,West
2233,2312,Seltos,19,590091,2022-01-22,Diesel,South
2234,2285,XUV700,76,2064296,2022-01-05,Diesel,West
2235,1215,Ertiga,52,1441399,2023-10-13,CNG,Central
2236,4218,Creta,175,1668655,2022-08-02,Petrol,South
2237,3383,Alto,120,2772031,2024-07-08,Diesel,South
2238,4239,XUV700,158,2080806,2024-06-25,Hybrid,Central
2239,3139,Creta,46,1779872,2023-11-03,Hybrid,West
2240,3400,Harrier,149,1791639,2023-10-29,Petrol,East
2241,3618,XUV700,75,691900,2024-03-10,CNG,North
2242,4642,City,124,2351420,2022-11-13,Diesel,West
2243,3863,Creta,48,2863827,2024-03-03,Diesel,Central
2244,2704,Baleno,62,2550366,2023-07-30,Diesel,Central
2245,3828,City,58,1423655,2022-04-01,Petrol,Central
2246,1362,Harrier,18,994105,2024-01-31,Hybrid,South
2247,3604,Ertiga,108,988150,2024-02-09,CNG,East
2248,4416,Swift,187,1182409,2022-01-01,Petrol,South
2249,2716,Creta,48,1184256,2022-04-19,Petrol,South
2250,2193,Alto,63,1871828,2024-07-16,Diesel,South
2251,1355,Creta,12,2990815,2022-07-25,Hybrid,Central
2252,1190,Swift,34,2348092,2024-04-29,CNG,West
2253,4738,Harrier,189,690477,2023-08-13,CNG,North
2254,3469,Harrier,102,2402029,2023-09-15,Diesel,North
2255,1699,City,87,1402299,2024-08-22,CNG,East
2256,3054,XUV700,181,2536440,2024-08-22,Hybrid,East
2257,3180,Alto,25,1265020,2023-10-15,Diesel,Central
2258,4818,City,190,576339,2022-03-20,Diesel,North
2259,1556,Alto,132,694319,2023-02-19,Hybrid,West
2260,1825,Alto,141,2840954,2023-10-01,CNG,Central
2261,3808,Swift,170,771879,2024-03-01,Hybrid,East
2262,2054,City,49,1948244,2022-11-29,CNG,Central
2263,3582,Alto,78,2855269,2022-10-15,CNG,East
2264,1425,i20,184,2346350,2022-06-10,CNG,North
2265,4465,Swift,175,1120658,2022-11-16,Hybrid,Central
2266,3719,Harrier,136,938093,2024-07-12,Hybrid,South
2267,3410,Swift,55,1882309,2022-12-30,Petrol,East
2268,4508,Baleno,18,1503292,2023-04-20,Hybrid,South
2269,4741,Baleno,35,1582519,2024-10-19,Diesel,East
2270,2574,Alto,160,2337801,2024-02-05,Diesel,South
2271,4998,City,152,699519,2023-08-25,Diesel,North
2272,3129,Harrier,7,2149677,2022-11-08,Diesel,North
2273,3403,Swift,13,1978698,2023-08-12,Petrol,West
2274,4329,City,126,1976263,2022-12-09,Hybrid,West
2275,4789,Swift,112,1905883,2024-06-24,Hybrid,West
2276,1588,Swift,69,1787213,2022-06-21,CNG,Central
2277,3012,i20,100,1893340,2023-09-18,Hybrid,East
2278,2547,Baleno,90,1837486,2024-10-29,CNG,Central
2279,1294,Swift,42,754818,2023-11-13,CNG,West
2280,2985,i20,109,1460385,2022-11-07,Diesel,East
2281,2247,Baleno,159,922801,2024-07-02,Petrol,Central
2282,2548,i20,110,1163720,2023-03-06,Petrol,North
2283,4117,City,26,1106817,2024-05-07,Hybrid,East
2284,2690,XUV700,76,2691232,2022-10-12,CNG,West
2285,2136,Baleno,32,1008527,2023-05-10,Diesel,North
2286,2256,Ertiga,91,457942,2022-12-21,CNG,East
2287,3064,XUV700,125,1038466,2022-08-02,Diesel,Central
2288,1359,City,126,2139790,2024-03-27,CNG,West
2289,4294,Swift,52,1857765,2022-07-19,Hybrid,Central
2290,3913,Harrier,148,2848382,2024-05-02,Hybrid,North
2291,1699,City,103,2261886,2022-05-16,CNG,North
2292,1447,i20,105,787808,2024-08-05,Petrol,North
2293,3903,i20,168,1334609,2023-09-20,Diesel,East
2294,3412,i20,187,1037462,2024-07-05,Petrol,West
2295,1674,i20,14,2363692,2022-12-08,Petrol,North
2296,2007,City,172,1750655,2023-01-23,CNG,Central
2297,2349,Harrier,104,2529936,2022-01-04,Diesel,West
2298,3514,Creta,117,2921969,2023-11-08,Diesel,Central
2299,3461,i20,48,964153,2023-02-03,Hybrid,Central
2300,4526,Creta,93,2837997,2023-02-15,CNG,North
2301,1585,Harrier,171,811832,2022-08-01,CNG,West
2302,2256,Harrier,144,1198086,2023-07-14,CNG,South
2303,2247,XUV700,110,942118,2023-07-12,Hybrid,East
2304,1993,Baleno,163,809421,2023-07-12,Hybrid,South
2305,4902,Ertiga,53,966713,2023-05-17,Diesel,East
2306,2435,Alto,162,2978062,2023-10-06,Hybrid,West
2307,1571,Ertiga,3,1877643,2023-06-15,CNG,North
2308,3382,City,68,1702607,2024-08-10,CNG,West
2309,2245,Alto,133,800168,2024-02-26,Petrol,South
2310,3084,Harrier,138,2980129,2023-04-20,Hybrid,Central
2311,1988,Ertiga,52,2020269,2022-02-11,CNG,East
2312,1277,Seltos,157,2211703,2023-08-27,CNG,East
2313,2219,Baleno,96,1704092,2022-02-17,Diesel,South
2314,3963,Ertiga,31,667535,2023-12-29,Hybrid,North
2315,2887,Baleno,66,2970372,2022-08-09,CNG,West
2316,1483,Creta,91,1642116,2024-07-28,Diesel,South
2317,2265,City,69,415091,2022-12-09,Petrol,West
2318,4395,Baleno,165,736644,2022-06-04,Petrol,North
2319,1730,Creta,155,774924,2024-07-26,Diesel,Central
2320,3239,i20,87,842850,2024-04-20,Hybrid,West
2321,2040,Creta,33,689112,2023-01-22,CNG,North
2322,3571,City,68,2408621,2024-06-12,Hybrid,South
2323,1917,XUV700,187,2098265,2022-02-07,Diesel,Central
2324,3448,i20,192,1146577,2024-04-30,CNG,Central
2325,4977,Harrier,88,2862803,2023-12-30,CNG,Central
2326,1885,Swift,172,2942881,2022-08-19,CNG,East
2327,3752,Creta,95,651707,2023-03-28,Hybrid,North
2328,1021,Creta,108,1064393,2022-09-14,Hybrid,West
2329,1473,Baleno,177,2777552,2023-03-10,Diesel,South
2330,4191,Harrier,53,579594,2022-07-28,Petrol,Central
2331,3257,Ertiga,74,1832666,2022-05-17,Diesel,Central
2332,3353,Seltos,49,955476,2023-07-19,CNG,Central
2333,4341,Alto,113,2814430,2024-05-05,Diesel,North
2334,1703,Creta,114,1746808,2023-12-22,Petrol,South
2335,1686,Ertiga,194,2905347,2024-04-24,Diesel,North
2336,1284,Seltos,95,2172200,2022-02-05,Petrol,South
2337,1715,Alto,191,2136560,2022-01-27,Petrol,West
2338,4747,Swift,25,890320,2022-01-18,CNG,East
2339,1762,Baleno,132,467824,2023-09-22,Petrol,South
2340,2250,Ertiga,179,571503,2023-08-02,Hybrid,North
2341,1947,Baleno,139,2853843,2024-06-21,Diesel,North
2342,3428,Alto,145,2438560,2024-09-01,Diesel,North
2343,3507,XUV700,108,922040,2022-05-03,Hybrid,East
2344,2030,Creta,194,2050702,2024-08-14,Hybrid,South
2345,1028,i20,198,1557060,2024-09-27,CNG,South
2346,1906,Seltos,69,793423,2024-09-13,Diesel,South
2347,4104,Harrier,84,1449659,2022-12-04,Hybrid,South
2348,4717,City,157,2782431,2024-09-17,CNG,Central
2349,3926,Creta,85,2554261,2022-09-30,Diesel,Central
2350,3126,i20,119,1772074,2024-06-20,Diesel,North
2351,4999,City,72,1901093,2022-02-08,Hybrid,Central
2352,3994,Ertiga,20,724377,2023-11-13,Petrol,South
2353,3506,City,27,1676403,2023-03-02,Petrol,South
2354,1569,Swift,8,2972496,2022-11-11,Hybrid,Central
2355,3006,Creta,85,2712800,2023-09-06,Petrol,West
2356,4609,Baleno,61,2175322,2024-01-25,Diesel,North
2357,4553,XUV700,156,1500164,2022-06-06,CNG,East
2358,2453,Harrier,198,2266724,2024-05-21,CNG,North
2359,1737,Baleno,3,2624710,2024-02-16,Hybrid,North
2360,4356,i20,197,1788975,2022-09-14,CNG,North
2361,1515,Creta,7,2125713,2024-05-04,Hybrid,Central
2362,3000,XUV700,188,1570497,2023-09-27,Petrol,North
2363,4170,City,4,2710782,2023-04-01,Diesel,South
2364,3444,Creta,133,2465612,2022-02-16,Petrol,North
2365,4560,City,139,2066345,2022-01-10,Hybrid,South
2366,1038,Ertiga,125,1608436,2022-05-24,Diesel,Central
2367,4342,Swift,15,475018,2023-05-02,Diesel,Central
2368,1886,Alto,192,1327399,2024-10-27,Diesel,North
2369,3844,Creta,13,1659319,2023-08-14,Petrol,South
2370,3204,i20,118,1377074,2024-06-17,Diesel,South
2371,2098,City,7,2442003,2022-07-26,Petrol,South
2372,3931,Baleno,104,1805392,2024-06-28,Petrol,South
2373,2823,Ertiga,6,2448975,2022-09-16,Diesel,East
2374,4201,i20,184,1192553,2023-03-30,Hybrid,Central
2375,2710,Harrier,64,1531021,2024-03-09,Diesel,South
2376,1973,Alto,178,2827159,2023-01-10,Diesel,East
2377,4155,Ertiga,30,2122866,2023-04-09,Petrol,East
2378,4093,Swift,22,449987,2022-03-16,Diesel,Central
2379,4530,Alto,153,1549363,2022-08-30,Hybrid,West
2380,2562,City,156,2491823,2022-05-03,Diesel,North
2381,4778,i20,118,1877294,2022-04-21,Hybrid,Central
2382,3896,Harrier,84,2004552,2022-08-22,CNG,West
2383,4453,Seltos,167,2249955,2024-08-25,CNG,North
2384,3795,Swift,195,2229458,2023-05-12,CNG,North
2385,4511,XUV700,133,409495,2023-12-28,Diesel,North
2386,4675,City,193,2202632,2022-04-02,Petrol,East
2387,1988,Seltos,143,1379424,2022-12-03,Hybrid,South
2388,1020,Creta,90,706688,2023-05-28,CNG,North
2389,3350,Harrier,195,2475251,2023-08-26,Hybrid,South
2390,1868,Baleno,168,1025058,2023-03-04,Petrol,North
2391,1083,XUV700,121,1875785,2022-01-07,Hybrid,East
2392,4845,i20,106,2512139,2022-04-30,Hybrid,North
2393,2682,Harrier,69,550161,2023-01-22,CNG,Central
2394,2976,Alto,95,2038861,2023-10-03,Hybrid,West
2395,4524,Ertiga,77,1460041,2022-07-02,CNG,North
2396,2410,Alto,171,1960465,2023-11-28,Petrol,West
2397,2530,Alto,1,1219072,2023-07-19,CNG,West
2398,4328,Creta,150,2835293,2023-03-22,Hybrid,East
2399,1569,Swift,62,1460942,2022-07-19,Petrol,West
2400,4963,Baleno,154,1216327,2024-08-05,Diesel,East
2401,1933,XUV700,18,2259537,2023-05-28,Diesel,North
2402,4598,Swift,48,1036904,2024-09-16,Petrol,South
2403,4233,Harrier,137,2823695,2022-08-01,Petrol,East
2404,2980,Alto,1,1963790,2023-06-30,Hybrid,West
2405,4234,Creta,137,2998261,2023-05-01,Diesel,West
2406,2855,Harrier,151,1283654,2022-06-17,Petrol,North
2407,4056,Ertiga,107,2191599,2024-06-08,Diesel,East
2408,1792,Baleno,173,855066,2024-07-19,Diesel,North
2409,1791,XUV700,130,2839129,2024-04-07,Hybrid,East
2410,4595,Ertiga,142,1274756,2022-05-17,Petrol,South
2411,2809,Creta,38,1314150,2022-04-25,CNG,Central
2412,2294,Baleno,40,1628251,2023-05-31,Petrol,North
2413,3539,Harrier,191,493593,2023-11-19,Diesel,West
2414,3255,Alto,82,549519,2024-10-16,CNG,North
2415,4610,Alto,16,1532516,2022-10-20,CNG,East
2416,2607,City,127,2583829,2022-08-19,Diesel,North
2417,2083,Alto,117,2453923,2024-07-26,CNG,South
2418,3477,Seltos,93,1393381,2023-06-02,CNG,East
2419,1984,Alto,134,636729,2023-12-07,Petrol,West
2420,2680,Seltos,3,867894,2023-01-12,Diesel,West
2421,4676,i20,14,1562146,2023-03-13,Hybrid,East
2422,4380,Seltos,66,987344,2024-05-02,CNG,South
2423,1519,Baleno,95,481468,2024-08-27,Diesel,North
2424,1590,Ertiga,86,1309329,2023-05-14,Petrol,Central
2425,2050,Baleno,195,1154233,2023-08-23,Petrol,West
2426,2709,Ertiga,114,437880,2024-02-17,Petrol,South
2427,4633,City,159,401355,2022-03-11,CNG,South
2428,3035,i20,161,2603512,2022-07-24,Hybrid,South
2429,3246,Ertiga,129,2709846,2022-12-07,Petrol,North
2430,3434,Ertiga,172,610828,2022-04-28,Hybrid,South
2431,1348,Creta,15,2158490,2024-06-07,Diesel,South
2432,1959,Swift,37,1637863,2022-01-15,Petrol,East
2433,2963,Swift,155,1023426,2024-06-29,CNG,East
2434,1692,Creta,176,2498121,2023-09-19,Petrol,South
2435,2559,Alto,27,1809616,2023-11-21,CNG,South
2436,4899,Creta,12,1186686,2024-02-13,Diesel,East
2437,1377,Ertiga,67,1852098,2024-07-01,Hybrid,North
2438,3946,Ertiga,30,2038380,2022-04-30,Hybrid,East
2439,3963,Creta,96,2065941,2022-01-26,Hybrid,East
2440,4629,Creta,194,2434277,2022-03-05,Petrol,East
2441,1526,Alto,135,2184781,2023-04-05,Petrol,East
2442,4224,Baleno,34,1948890,2022-11-10,Diesel,Central
2443,3781,i20,32,2490025,2024-03-15,Hybrid,West
2444,3253,Harrier,117,2494867,2024-09-12,Diesel,North
2445,3502,Ertiga,39,2384303,2024-01-06,CNG,North
2446,4344,i20,96,2961809,2024-06-07,Petrol,South
2447,4965,Creta,171,2963660,2024-09-08,Hybrid,Central
2448,2259,Alto,171,2699113,2023-08-02,Petrol,South
2449,2875,Seltos,131,2398556,2024-08-29,Hybrid,North
2450,2763,Alto,174,1866117,2024-05-10,Hybrid,North
2451,1520,XUV700,160,883338,2023-12-08,Petrol,South
2452,2701,XUV700,43,1723631,2023-01-30,Petrol,West
2453,2016,i20,81,2133016,2023-04-29,Diesel,South
2454,4003,Swift,3,2257643,2023-10-28,Petrol,West
2455,4902,XUV700,74,2810475,2023-04-01,Petrol,West
2456,3773,XUV700,117,1684179,2022-07-29,Petrol,East
2457,2013,Baleno,63,2822841,2023-06-09,CNG,North
2458,3548,Seltos,111,640655,2023-11-07,CNG,East
2459,1116,Baleno,40,1312350,2024-09-28,CNG,North
2460,3433,Seltos,18,710748,2024-06-14,Diesel,East
2461,2367,City,67,1785052,2024-09-30,Diesel,West
2462,1583,Harrier,103,2513972,2022-11-03,Hybrid,East
2463,1394,Ertiga,190,1822991,2022-03-01,Diesel,Central
2464,2087,XUV700,138,570386,2023-01-21,Petrol,East
2465,4788,Ertiga,180,1413689,2022-02-25,Hybrid,East
2466,3768,XUV700,46,1519369,2022-06-17,Petrol,East
2467,1071,Baleno,55,1398091,2023-12-18,Hybrid,Central
2468,4860,Harrier,174,2065745,2024-05-14,Diesel,North
2469,1273,Baleno,75,414866,2023-04-27,CNG,East
2470,3013,Baleno,188,2146725,2022-12-06,Petrol,North
2471,2343,Seltos,97,1183834,2024-03-06,Hybrid,South
2472,1337,Swift,26,2741886,2024-06-10,CNG,West
2473,2389,Alto,155,1411567,2024-02-15,Petrol,South
2474,4566,i20,166,1739180,2023-08-24,Petrol,Central
2475,1606,Ertiga,22,448500,2023-03-13,CNG,Central
2476,1165,City,26,1648417,2022-06-01,Diesel,North
2477,2567,XUV700,197,922881,2024-07-22,CNG,North
2478,3058,Baleno,163,1180331,2023-06-24,Diesel,East
2479,2324,Swift,194,674272,2022-08-13,Hybrid,South
2480,1728,Baleno,73,1978066,2023-07-17,Diesel,North
2481,3848,Harrier,115,1287675,2023-07-12,Hybrid,North
2482,3043,Seltos,51,660731,2023-09-10,Hybrid,North
2483,1101,City,113,890010,2022-01-24,Hybrid,West
2484,4496,Alto,146,2052122,2023-01-03,Hybrid,North
2485,2415,Harrier,171,2363631,2024-09-25,Petrol,West
2486,1778,Creta,12,1104600,2022-12-01,Hybrid,Central
2487,1213,City,3,2580735,2022-01-03,Petrol,East
2488,4762,Baleno,120,1109649,2024-10-04,Petrol,South
2489,2111,Harrier,135,984352,2022-09-20,Hybrid,North
2490,2576,Alto,134,2594271,2022-05-01,Diesel,West
2491,3448,Swift,82,2196985,2022-01-21,Diesel,North
2492,3635,Swift,45,1922968,2024-06-23,CNG,North
2493,3936,Ertiga,127,1268773,2022-05-20,Petrol,West
2494,4117,Alto,86,1104259,2022-07-25,Petrol,North
2495,2695,Swift,115,486891,2022-02-12,Diesel,South
2496,4534,Harrier,167,881981,2024-04-29,Petrol,Central
2497,1591,Ertiga,179,1125329,2024-10-25,Diesel,East
2498,2333,Swift,9,433033,2022-07-26,CNG,North
2499,2109,City,151,2860450,2023-09-27,Hybrid,West
2500,3139,Seltos,12,1449954,2022-12-11,Hybrid,South
2501,4731,Creta,116,2163544,2023-01-07,Hybrid,North
2502,3720,Alto,88,1043392,2023-07-01,CNG,Central
2503,1713,Harrier,62,695761,2024-09-10,Petrol,Central
2504,1935,XUV700,104,2361624,2022-12-01,CNG,West
2505,2951,Baleno,73,1113695,2022-01-11,Petrol,North
2506,1241,Harrier,77,1734483,2022-03-16,Petrol,North
2507,3043,Swift,40,1589648,2024-08-04,Hybrid,North
2508,4936,Harrier,182,1845066,2024-07-01,Diesel,Central
2509,1001,XUV700,135,1764952,2023-12-11,Diesel,North
2510,3272,Baleno,17,1069587,2024-05-02,Hybrid,North
2511,3848,Ertiga,119,548351,2024-02-15,Petrol,North
2512,2768,Swift,126,1130264,2024-06-04,CNG,North
2513,2949,i20,178,1644588,2024-01-06,Hybrid,West
2514,3636,Swift,24,573808,2023-09-26,Hybrid,Central
2515,3163,Creta,2,2462622,2023-01-31,CNG,East
2516,4737,i20,92,1411008,2023-11-14,Petrol,West
2517,1917,Creta,161,802867,2023-02-25,Hybrid,North
2518,4174,XUV700,149,1270895,2022-12-30,Hybrid,East
2519,3241,Alto,117,407771,2022-04-03,Petrol,South
2520,4237,Baleno,53,741140,2022-09-23,CNG,East
2521,3918,Seltos,46,2477306,2022-07-25,CNG,West
2522,1089,Ertiga,45,2275842,2022-02-06,Diesel,Central
2523,2709,Seltos,9,2662341,2024-10-31,Diesel,West
2524,3169,City,6,2074154,2024-01-14,CNG,Central
2525,1142,City,51,2455196,2022-01-19,Diesel,Central
2526,4041,XUV700,119,1117497,2023-01-09,Diesel,Central
2527,1105,Alto,35,2838724,2022-04-04,Petrol,South
2528,1886,City,82,2505841,2022-02-01,Hybrid,East
2529,1427,Swift,181,1767918,2022-05-20,Diesel,West
2530,2328,Harrier,147,1965393,2024-08-30,Diesel,West
2531,2895,Creta,197,1974227,2024-01-03,Petrol,Central
2532,2994,City,25,2630975,2024-01-24,CNG,South
2533,1316,XUV700,139,1980646,2022-02-27,Diesel,South
2534,2986,Creta,17,2116476,2022-05-20,Hybrid,North
2535,1634,Swift,36,708135,2024-06-19,Diesel,South
2536,2925,Alto,96,2830171,2023-01-13,Hybrid,Central
2537,3056,Baleno,21,1147916,2024-07-10,CNG,Central
2538,3821,Seltos,18,1243087,2023-01-08,Diesel,East
2539,4144,Swift,188,987465,2024-02-17,Hybrid,Central
2540,4430,Ertiga,146,1203309,2022-06-16,Hybrid,East
2541,3270,i20,1,2362942,2023-06-07,Hybrid,South
2542,2439,XUV700,142,2515557,2023-08-07,CNG,North
2543,1552,Seltos,136,2613587,2023-05-16,Hybrid,West
2544,4441,Ertiga,194,2283637,2024-06-14,Petrol,Central
2545,1715,Baleno,51,446233,2024-09-25,CNG,South
2546,2287,Ertiga,79,1022260,2023-07-14,Hybrid,Central
2547,4911,Alto,188,2620963,2024-10-08,CNG,East
2548,2713,i20,162,1307529,2022-08-21,CNG,South
2549,2883,Creta,36,459269,2023-07-14,Petrol,West
2550,4389,Seltos,62,1027846,2024-07-09,Hybrid,East
2551,2107,i20,129,1539444,2024-05-10,CNG,South
2552,2341,Harrier,85,1900190,2024-05-21,CNG,West
2553,1110,Swift,42,1182170,2022-03-22,Hybrid,East
2554,1250,Harrier,1,2304898,2023-09-06,Petrol,West
2555,3430,Swift,54,2070247,2023-12-04,Diesel,South
2556,3054,Alto,175,1969198,2023-06-25,Hybrid,East
2557,1458,i20,100,841856,2024-02-04,Diesel,North
2558,2107,Baleno,39,2310700,2024-01-08,Hybrid,Central
2559,1207,City,158,1339957,2023-08-29,Hybrid,North
2560,1899,Ertiga,7,1677873,2023-09-14,CNG,West
2561,4461,City,150,1654022,2024-10-18,Hybrid,South
2562,4385,i20,121,904254,2022-07-15,Petrol,Central
2563,1021,Harrier,178,902542,2024-09-21,Petrol,South
2564,1409,City,45,1694530,2024-08-03,Hybrid,West
2565,1894,XUV700,74,1331229,2022-02-13,CNG,South
2566,1514,City,120,2965241,2023-01-28,CNG,East
2567,4198,Swift,72,2199283,2022-06-04,Diesel,East
2568,1808,XUV700,138,574115,2024-09-04,Hybrid,West
2569,4771,Seltos,142,897730,2022-02-28,Diesel,South
2570,1873,City,46,2067716,2022-04-20,CNG,West
2571,1013,XUV700,123,2574232,2023-04-24,Petrol,Central
2572,1970,i20,118,2054727,2023-09-10,CNG,South
2573,4025,Ertiga,75,2412889,2024-02-23,Petrol,East
2574,4061,Seltos,6,1989569,2023-08-24,Diesel,North
2575,4083,Baleno,21,463131,2024-07-28,CNG,East
2576,3134,Baleno,190,1262447,2024-09-18,Petrol,South
2577,4595,Alto,147,2297464,2023-06-15,Diesel,South
2578,3956,City,103,1133833,2024-10-23,CNG,South
2579,2560,Ertiga,88,1602737,2023-01-13,Hybrid,South
2580,2324,Creta,99,738084,2023-07-26,CNG,Central
2581,2266,XUV700,62,2858430,2023-08-10,Diesel,North
2582,3169,Seltos,107,2308924,2022-12-23,CNG,East
2583,4218,i20,83,1142886,2023-11-16,Diesel,Central
2584,4638,City,181,2820692,2024-05-07,Petrol,West
2585,1749,i20,152,2464475,2023-10-21,CNG,South
2586,4427,Creta,56,2501029,2022-02-04,Diesel,East
2587,1684,Alto,190,1008544,2024-10-03,Diesel,West
2588,2927,Creta,162,2177148,2023-04-06,Hybrid,North
2589,4804,Swift,22,1480394,2023-12-19,Petrol,East
2590,4702,Harrier,68,1155244,2023-05-27,Hybrid,Central
2591,3356,Seltos,185,2545707,2023-05-06,Hybrid,West
2592,1694,Harrier,10,1365684,2022-09-30,CNG,East
2593,3335,Creta,66,1833774,2024-10-09,Diesel,Central
2594,1306,Alto,8,922126,2023-06-11,Diesel,South
2595,4883,Alto,123,772072,2022-07-29,Diesel,East
2596,4665,Baleno,38,1475196,2023-09-16,CNG,South
2597,2989,City,123,783382,2022-06-22,CNG,West
2598,3961,Baleno,62,1771259,2023-03-23,Petrol,West
2599,4794,Seltos,156,483335,2022-01-11,Hybrid,West
2600,1661,Seltos,138,447285,2024-01-31,Petrol,South
2601,1548,Seltos,45,2941603,2022-11-19,Petrol,South
2602,4423,i20,65,2359859,2024-09-03,CNG,Central
2603,1311,Baleno,67,2518321,2023-03-21,Diesel,East
2604,3920,i20,137,2789669,2022-12-08,CNG,Central
2605,2082,Harrier,133,2028141,2022-08-09,CNG,South
2606,4714,City,106,2962538,2022-04-20,CNG,East
2607,3971,Creta,138,979408,2023-02-14,Petrol,West
2608,2737,XUV700,140,728520,2023-05-20,Diesel,Central
2609,1754,Baleno,82,978523,2022-02-09,CNG,Central
2610,1034,XUV700,58,1876021,2022-09-20,Petrol,Central
2611,1444,Alto,149,2321862,2023-12-09,CNG,South
2612,3140,Baleno,149,1988269,2024-04-02,Hybrid,East
2613,2982,Harrier,193,513307,2023-04-06,Diesel,West
2614,2230,Baleno,131,2861072,2022-08-05,Petrol,South
2615,1352,i20,69,2330667,2022-03-18,Hybrid,West
2616,1902,City,89,1584491,2024-06-10,CNG,North
2617,2355,Creta,64,624059,2023-01-25,Hybrid,North
2618,4888,Ertiga,177,2480708,2023-01-09,Hybrid,West
2619,3909,Creta,72,2637381,2023-10-16,Petrol,North
2620,2748,Creta,17,1536518,2024-06-22,Diesel,East
2621,1158,Alto,73,2876022,2024-01-14,Diesel,East
2622,2977,Harrier,160,1168180,2023-02-27,Petrol,South
2623,1956,XUV700,70,1297168,2024-05-02,CNG,West
2624,3071,Harrier,113,1696186,2024-04-10,Hybrid,South
2625,1403,Ertiga,21,1521544,2024-08-30,Diesel,East
2626,3852,Alto,135,654686,2023-09-21,Diesel,East
2627,1515,City,7,480684,2023-07-24,Hybrid,East
2628,3779,Creta,111,1415631,2022-05-02,CNG,Central
2629,2387,i20,27,865377,2022-06-08,Hybrid,North
2630,4453,Alto,8,1463250,2022-11-03,Petrol,South
2631,3579,Seltos,28,2909065,2024-01-21,Petrol,South
2632,1955,Baleno,194,1291751,2023-08-14,CNG,East
2633,3199,Harrier,199,1937411,2022-12-12,Diesel,Central
2634,4633,Alto,47,1554662,2022-05-29,Diesel,South
2635,2712,Seltos,86,2882605,2024-04-14,CNG,South
2636,3994,XUV700,10,1968468,2024-02-20,CNG,Central
2637,1607,Ertiga,114,1191588,2022-04-28,Petrol,East
2638,4688,Ertiga,33,2557858,2023-12-05,Petrol,Central
2639,3467,Creta,135,2712494,2022-11-13,CNG,North
2640,2273,Creta,131,2638195,2022-10-15,Diesel,South
2641,4188,Alto,14,1370644,2024-06-26,Hybrid,North
2642,3913,Alto,172,967696,2022-10-24,Hybrid,South
2643,2535,City,46,2680246,2023-03-19,Hybrid,North
2644,4811,Baleno,61,1586135,2024-06-19,Petrol,South
2645,3625,Swift,164,648670,2022-10-28,CNG,East
2646,3382,XUV700,13,1469573,2024-06-16,Diesel,West
2647,2441,Creta,16,2281464,2023-03-02,Petrol,Central
2648,3979,Swift,133,1448482,2022-09-07,CNG,South
2649,2797,Swift,38,2312996,2023-11-17,CNG,Central
2650,1294,Baleno,178,2425496,2024-01-22,Hybrid,South
2651,1754,i20,38,1954041,2024-09-24,Hybrid,West
2652,2394,i20,103,1869986,2023-02-10,Diesel,East
2653,1185,Creta,56,564857,2024-03-11,Diesel,East
2654,2269,Seltos,63,1682642,2022-09-01,Hybrid,Central
2655,1636,Baleno,120,1442867,2023-01-02,Hybrid,West
2656,2291,Baleno,48,2658507,2022-04-30,CNG,Central
2657,4714,Harrier,105,2684135,2024-04-29,Diesel,East
2658,4308,Swift,59,1543527,2023-03-09,CNG,North
2659,1529,Harrier,77,1303571,2022-07-02,Diesel,Central
2660,4623,Swift,172,1584348,2024-01-29,Diesel,South
2661,3068,i20,127,857359,2022-01-31,Petrol,East
2662,3958,Creta,55,1801094,2024-09-03,Hybrid,South
2663,4808,XUV700,55,1864389,2023-06-12,Petrol,West
2664,3914,i20,129,2661652,2024-05-13,Diesel,East
2665,1793,Baleno,136,1957795,2022-04-12,CNG,East
2666,4591,XUV700,127,1423189,2023-09-15,Diesel,Central
2667,3147,Alto,132,2264501,2024-03-15,Petrol,Central
2668,3799,XUV700,85,1573650,2023-02-12,Hybrid,South
2669,1477,XUV700,115,1437634,2024-04-09,CNG,Central
2670,2622,i20,181,693996,2024-02-28,Diesel,North
2671,4369,Baleno,58,2245940,2023-09-10,Diesel,East
2672,1939,XUV700,37,2757498,2023-07-03,Hybrid,West
2673,1525,i20,49,1274977,2022-10-18,Diesel,East
2674,3381,i20,67,1381706,2023-02-26,Diesel,South
2675,1001,XUV700,19,1699113,2022-06-30,Hybrid,Central
2676,1374,Swift,129,692009,2023-10-17,Petrol,East
2677,3340,Baleno,29,1591937,2022-04-24,Petrol,Central
2678,3884,Ertiga,87,1935621,2022-09-17,Petrol,South
2679,4052,XUV700,33,1256702,2022-09-01,Petrol,Central
2680,1552,Harrier,119,828737,2023-02-27,CNG,West
2681,3365,Harrier,180,2372585,2022-12-01,CNG,South
2682,2525,Alto,169,513209,2022-09-28,Hybrid,East
2683,2851,Baleno,151,1645167,2023-03-30,Hybrid,East
2684,1380,i20,133,1912013,2023-08-17,Hybrid,West
2685,2646,City,71,1433196,2024-10-06,CNG,North
2686,1013,Creta,185,1433504,2024-05-05,Diesel,Central
2687,1503,Seltos,134,2515561,2022-05-12,CNG,East
2688,3278,City,177,1755253,2024-02-07,Petrol,West
2689,3008,Baleno,22,1872267,2023-05-16,Petrol,Central
2690,4155,Baleno,77,1988191,2022-05-15,Diesel,South
2691,1129,XUV700,4,979632,2024-02-06,Hybrid,West
2692,4814,XUV700,72,1650125,2024-03-22,CNG,South
2693,1837,City,192,609074,2024-02-09,Diesel,South
2694,4216,i20,165,2547908,2022-04-04,Diesel,South
2695,3938,Alto,159,877038,2022-06-14,CNG,Central
2696,4928,XUV700,165,576031,2022-11-21,Diesel,North
2697,3040,Seltos,128,2049211,2024-07-28,Hybrid,South
2698,1027,Seltos,45,418733,2023-09-12,CNG,East
2699,3113,Alto,136,847427,2022-08-19,CNG,Central
2700,4234,Swift,168,2020957,2023-08-05,Diesel,Central
2701,2252,Swift,93,2681740,2024-01-03,Hybrid,South
2702,1260,Baleno,5,437487,2023-11-02,Hybrid,East
2703,3046,XUV700,156,440849,2023-02-07,Petrol,West
2704,2472,Harrier,104,2904918,2022-05-01,CNG,Central
2705,2447,City,81,2218594,2023-12-28,Petrol,South
2706,1459,Ertiga,87,2049264,2023-01-20,Hybrid,South
2707,4747,Alto,137,2101984,2023-04-21,Hybrid,North
2708,1300,Baleno,130,2588082,2023-07-14,Petrol,North
2709,3966,Harrier,63,2325478,2023-01-24,CNG,West
2710,4374,XUV700,51,1855499,2024-02-29,Petrol,West
2711,3334,Harrier,116,1281455,2024-01-23,Hybrid,West
2712,4466,Harrier,113,2968551,2023-12-05,Hybrid,West
2713,4081,Alto,31,890486,2022-02-22,Diesel,South
2714,4778,Baleno,7,691162,2023-07-21,Diesel,South
2715,1629,i20,158,1404667,2024-03-31,Petrol,South
2716,1269,Seltos,186,1207463,2024-05-11,Diesel,East
2717,3639,City,3,1644812,2022-11-18,Hybrid,West
2718,2993,Baleno,51,770570,2024-04-06,CNG,East
2719,2628,Ertiga,56,2415653,2023-03-09,CNG,Central
2720,2801,Harrier,73,1989583,2022-02-27,Petrol,Central
2721,3891,i20,10,400056,2024-10-14,Diesel,South
2722,1861,Alto,61,2740501,2024-01-21,Petrol,Central
2723,4432,Creta,50,1070712,2022-07-01,Diesel,South
2724,2280,City,122,911854,2023-08-30,CNG,West
2725,3180,City,175,2282828,2024-08-18,Diesel,East
2726,4347,Seltos,1,2304081,2022-04-15,Diesel,South
2727,2799,Creta,185,2192284,2023-08-30,Petrol,North
2728,2706,XUV700,38,2972673,2024-09-16,CNG,North
2729,4019,Creta,190,2942337,2023-04-29,Diesel,West
2730,3560,Harrier,79,1101916,2022-05-09,CNG,East
2731,3360,Harrier,89,2169731,2022-11-15,Diesel,South
2732,1575,Harrier,198,1600520,2023-12-08,CNG,West
2733,3933,Harrier,82,1653975,2023-05-24,Diesel,East
2734,3003,Baleno,193,1521648,2022-01-20,Hybrid,North
2735,2307,City,190,2484023,2024-01-22,CNG,South
2736,4192,Creta,184,1048207,2022-08-23,Hybrid,East
2737,4178,City,67,1796688,2023-08-29,Hybrid,Central
2738,2956,Ertiga,17,1153646,2023-07-08,Hybrid,South
2739,3734,Creta,127,1402581,2023-03-29,Diesel,Central
2740,3020,Baleno,112,2082118,2023-08-09,CNG,West
2741,4275,Ertiga,136,1971849,2024-09-10,Diesel,East
2742,3212,City,60,1388323,2023-02-27,Diesel,East
2743,3352,Ertiga,40,2921111,2022-01-06,CNG,East
2744,4568,Seltos,89,2408639,2023-04-03,Petrol,East
2745,2655,Ertiga,190,2728887,2023-07-08,Diesel,South
2746,2579,Creta,41,1611853,2023-06-06,Hybrid,Central
2747,2847,Harrier,140,2514797,2024-04-25,Diesel,Central
2748,3203,Harrier,115,1561237,2023-07-05,Petrol,West
2749,2390,XUV700,100,1782193,2022-01-11,Hybrid,West
2750,2742,City,117,1237166,2023-05-12,Diesel,East
2751,2925,Seltos,182,1951126,2024-01-15,CNG,North
2752,1619,Creta,89,2134367,2023-05-04,Hybrid,North
2753,2274,Creta,93,2033778,2024-01-06,Petrol,East
2754,1956,Alto,139,1466458,2023-04-03,Diesel,Central
2755,2939,Swift,60,609611,2023-04-09,CNG,West
2756,4953,City,68,1360850,2022-02-12,Hybrid,South
2757,3381,Creta,78,2641203,2023-06-23,Hybrid,North
2758,4713,i20,46,1549089,2023-07-22,CNG,West
2759,1968,Creta,38,2878047,2022-05-01,Petrol,North
2760,3558,Alto,189,605908,2023-09-17,Hybrid,Central
2761,2316,Ertiga,17,2617506,2022-11-12,Petrol,Central
2762,2043,Baleno,66,2309225,2024-10-18,Petrol,East
2763,1281,Baleno,36,506500,2023-09-13,CNG,East
2764,3844,i20,74,701062,2023-03-30,Hybrid,North
2765,4072,i20,7,2377000,2023-11-18,Diesel,North
2766,3166,XUV700,16,645377,2023-09-16,CNG,West
2767,2058,Baleno,14,2000649,2023-09-04,CNG,East
2768,1197,Ertiga,80,655333,2024-08-16,Petrol,Central
2769,3532,Baleno,25,744901,2023-10-09,Diesel,West
2770,4828,Swift,105,2391258,2024-02-02,CNG,West
2771,2082,City,4,2334498,2022-08-28,Petrol,South
2772,3884,Baleno,157,996285,2024-01-04,Hybrid,Central
2773,2184,Harrier,127,1138761,2023-01-12,Petrol,West
2774,2008,XUV700,56,2758524,2022-01-04,Diesel,South
2775,3738,Alto,6,2344776,2024-03-04,Diesel,East
2776,2229,i20,129,2488467,2024-04-25,Petrol,Central
2777,2035,Swift,167,1652516,2022-07-16,Hybrid,East
2778,1489,i20,129,1235815,2023-01-24,Diesel,South
2779,1275,XUV700,115,1317831,2022-09-18,Diesel,Central
2780,3740,Creta,191,2323309,2023-08-26,Hybrid,North
2781,3289,Swift,57,475614,2022-04-04,CNG,North
2782,2239,Seltos,195,2767344,2022-05-16,Diesel,North
2783,2274,Swift,65,631673,2023-06-09,Petrol,West
2784,4882,XUV700,65,1707983,2023-05-13,Hybrid,North
2785,1125,Alto,103,2744219,2022-04-22,Diesel,West
2786,1216,Swift,21,2947909,2023-01-04,CNG,West
2787,4377,XUV700,158,838687,2024-07-24,Diesel,South
2788,4868,Ertiga,33,599387,2024-02-07,CNG,North
2789,2208,City,176,774154,2023-08-09,Diesel,Central
2790,4110,Baleno,22,2772521,2023-11-04,Diesel,West
2791,2246,Ertiga,182,1939869,2023-05-26,Petrol,South
2792,4255,XUV700,110,1126231,2023-12-14,Hybrid,West
2793,3542,Harrier,4,2105585,2024-03-30,Hybrid,Central
2794,3474,Creta,183,1910190,2023-01-12,Petrol,Central
2795,4249,Baleno,172,490721,2023-06-29,Hybrid,North
2796,1918,Harrier,140,427134,2022-03-14,Hybrid,West
2797,4499,Alto,74,2170389,2024-08-31,Hybrid,Central
2798,2317,i20,119,2378524,2023-05-19,Diesel,East
2799,4923,Seltos,180,572193,2024-03-15,Diesel,Central
2800,3198,Baleno,93,2714281,2023-12-11,CNG,Central
2801,3431,Ertiga,65,653107,2022-11-21,CNG,West
2802,2661,Creta,65,1840046,2023-01-23,Hybrid,Central
2803,4884,Harrier,10,2011081,2024-04-07,Hybrid,South
2804,1307,XUV700,146,815282,2022-08-28,Hybrid,Central
2805,2359,Baleno,47,1971829,2024-09-02,Petrol,East
2806,2969,i20,66,2494508,2022-01-31,Diesel,Central
2807,3793,XUV700,49,1567479,2023-04-24,Hybrid,North
2808,1891,Harrier,22,2440906,2023-12-18,Hybrid,West
2809,1374,Creta,86,1643125,2022-03-09,Diesel,East
2810,4079,Swift,26,566561,2024-10-02,CNG,South
2811,3033,i20,137,2521850,2023-06-22,Hybrid,Central
2812,2364,XUV700,149,1361164,2022-10-18,Hybrid,Central
2813,1128,i20,95,1730357,2024-09-01,Hybrid,South
2814,2014,Alto,191,2676248,2022-01-24,Hybrid,Central
2815,2799,XUV700,107,2295413,2023-02-19,Diesel,North
2816,3716,Baleno,134,2268564,2024-04-30,Diesel,East
2817,4423,Swift,14,1530752,2024-08-19,Diesel,Central
2818,2381,Swift,161,600633,2023-11-12,CNG,South
2819,1516,Seltos,71,1651925,2022-04-11,Hybrid,South
2820,2518,i20,152,403654,2023-06-30,CNG,East
2821,1085,Ertiga,75,2275436,2022-02-08,CNG,North
2822,2198,Swift,120,2991923,2022-07-30,Diesel,East
2823,4873,Swift,112,2404116,2024-01-12,Hybrid,Central
2824,4264,Alto,51,1281811,2023-08-15,Hybrid,North
2825,3358,City,130,465355,2024-01-20,CNG,North
2826,2142,Alto,143,1117479,2022-06-21,Petrol,South
2827,4289,Alto,163,882312,2024-04-17,Petrol,North
2828,3474,City,36,1494833,2023-03-18,Hybrid,Central
2829,2993,i20,118,1037723,2023-06-18,Hybrid,Central
2830,4485,XUV700,167,1554442,2022-12-31,CNG,Central
2831,3161,Creta,4,1703135,2023-01-02,CNG,West
2832,4216,Ertiga,192,1338314,2022-10-23,Diesel,North
2833,4609,Swift,6,2255319,2023-08-29,CNG,North
2834,4719,Seltos,185,1561271,2024-01-26,CNG,Central
2835,1302,Ertiga,158,2663144,2023-06-07,Petrol,South
2836,3791,XUV700,110,1981602,2022-09-22,Petrol,North
2837,4952,City,99,1259856,2023-01-17,Petrol,West
2838,1587,Ertiga,122,2297240,2023-03-07,Petrol,North
2839,1986,Swift,117,2867696,2023-01-24,CNG,East
2840,2863,Ertiga,96,667618,2022-02-23,Hybrid,West
2841,1344,Creta,67,2556178,2022-01-24,Petrol,South
2842,1813,City,120,466024,2023-01-30,Diesel,West
2843,2987,Ertiga,15,2764918,2023-09-25,Diesel,West
2844,3848,Swift,17,1894065,2022-04-29,CNG,North
2845,4072,Swift,18,759510,2024-09-09,Diesel,West
2846,4218,Ertiga,115,439214,2022-07-11,Petrol,Central
2847,2310,i20,147,1017472,2023-05-02,Hybrid,West
2848,2999,Seltos,76,1173500,2023-09-25,Hybrid,North
2849,2677,Harrier,88,760377,2023-12-22,Petrol,Central
2850,4124,Alto,197,589065,2023-01-19,Diesel,South
2851,2327,City,152,2129159,2024-03-22,CNG,East
2852,2092,Harrier,91,2781161,2022-12-12,Hybrid,West
2853,3408,XUV700,48,1381153,2023-04-18,Petrol,Central
2854,4673,XUV700,158,443026,2023-11-07,Petrol,Central
2855,4291,Swift,15,489037,2022-01-03,Diesel,South
2856,2009,XUV700,175,1474351,2024-07-13,CNG,South
2857,1703,i20,123,1346584,2024-05-25,CNG,East
2858,1574,Seltos,127,1125783,2024-09-10,Diesel,East
2859,2608,XUV700,172,1992238,2024-08-30,Petrol,North
2860,4232,Creta,98,720595,2023-01-14,Diesel,East
2861,4752,Seltos,155,2942967,2022-05-18,Diesel,East
2862,2112,i20,84,939972,2022-05-05,Diesel,Central
2863,1687,Harrier,192,948290,2024-07-22,Petrol,West
2864,3828,Seltos,41,792848,2023-04-25,Hybrid,West
2865,3632,Seltos,96,859369,2023-07-24,Petrol,East
2866,4828,Harrier,68,1942666,2022-03-07,Hybrid,North
2867,3636,i20,5,1454885,2024-05-01,Hybrid,North
2868,4230,XUV700,53,1795395,2023-03-08,Diesel,West
2869,1488,Swift,122,543206,2023-08-24,CNG,South
2870,4018,City,136,2120026,2024-05-05,Diesel,Central
2871,2347,Harrier,22,1726289,2022-01-06,Petrol,East
2872,4681,Harrier,106,1349731,2022-06-07,CNG,Central
2873,4452,Harrier,7,1334112,2022-11-26,CNG,East
2874,4173,Harrier,150,1655617,2022-08-11,Petrol,East
2875,1493,City,46,1054735,2023-02-06,Petrol,West
2876,2667,City,30,1034936,2023-06-29,Diesel,Central
2877,2637,XUV700,126,2521672,2023-05-24,Petrol,Central
2878,1018,Ertiga,101,1919216,2022-07-03,Hybrid,South
2879,4525,Ertiga,144,419734,2024-07-03,Hybrid,South
2880,4553,Baleno,79,2304371,2023-08-04,CNG,Central
2881,4665,Harrier,133,649972,2023-06-22,Diesel,South
2882,3444,Harrier,67,2251265,2023-06-02,Diesel,South
2883,2000,Seltos,23,1676502,2024-02-07,CNG,East
2884,4350,Ertiga,189,2925052,2022-10-22,Petrol,West
2885,1850,XUV700,74,1710470,2024-10-11,Diesel,East
2886,2388,Swift,5,2288227,2022-09-17,CNG,South
2887,2354,Baleno,151,1320363,2024-04-05,CNG,East
2888,4712,Baleno,82,2856688,2022-11-12,Hybrid,East
2889,2367,XUV700,25,2818623,2024-01-16,CNG,North
2890,1821,Swift,8,513827,2023-12-20,Petrol,East
2891,1454,Seltos,149,2964118,2023-11-11,Petrol,East
2892,2624,City,2,965992,2024-05-03,Petrol,West
2893,3772,Alto,22,1246811,2023-04-06,Petrol,Central
2894,4726,Ertiga,72,1079678,2024-03-17,CNG,North
2895,4136,Harrier,87,2053851,2024-03-03,Diesel,North
2896,4147,XUV700,72,1822281,2024-07-18,CNG,North
2897,1710,Ertiga,68,2934002,2022-05-29,Diesel,North
2898,3190,Harrier,64,2331470,2024-02-07,Diesel,West
2899,1916,Alto,94,1166032,2022-12-11,Diesel,Central
2900,4986,Alto,19,2254054,2024-08-31,Hybrid,West
2901,3875,City,128,2571362,2024-07-10,Petrol,North
2902,3652,i20,87,518724,2022-01-30,Hybrid,Central
2903,2496,Alto,82,1863702,2023-12-31,CNG,West
2904,2440,Ertiga,181,2377583,2024-09-08,Hybrid,Central
2905,1304,Creta,87,2545544,2022-08-19,Diesel,West
2906,1735,Creta,97,2034336,2023-12-30,CNG,Central
2907,4568,Harrier,52,2740898,2024-01-16,Petrol,West
2908,3338,Harrier,175,1519480,2023-02-03,Diesel,North
2909,2963,i20,82,2324071,2022-04-05,Petrol,North
2910,3149,Creta,182,707479,2023-04-20,Hybrid,North
2911,3009,Harrier,172,422487,2024-02-14,Petrol,West
2912,4338,Alto,97,1524503,2024-03-10,CNG,Central
2913,3914,Harrier,135,1241254,2024-08-01,Diesel,Central
2914,4015,Baleno,115,1452184,2024-10-19,Petrol,South
2915,4693,i20,92,1553758,2023-09-13,Hybrid,East
2916,4021,XUV700,1,1678970,2024-05-09,CNG,North
2917,3889,Swift,63,1371416,2024-08-21,Diesel,North
2918,1961,Seltos,167,2351007,2024-03-23,Hybrid,North
2919,3989,Swift,19,2597956,2022-04-05,Diesel,South
2920,4848,Swift,31,2958571,2022-02-02,Petrol,South
2921,2026,City,77,2146282,2022-05-02,Hybrid,South
2922,3132,XUV700,121,1584878,2022-08-06,Hybrid,North
2923,4865,Harrier,24,950008,2024-03-05,Petrol,Central
2924,3375,City,69,1879394,2022-06-25,Hybrid,North
2925,3863,Swift,193,415050,2022-10-19,Hybrid,South
2926,2473,Baleno,161,1824073,2023-05-06,Hybrid,South
2927,3501,Seltos,59,1434337,2024-01-31,Petrol,East
2928,2947,Swift,114,1630963,2023-09-26,Petrol,West
2929,3676,Creta,161,1762884,2022-05-05,Diesel,East
2930,4292,XUV700,160,1216566,2023-08-27,Petrol,East
2931,2177,XUV700,187,854887,2024-07-26,Hybrid,North
2932,1664,XUV700,101,414284,2023-05-06,Petrol,West
2933,1011,i20,169,1845215,2023-07-19,Hybrid,West
2934,2156,i20,12,1477153,2022-06-17,Hybrid,North
2935,1303,Alto,119,1046155,2024-01-29,Hybrid,Central
2936,4364,Ertiga,139,1185367,2022-09-06,Petrol,North
2937,4022,Seltos,97,1828967,2022-06-29,Hybrid,Central
2938,4371,City,147,721044,2022-01-28,Diesel,Central
2939,2763,Harrier,182,2319614,2022-04-27,CNG,West
2940,3830,Swift,57,1385372,2023-12-04,CNG,North
2941,1042,Ertiga,42,2765362,2023-10-19,Diesel,North
2942,1943,Harrier,98,1176827,2024-04-11,CNG,West
2943,3390,City,199,1815062,2022-09-19,Diesel,East
2944,2349,Ertiga,31,2948256,2023-09-18,Petrol,North
2945,4885,Harrier,180,1602252,2024-02-24,CNG,South
2946,3545,Baleno,2,1737284,2022-07-16,Diesel,South
2947,3411,i20,166,723573,2023-11-15,Diesel,North
2948,1890,City,32,1285032,2024-05-23,Hybrid,Central
2949,3474,Seltos,138,2061257,2022-11-29,Petrol,West
2950,2004,Creta,105,1477517,2023-12-21,Diesel,Central
2951,1020,Baleno,136,2421591,2022-03-20,CNG,South
2952,1406,i20,75,2797258,2022-07-16,Hybrid,South
2953,3666,XUV700,105,2666797,2022-08-14,Hybrid,West
2954,2014,i20,148,1307842,2023-08-18,Hybrid,South
2955,1335,Ertiga,148,2916060,2024-07-01,Petrol,East
2956,2838,Alto,127,566835,2024-01-05,Diesel,South
2957,4188,Baleno,9,1101040,2024-07-07,Petrol,Central
2958,2147,XUV700,15,1043300,2023-06-21,Diesel,Central
2959,3446,Ertiga,97,2110329,2022-08-08,Hybrid,East
2960,3840,City,105,805770,2022-10-20,CNG,Central
2961,2827,Seltos,63,2666091,2022-07-21,CNG,Central
2962,1714,i20,21,609176,2022-02-01,Petrol,Central
2963,1050,City,5,2075194,2023-12-17,Hybrid,North
2964,4854,XUV700,125,2148951,2024-01-23,Diesel,East
2965,1323,Ertiga,163,1715777,2024-10-13,Petrol,East
2966,1788,Alto,85,2749722,2022-04-25,Hybrid,South
2967,1140,i20,196,2055890,2023-12-23,Petrol,East
2968,1469,Seltos,113,1978169,2022-07-01,CNG,West
2969,1786,Alto,176,723420,2024-02-10,Hybrid,East
2970,2825,Harrier,80,2738442,2023-04-14,Petrol,West
2971,2357,Ertiga,190,2390198,2023-03-02,Diesel,Central
2972,2916,City,116,1324178,2024-04-13,CNG,West
2973,1963,i20,163,573403,2023-04-30,Diesel,North
2974,4055,i20,198,546388,2022-01-11,Petrol,Central
2975,1372,XUV700,97,1071577,2022-02-11,Hybrid,West
2976,4635,Seltos,21,2433621,2022-05-03,CNG,Central
2977,3541,Creta,80,1559621,2023-12-02,Diesel,North
2978,4610,Harrier,39,2904970,2022-09-09,Diesel,Central
2979,2692,Alto,162,1462563,2024-08-30,Hybrid,Central
2980,3798,Baleno,121,937831,2023-08-27,Petrol,East
2981,2179,Baleno,124,1738664,2022-08-01,Diesel,South
2982,3338,i20,143,1064504,2022-09-25,Petrol,West
2983,2671,XUV700,6,438459,2024-10-02,Petrol,South
2984,4215,Swift,194,955029,2023-12-08,Petrol,North
2985,1105,i20,56,2173951,2023-06-24,Hybrid,North
2986,2443,Baleno,49,2098941,2023-12-07,Petrol,Central
2987,3717,Baleno,92,1911526,2024-10-07,CNG,South
2988,2681,Harrier,129,1174071,2023-09-11,Hybrid,West
2989,1001,City,65,2829037,2023-05-13,Diesel,West
2990,3636,Swift,28,993465,2024-10-17,Hybrid,Central
2991,3691,i20,100,1431232,2024-02-21,Diesel,West
2992,3137,Harrier,148,2109527,2022-05-06,CNG,East
2993,4416,XUV700,176,2460957,2024-04-20,Petrol,South
2994,1349,Harrier,72,2688658,2024-09-09,Petrol,North
2995,4530,i20,65,2788351,2022-01-12,Petrol,West
2996,2286,Ertiga,51,2765412,2023-05-31,Petrol,West
2997,4422,Creta,171,1057767,2022-11-12,Hybrid,West
2998,4179,i20,49,1153091,2024-10-28,CNG,Central
2999,4657,Seltos,153,2459435,2022-11-10,Diesel,North
3000,2062,Baleno,74,618102,2023-07-01,Hybrid,South
3001,3956,Swift,169,1548348,2022-02-08,Petrol,West
3002,3206,Swift,199,1635092,2022-09-10,Petrol,East
3003,4654,City,192,752265,2022-10-30,Petrol,Central
3004,4006,Creta,189,619055,2024-09-05,Diesel,South
3005,3359,Seltos,12,2995687,2022-09-15,Diesel,West
3006,4312,Baleno,104,2130174,2024-09-26,Hybrid,South
3007,1444,Swift,81,504627,2023-06-26,CNG,Central
3008,3345,Seltos,197,2145639,2023-10-02,Diesel,East
3009,1951,Harrier,127,1614844,2023-07-06,Hybrid,West
3010,1035,City,14,2181157,2023-04-06,Diesel,East
3011,2107,i20,34,2247746,2022-08-12,Hybrid,Central
3012,2475,i20,48,2250780,2022-04-02,Petrol,East
3013,4957,Ertiga,61,2442249,2022-10-07,Diesel,Central
3014,2798,Baleno,35,1433546,2022-09-05,Petrol,East
3015,2845,Seltos,119,2221104,2024-05-15,CNG,South
3016,2408,Alto,65,581410,2022-03-19,Petrol,South
3017,2195,Swift,59,1562161,2023-04-03,CNG,Central
3018,2399,XUV700,36,1354359,2023-08-09,Diesel,South
3019,2708,XUV700,147,1323732,2022-02-14,CNG,East
3020,2385,i20,42,2648269,2022-02-07,Petrol,East
3021,3606,Alto,69,614740,2023-02-20,Diesel,West
3022,3938,XUV700,147,2704815,2022-09-02,Hybrid,Central
3023,3188,Creta,107,948606,2023-05-08,Diesel,South
3024,3934,Creta,39,1769178,2022-11-19,Hybrid,Central
3025,4989,Baleno,69,2904163,2023-04-13,Petrol,South
3026,4189,Alto,180,1053077,2022-03-28,Diesel,West
3027,2300,Creta,12,2716994,2022-03-21,Hybrid,East
3028,3773,Creta,83,2675597,2022-08-16,Petrol,East
3029,2243,i20,175,2135496,2023-04-28,CNG,North
3030,4976,XUV700,36,1459858,2023-09-15,Hybrid,Central
3031,4097,Baleno,126,1511649,2024-08-05,CNG,South
3032,1520,Seltos,63,642720,2023-04-30,Diesel,North
3033,2806,Harrier,76,1907114,2024-04-19,Hybrid,Central
3034,1009,Swift,82,2812196,2022-01-25,Petrol,South
3035,1983,Swift,51,2665712,2024-02-18,Petrol,West
3036,3425,City,43,729649,2024-07-19,CNG,Central
3037,2656,Harrier,34,2784756,2024-03-05,Petrol,South
3038,2660,Harrier,97,412155,2024-01-23,Diesel,East
3039,3729,Swift,49,777150,2023-03-02,Diesel,Central
3040,3631,Swift,146,2098939,2023-10-22,CNG,South
3041,3199,Seltos,125,1437683,2023-11-16,Hybrid,East
3042,1719,Alto,189,2125762,2023-07-01,Petrol,East
3043,2072,Alto,57,2440295,2024-07-04,Diesel,North
3044,4225,Seltos,93,777282,2022-02-24,Hybrid,South
3045,1858,XUV700,109,2489312,2022-11-10,Diesel,North
3046,2316,Harrier,5,2641651,2022-08-08,Diesel,North
3047,2603,Ertiga,24,2561594,2022-02-18,Hybrid,West
3048,1049,Harrier,192,1930892,2023-04-08,Hybrid,North
3049,3711,City,59,2925076,2022-04-28,Petrol,North
3050,3578,Swift,38,1427236,2022-03-23,CNG,West
3051,4683,Harrier,161,2128207,2023-05-11,CNG,West
3052,4131,Swift,10,2691796,2023-09-26,Diesel,Central
3053,4238,Harrier,165,944175,2024-04-16,CNG,North
3054,4273,City,126,1998123,2023-08-25,Diesel,East
3055,3904,XUV700,11,1546508,2024-02-09,Hybrid,West
3056,1145,Ertiga,24,982275,2023-11-04,Diesel,South
3057,1914,Creta,88,1104990,2022-06-25,Petrol,Central
3058,4747,Seltos,199,2254152,2024-03-15,Diesel,Central
3059,4040,Seltos,114,1161632,2023-10-01,Diesel,North
3060,2462,Ertiga,21,1890852,2022-10-24,Petrol,East
3061,3289,Harrier,148,2159028,2023-04-20,Petrol,West
3062,1580,Creta,10,2728754,2023-06-20,CNG,South
3063,3734,City,175,2803752,2022-01-25,Hybrid,North
3064,2584,Alto,175,1616028,2022-12-15,Hybrid,East
3065,1482,Harrier,143,1568826,2023-09-29,Petrol,North
3066,4179,XUV700,172,1788455,2022-08-15,Hybrid,North
3067,2249,Swift,190,901554,2022-02-07,Diesel,Central
3068,1672,Baleno,134,1198001,2023-07-24,Hybrid,South
3069,1630,Harrier,66,787438,2022-08-24,Petrol,South
3070,3708,Baleno,122,1154723,2022-04-24,Hybrid,South
3071,1661,Harrier,132,552721,2022-11-02,Petrol,South
3072,4503,Ertiga,23,1282564,2022-05-12,CNG,West
3073,3852,Baleno,13,2597649,2022-12-14,Petrol,West
3074,4726,Harrier,159,2611584,2023-02-19,Diesel,South
3075,3466,Seltos,16,1604377,2024-09-09,Diesel,East
3076,1987,Baleno,41,1893488,2024-01-02,Diesel,West
3077,4526,Harrier,1,1321372,2023-10-16,Petrol,West
3078,4231,Alto,111,1487294,2023-01-20,Petrol,East
3079,2546,Swift,12,1706159,2023-05-27,Diesel,South
3080,1649,Alto,119,2642365,2022-03-02,Hybrid,North
3081,1968,Creta,184,1005978,2023-07-07,Petrol,West
3082,3637,Harrier,178,762757,2022-07-07,Hybrid,North
3083,2100,i20,20,836677,2023-03-29,CNG,North
3084,3556,XUV700,194,2803589,2024-04-26,CNG,East
3085,1440,Alto,36,2389150,2022-07-06,CNG,South
3086,4325,Baleno,79,1199848,2024-07-26,CNG,North
3087,1920,Ertiga,166,2089575,2022-06-13,Diesel,South
3088,1769,XUV700,150,2850231,2022-04-12,Petrol,Central
3089,2343,i20,108,1905236,2023-11-22,CNG,South
3090,2826,City,189,2767656,2023-08-01,Diesel,East
3091,1262,Harrier,178,440721,2023-09-03,CNG,East
3092,4668,Ertiga,96,2230230,2023-06-20,Petrol,Central
3093,4729,Harrier,59,1222501,2024-01-31,CNG,East
3094,4906,Creta,20,1763990,2024-06-14,CNG,South
3095,2577,i20,164,411227,2024-08-28,Hybrid,South
3096,4445,Harrier,126,986008,2022-05-04,Hybrid,South
3097,3684,Baleno,97,2410630,2023-10-30,Hybrid,East
3098,4238,Creta,143,2835324,2022-12-15,Hybrid,South
3099,4824,Seltos,62,2812947,2022-09-06,CNG,West
3100,3506,City,131,713476,2023-12-08,CNG,Central
3101,1998,i20,93,599953,2023-12-14,Hybrid,West
3102,4351,Swift,91,1657550,2024-10-03,Petrol,South
3103,1699,Ertiga,133,1041518,2022-09-04,Diesel,East
3104,3349,Alto,123,1916653,2023-04-26,CNG,Central
3105,4602,Harrier,184,1542334,2022-04-08,Hybrid,West
3106,2603,Ertiga,159,1213383,2022-11-25,Diesel,South
3107,2241,Ertiga,86,1467697,2024-10-25,Hybrid,East
3108,2125,Swift,163,2843647,2023-04-04,Hybrid,South
3109,3601,Swift,118,712683,2024-03-06,Petrol,West
3110,3335,Creta,199,903015,2023-08-16,Petrol,West
3111,2190,i20,198,1085671,2023-05-13,CNG,Central
3112,3668,Baleno,26,1097757,2022-03-28,Hybrid,East
3113,2005,City,118,2123685,2023-02-06,Diesel,North
3114,1035,Swift,1,1477794,2022-07-16,CNG,South
3115,1743,Swift,7,1398573,2024-02-03,Petrol,East
3116,2764,Alto,164,1099493,2022-01-27,CNG,North
3117,1352,Seltos,76,1231299,2022-05-15,CNG,East
3118,4747,Swift,87,1449892,2022-07-25,Hybrid,South
3119,2922,Seltos,153,437972,2023-08-26,Diesel,South
3120,1072,Creta,94,1273356,2022-12-28,Petrol,Central
3121,3695,Baleno,187,1396552,2023-10-20,CNG,West
3122,2376,Ertiga,61,1121580,2024-08-29,CNG,West
3123,2914,Swift,29,2851996,2024-09-06,Hybrid,West
3124,2093,Harrier,95,1656919,2024-07-29,CNG,Central
3125,3472,Seltos,18,579869,2024-06-26,Diesel,West
3126,4046,Alto,41,1849871,2022-09-03,Hybrid,East
3127,1707,City,147,2033751,2022-10-05,Petrol,West
3128,2804,Alto,132,2886973,2022-12-13,CNG,West
3129,3608,Swift,193,2188663,2023-01-07,CNG,South
3130,3875,i20,41,2832414,2024-03-19,Hybrid,Central
3131,4713,Ertiga,123,1523124,2024-04-28,CNG,Central
3132,1955,Baleno,143,2661879,2022-05-03,Petrol,West
3133,3564,Harrier,182,504319,2022-06-09,Diesel,North
3134,3475,i20,192,585648,2024-01-07,Diesel,South
3135,4610,Alto,143,2233136,2023-06-02,Hybrid,West
3136,1159,Seltos,178,2577218,2024-07-23,CNG,North
3137,3196,Seltos,22,1927705,2024-01-16,Hybrid,East
3138,3823,i20,146,2743787,2022-10-15,Hybrid,South
3139,4301,Seltos,80,1231653,2023-02-24,Hybrid,Central
3140,2735,Alto,130,2078676,2022-05-20,Hybrid,North
3141,2585,i20,36,1665564,2023-12-08,Hybrid,West
3142,1066,Alto,20,1383596,2023-11-29,CNG,North
3143,4061,Harrier,144,1634093,2024-09-13,Diesel,Central
3144,4883,Ertiga,67,492326,2023-04-20,Diesel,East
3145,3428,City,120,539972,2023-01-24,Diesel,North
3146,1057,Harrier,158,2399565,2023-05-26,CNG,West
3147,4330,Harrier,55,2730193,2023-06-22,CNG,North
3148,1341,Seltos,66,1462467,2022-08-01,Hybrid,East
3149,4909,Swift,26,1295072,2024-06-15,Diesel,North
3150,2153,XUV700,185,1258515,2022-08-21,Hybrid,East
3151,3774,Seltos,197,1272231,2022-09-17,Diesel,East
3152,2195,Swift,130,615928,2022-11-04,Petrol,South
3153,3817,Alto,56,1098734,2023-02-07,CNG,South
3154,3661,XUV700,190,439459,2024-09-23,Petrol,West
3155,2232,Seltos,34,2242053,2024-01-20,Diesel,West
3156,4874,XUV700,56,1753975,2022-10-31,Hybrid,West
3157,3401,XUV700,55,2024829,2022-12-09,CNG,East
3158,2494,Creta,20,1426117,2024-05-04,CNG,East
3159,2821,Ertiga,50,452195,2022-09-13,Hybrid,South
3160,1115,Creta,153,2470856,2022-05-17,Petrol,East
3161,4335,Swift,84,1828495,2024-03-28,Petrol,South
3162,1661,Baleno,153,2533478,2024-08-30,Petrol,North
3163,4883,i20,53,536365,2022-02-07,Petrol,West
3164,2465,City,142,2853216,2022-04-15,CNG,West
3165,4619,Baleno,188,1282961,2022-09-12,Diesel,Central
3166,3500,i20,111,2444427,2023-05-03,Hybrid,South
3167,2868,Swift,171,1073589,2023-04-03,Diesel,Central
3168,4548,Swift,190,1706542,2023-06-12,Diesel,West
3169,3334,Alto,112,2454656,2023-08-14,Petrol,Central
3170,4374,City,69,718862,2023-06-09,Diesel,North
3171,2016,Ertiga,191,1519872,2023-01-05,Petrol,Central
3172,1310,XUV700,2,643083,2022-04-12,Petrol,North
3173,1207,Creta,182,1319419,2024-07-04,Diesel,West
3174,3665,Creta,16,2833947,2023-10-26,Hybrid,East
3175,3493,Swift,183,2504228,2023-11-21,Diesel,South
3176,3717,Creta,94,2399163,2023-08-22,Diesel,Central
3177,1632,Swift,171,1846585,2023-08-23,CNG,North
3178,3102,XUV700,189,1236960,2023-06-25,Petrol,West
3179,3959,Swift,166,779647,2023-01-24,CNG,West
3180,4083,Alto,45,466798,2022-12-29,Hybrid,East
3181,1656,Ertiga,126,2506471,2024-07-19,Diesel,West
3182,2423,Harrier,179,812525,2023-09-04,CNG,West
3183,2931,Seltos,170,2686620,2023-12-23,CNG,East
3184,4719,Ertiga,24,1149656,2022-12-09,Diesel,West
3185,4027,Ertiga,115,1737718,2022-05-15,Diesel,North
3186,3562,Baleno,158,403468,2024-07-28,Petrol,Central
3187,2679,City,165,466083,2024-09-04,Petrol,Central
3188,4613,City,123,1682843,2023-01-15,CNG,North
3189,1236,i20,181,2582595,2022-02-07,Diesel,Central
3190,4350,Seltos,191,1209858,2024-02-20,Petrol,West
3191,1347,XUV700,139,545508,2022-11-06,Petrol,Central
3192,3674,Harrier,78,2251498,2022-04-16,Hybrid,Central
3193,4175,Harrier,151,1965528,2023-07-10,CNG,West
3194,1629,City,117,976424,2023-02-01,CNG,Central
3195,2540,Ertiga,80,1608610,2022-06-02,CNG,West
3196,3003,Alto,50,2994140,2023-06-20,Diesel,East
3197,4943,i20,85,2919656,2024-09-22,Hybrid,East
3198,2271,Swift,183,2684115,2024-08-23,Petrol,Central
3199,1363,i20,183,2242936,2024-06-11,Hybrid,East
3200,3368,Baleno,4,1767089,2023-08-06,Petrol,Central
3201,4704,i20,182,1777123,2022-07-20,Petrol,East
3202,1285,Ertiga,61,1283657,2022-01-12,Hybrid,Central
3203,1148,XUV700,111,707357,2024-02-07,CNG,South
3204,2107,Ertiga,78,498631,2024-07-08,Diesel,North
3205,3453,City,83,928104,2023-06-05,Hybrid,East
3206,4025,XUV700,133,709982,2022-04-10,CNG,West
3207,1455,Creta,100,1701112,2024-05-20,CNG,North
3208,2766,XUV700,146,2756677,2023-01-01,Diesel,Central
3209,1799,i20,172,2115509,2023-10-19,Diesel,North
3210,2184,i20,31,2409414,2022-06-10,CNG,West
3211,2012,i20,119,2903525,2024-01-31,Diesel,West
3212,3831,Creta,94,1195754,2022-06-24,CNG,Central
3213,3507,City,149,2270875,2023-06-29,Petrol,East
3214,4621,Swift,175,758100,2023-04-22,Diesel,East
3215,2523,Seltos,30,2343060,2022-10-10,Petrol,South
3216,3785,City,55,1656919,2024-08-14,Diesel,West
3217,3556,i20,105,1962266,2023-03-28,CNG,South
3218,4725,City,196,2503884,2022-03-23,CNG,West
3219,4875,Baleno,197,2668977,2024-03-26,CNG,South
3220,1480,Harrier,41,1166364,2023-06-04,CNG,East
3221,2686,Harrier,173,2732582,2022-05-14,CNG,West
3222,3161,Seltos,74,2743480,2023-03-23,CNG,East
3223,3796,Seltos,158,2531574,2022-04-28,Diesel,North
3224,2601,Swift,77,1052863,2024-01-19,Diesel,East
3225,3408,Baleno,85,1124629,2023-10-08,Petrol,West
3226,1340,Ertiga,173,832795,2023-01-14,Hybrid,North
3227,3817,City,104,2835296,2023-08-31,Diesel,South
3228,3010,XUV700,173,1314691,2024-08-23,Diesel,Central
3229,3808,XUV700,79,1628162,2023-06-09,Hybrid,West
3230,4016,Ertiga,84,410300,2023-07-30,Hybrid,Central
3231,3496,Harrier,173,1890752,2024-07-25,Petrol,Central
3232,2866,Ertiga,183,1045515,2023-10-24,Petrol,North
3233,1834,City,187,1527820,2024-05-25,CNG,South
3234,2203,Baleno,133,790305,2022-01-12,Petrol,East
3235,2725,i20,124,2360315,2023-01-23,Petrol,North
3236,4478,Creta,32,2132026,2022-03-24,Hybrid,South
3237,2689,i20,6,416328,2024-09-02,Diesel,East
3238,4267,Creta,94,819870,2023-01-31,CNG,East
3239,4537,XUV700,26,1061574,2023-06-29,Petrol,South
3240,1310,Seltos,37,1382453,2023-10-23,Hybrid,East
3241,1261,City,13,2393632,2023-10-02,CNG,West
3242,2442,i20,93,1221809,2022-04-10,CNG,West
3243,1405,Ertiga,197,2653958,2023-04-02,Hybrid,North
3244,3190,Baleno,25,752401,2024-05-23,Petrol,East
3245,1341,Baleno,141,872374,2022-11-24,Petrol,East
3246,2339,Harrier,20,559947,2023-12-25,Petrol,South
3247,4172,Baleno,72,947514,2022-03-15,Petrol,West
3248,1243,Baleno,188,2638522,2022-04-02,CNG,Central
3249,1489,Seltos,149,1746568,2022-11-26,Diesel,North
3250,1011,Ertiga,115,1023579,2022-06-24,CNG,West
3251,4310,XUV700,127,1250086,2022-11-11,CNG,South
3252,1560,Baleno,189,2252752,2023-05-12,Hybrid,North
3253,1041,XUV700,26,1078794,2023-03-04,CNG,Central
3254,3725,Seltos,54,2603002,2022-02-04,Petrol,North
3255,1593,Baleno,170,1384766,2022-04-29,Hybrid,West
3256,2452,City,139,1508209,2024-07-13,Hybrid,Central
3257,2826,Harrier,165,973205,2024-04-07,Hybrid,South
3258,4229,i20,125,1266236,2023-01-25,Hybrid,North
3259,4287,City,11,1277727,2022-06-25,Hybrid,West
3260,2693,Alto,27,1435016,2022-04-16,Petrol,South
3261,4533,Swift,94,806980,2023-08-15,Diesel,Central
3262,1133,Baleno,83,1866201,2024-07-02,Diesel,North
3263,4138,XUV700,34,1325894,2024-08-12,Hybrid,East
3264,4919,Swift,38,430172,2024-08-10,Diesel,West
3265,4078,Creta,189,1680407,2024-05-10,CNG,West
3266,1947,Baleno,87,1027800,2022-05-07,Diesel,East
3267,4597,Alto,181,1095902,2024-04-03,CNG,South
3268,1072,Seltos,65,1496772,2022-08-22,Petrol,West
3269,1398,Harrier,131,1061311,2023-10-29,Hybrid,South
3270,2428,Alto,195,2901395,2024-07-19,CNG,Central
3271,4746,XUV700,156,2323625,2022-05-17,Petrol,East
3272,3625,Seltos,142,1067527,2023-07-10,Petrol,South
3273,3906,i20,52,1653953,2024-01-29,Hybrid,Central
3274,1129,Seltos,30,816276,2022-02-25,Diesel,North
3275,3978,Baleno,186,2624462,2022-12-22,Petrol,West
3276,4537,Swift,182,1777276,2024-07-11,Diesel,East
3277,4277,Swift,197,1288580,2024-03-23,Diesel,North
3278,2811,XUV700,113,2205813,2024-03-16,Diesel,North
3279,3001,Seltos,143,410485,2023-08-23,CNG,North
3280,4839,Alto,166,1814466,2023-07-22,Diesel,South
3281,1265,XUV700,142,2439530,2023-12-06,Diesel,West
3282,2560,Harrier,185,2224682,2023-09-04,Petrol,East
3283,2985,XUV700,187,2997192,2022-05-21,Hybrid,West
3284,1792,XUV700,8,1219746,2023-07-15,CNG,West
3285,3300,i20,72,2227154,2023-05-14,Diesel,West
3286,3869,City,147,1365802,2023-09-19,Hybrid,Central
3287,2312,Baleno,32,2590305,2023-05-17,Diesel,Central
3288,1163,i20,95,2326153,2024-01-11,Diesel,Central
3289,1094,Swift,157,2279241,2024-02-03,Petrol,Central
3290,2805,Swift,41,1927699,2023-11-06,Hybrid,West
3291,3880,Creta,75,2283392,2022-02-18,Petrol,West
3292,2133,Creta,45,1632133,2023-09-19,Petrol,East
3293,3383,Alto,13,1264685,2023-11-11,Diesel,East
3294,1821,Swift,155,1486245,2022-10-04,Diesel,East
3295,1237,City,19,1329346,2022-02-16,Diesel,East
3296,3428,i20,154,2630306,2024-07-14,Hybrid,East
3297,4507,Harrier,53,2654485,2022-08-04,Hybrid,Central
3298,3946,City,179,707453,2022-08-18,Hybrid,West
3299,3530,Creta,165,2517332,2022-11-19,Hybrid,East
3300,2960,Seltos,137,897502,2022-08-13,Diesel,South
3301,3949,City,180,2232359,2022-02-15,Diesel,East
3302,2048,City,182,2923636,2023-09-25,Petrol,East
3303,2676,City,3,2170487,2023-01-10,Diesel,West
3304,4188,City,96,1688477,2023-12-04,Hybrid,Central
3305,3529,City,197,2861563,2024-09-13,CNG,North
3306,4463,Creta,136,2158406,2022-11-29,Diesel,West
3307,3964,Swift,14,1788122,2022-06-15,Hybrid,Central
3308,4041,XUV700,120,510551,2023-05-22,Petrol,South
3309,1963,City,131,2336018,2022-04-27,Diesel,North
3310,1536,City,152,2093687,2024-07-31,CNG,Central
3311,4150,Baleno,13,1873953,2023-09-28,Hybrid,Central
3312,2603,Swift,171,520469,2023-04-02,Diesel,West
3313,4244,XUV700,157,2171571,2024-05-18,Hybrid,Central
3314,2979,Harrier,72,733018,2022-08-04,CNG,East
3315,4083,Harrier,179,1303685,2022-04-23,CNG,Central
3316,4871,Seltos,170,2819657,2022-08-04,Petrol,North
3317,1127,Ertiga,159,1640414,2023-03-03,CNG,Central
3318,4679,i20,191,1601048,2024-02-03,Diesel,South
3319,1091,Baleno,154,2259649,2022-10-11,CNG,East
3320,4724,Swift,146,1107593,2024-04-13,Diesel,North
3321,1542,Swift,82,812548,2022-08-18,Diesel,North
3322,1845,Ertiga,57,1561974,2023-01-20,Hybrid,West
3323,4603,Seltos,7,2905569,2022-06-08,Diesel,West
3324,2681,Alto,112,838598,2024-04-03,Diesel,East
3325,4036,Creta,48,2051210,2023-04-16,Petrol,North
3326,2851,Seltos,80,1522100,2022-07-27,Hybrid,South
3327,3494,XUV700,119,2799623,2022-06-23,Diesel,Central
3328,1389,Seltos,120,550651,2024-10-13,Petrol,Central
3329,3719,Ertiga,60,2305888,2023-12-09,Hybrid,Central
3330,2884,Ertiga,33,408947,2024-09-01,CNG,West
3331,1042,i20,115,2937291,2023-02-01,Diesel,North
3332,1253,Baleno,128,2421242,2024-08-31,CNG,North
3333,4201,City,3,873945,2024-02-05,Hybrid,South
3334,2083,Harrier,4,651362,2023-11-08,Hybrid,West
3335,3710,Ertiga,100,669156,2023-06-01,Petrol,South
3336,3514,i20,4,1463789,2023-10-24,Diesel,North
3337,3334,Creta,42,2393643,2022-11-02,Diesel,Central
3338,4058,Harrier,9,970864,2022-12-24,Petrol,West
3339,2540,Alto,51,2461882,2023-02-23,CNG,West
3340,4538,Swift,145,1955269,2023-10-04,Hybrid,West
3341,2953,Creta,145,1171935,2023-05-22,Petrol,Central
3342,3825,Alto,97,1599841,2022-11-08,Hybrid,West
3343,3392,Harrier,20,1647315,2023-12-05,CNG,East
3344,1641,Creta,142,1057784,2022-09-02,CNG,West
3345,3429,i20,22,1929151,2023-04-22,CNG,Central
3346,4850,Alto,180,1896418,2023-09-07,Diesel,West
3347,1689,Swift,27,2768496,2023-03-12,Hybrid,East
3348,2276,City,43,1105829,2022-09-07,Hybrid,East
3349,2950,i20,131,2126967,2023-04-22,Petrol,West
3350,2079,XUV700,94,1582864,2023-05-26,Hybrid,North
3351,2486,Swift,8,502974,2024-02-13,Diesel,North
3352,1456,Baleno,86,819594,2024-07-12,Petrol,South
3353,1982,Seltos,89,2598079,2022-03-15,CNG,East
3354,3130,Baleno,138,741030,2024-03-19,Hybrid,North
3355,4976,Ertiga,113,2118386,2024-04-10,Diesel,South
3356,2122,City,157,2891841,2022-08-08,Diesel,North
3357,1148,XUV700,168,687669,2022-03-20,Hybrid,West
3358,2352,XUV700,193,1092439,2022-08-23,Diesel,East
3359,2179,Seltos,21,2162903,2022-06-06,CNG,North
3360,1189,Alto,152,2789406,2022-11-23,Hybrid,West
3361,4565,Seltos,188,519786,2023-10-04,Hybrid,South
3362,1882,Ertiga,154,1016712,2023-09-13,Hybrid,West
3363,3310,Baleno,9,1581594,2024-09-11,Petrol,South
3364,4151,XUV700,148,1863735,2023-08-29,CNG,North
3365,1399,Baleno,184,415740,2024-05-13,Diesel,Central
3366,3811,Swift,36,885197,2024-01-19,Hybrid,West
3367,1608,City,36,1523288,2024-07-03,Hybrid,Central
3368,4331,Creta,73,2330410,2024-06-17,Diesel,East
3369,2795,Ertiga,150,1886443,2024-09-24,CNG,Central
3370,2638,Creta,1,961557,2024-05-09,Diesel,East
3371,2575,Ertiga,69,700826,2023-07-27,Diesel,North
3372,3832,Harrier,37,2093223,2022-02-07,Hybrid,North
3373,3148,City,72,1604249,2022-04-28,Petrol,West
3374,2382,Swift,107,2940518,2023-01-25,Petrol,Central
3375,2403,City,96,652697,2023-11-11,Petrol,East
3376,1819,Alto,141,2549186,2023-01-12,Petrol,East
3377,4292,Ertiga,84,2393499,2024-04-28,Petrol,Central
3378,1819,Creta,43,816962,2023-01-11,Hybrid,North
3379,1419,Ertiga,37,740492,2023-08-18,Petrol,North
3380,1123,Alto,25,2433661,2024-01-17,Diesel,East
3381,1421,Ertiga,149,2129272,2023-04-03,Hybrid,West
3382,4302,City,169,1039180,2024-01-11,Diesel,North
3383,4761,i20,73,970240,2023-09-21,Petrol,South
3384,4134,Ertiga,170,2331004,2022-11-22,CNG,East
3385,2508,Harrier,42,1928996,2023-09-11,Petrol,Central
3386,4699,Harrier,2,1836702,2022-11-21,Hybrid,Central
3387,4774,XUV700,196,1576428,2023-05-31,Diesel,East
3388,2597,Harrier,136,2857407,2024-01-16,CNG,East
3389,1767,Ertiga,96,2989496,2022-09-05,CNG,North
3390,3044,Ertiga,61,2009380,2023-02-02,CNG,East
3391,3530,i20,14,1639437,2023-08-05,Diesel,East
3392,3566,Harrier,113,2830410,2022-07-22,Hybrid,South
3393,3202,Baleno,77,1158861,2022-08-09,CNG,Central
3394,3139,Ertiga,21,461240,2024-05-16,Diesel,North
3395,4029,Swift,152,1752518,2022-09-20,Diesel,West
3396,2549,Swift,178,1666263,2022-10-23,Petrol,North
3397,3502,Creta,173,2946288,2024-10-16,Diesel,Central
3398,2764,i20,192,1304803,2022-10-19,Hybrid,West
3399,3044,Alto,64,1515049,2023-11-15,Hybrid,East
3400,3645,Baleno,154,2693550,2024-05-25,CNG,South
3401,4716,Ertiga,160,1119234,2023-07-09,Diesel,South
3402,1509,City,57,2331886,2022-12-15,Diesel,Central
3403,2206,Seltos,119,852697,2022-08-07,Petrol,Central
3404,1385,Seltos,181,1526350,2024-10-19,Petrol,South
3405,2597,Alto,161,2787082,2023-03-26,Diesel,West
3406,4802,XUV700,52,2068068,2023-05-19,Diesel,West
3407,3452,City,95,2105203,2022-03-27,Diesel,North
3408,3293,Seltos,146,1443960,2023-06-07,Petrol,East
3409,1741,Alto,163,2690869,2023-04-06,Petrol,West
3410,4662,Seltos,140,1193449,2024-10-10,Hybrid,East
3411,3708,i20,179,803065,2023-09-22,CNG,Central
3412,3697,Creta,89,2220724,2022-09-09,CNG,West
3413,4542,XUV700,10,1773173,2022-01-18,CNG,West
3414,4897,i20,52,2939485,2023-05-15,CNG,West
3415,2911,City,34,850463,2023-04-03,Petrol,North
3416,2446,Alto,115,2407724,2022-04-25,Petrol,Central
3417,1900,Baleno,195,2040626,2024-01-23,Diesel,South
3418,3112,City,167,1516534,2024-02-08,Hybrid,North
3419,4084,City,136,2440885,2023-03-23,Hybrid,North
3420,3260,Harrier,125,870929,2022-12-19,CNG,West
3421,3009,Baleno,157,2307860,2023-09-17,Diesel,North
3422,1241,Swift,150,1582491,2023-06-25,Diesel,South
3423,3540,Harrier,198,2411311,2022-11-18,Petrol,North
3424,4284,Alto,189,2453659,2022-08-14,Diesel,North
3425,4764,Swift,43,1675285,2022-12-27,Hybrid,West
3426,3385,Seltos,177,2286063,2024-04-13,Hybrid,Central
3427,3020,Seltos,29,2337536,2022-04-22,Diesel,South
3428,1172,City,106,2721630,2022-07-31,Petrol,West
3429,1671,Harrier,120,1175411,2024-08-05,Hybrid,North
3430,1163,Ertiga,81,2788711,2022-06-08,Petrol,South
3431,1464,Baleno,31,808901,2023-07-26,Petrol,East
3432,4042,Swift,181,1085058,2023-11-01,Hybrid,North
3433,1496,Baleno,162,2460766,2024-06-29,Petrol,Central
3434,1699,Harrier,128,456400,2024-10-19,CNG,North
3435,3442,City,38,2874027,2023-02-08,CNG,Central
3436,1702,i20,185,455450,2023-02-08,CNG,East
3437,2940,Seltos,101,2416791,2023-08-24,Diesel,West
3438,3355,Swift,132,1862370,2022-07-12,Hybrid,West
3439,2791,Swift,130,2983948,2024-09-26,CNG,West
3440,1182,Alto,12,2091503,2023-06-07,Petrol,South
3441,1628,Swift,35,1202963,2022-12-16,CNG,Central
3442,4865,Harrier,198,1843962,2022-11-12,Petrol,North
3443,3557,Swift,110,2731646,2024-07-31,Hybrid,South
3444,2731,Swift,72,1832563,2024-07-01,CNG,South
3445,1545,Baleno,149,1977027,2023-10-14,Hybrid,North
3446,2587,City,110,2292227,2023-09-27,CNG,East
3447,1623,Creta,61,1421535,2024-10-07,Petrol,West
3448,4835,Swift,163,2345232,2023-08-16,Petrol,East
3449,1593,Ertiga,48,1997312,2023-03-20,Diesel,East
3450,1743,City,143,2469789,2023-09-13,Diesel,West
3451,4298,XUV700,71,2201220,2024-01-26,Diesel,East
3452,2768,Alto,143,1618296,2023-05-12,CNG,South
3453,4804,Baleno,134,1285749,2024-02-12,Hybrid,North
3454,2459,Alto,68,800607,2023-01-09,CNG,South
3455,2948,i20,22,646935,2022-07-03,Petrol,South
3456,4493,Swift,32,737035,2022-02-01,Hybrid,Central
3457,3601,Seltos,123,2953198,2022-10-10,Petrol,West
3458,3068,Ertiga,22,863999,2024-04-15,Diesel,West
3459,3601,Baleno,155,2799582,2024-05-22,Petrol,South
3460,3444,Alto,110,1651474,2023-11-17,CNG,West
3461,3672,Swift,15,753497,2023-04-07,Petrol,Central
3462,1104,Seltos,124,1577416,2024-05-20,Petrol,North
3463,3239,Seltos,44,462740,2024-09-10,Petrol,East
3464,1016,i20,115,1761649,2023-01-03,Hybrid,West
3465,4191,City,9,432827,2023-10-20,Petrol,South
3466,1392,Ertiga,34,2523361,2022-06-15,Petrol,West
3467,1424,Creta,73,2995658,2024-09-26,Diesel,South
3468,3176,Ertiga,143,1546230,2023-08-25,Diesel,East
3469,4201,i20,190,2343955,2023-08-17,CNG,West
3470,1571,Harrier,45,1521972,2022-05-06,Diesel,East
3471,4631,City,72,2707185,2022-02-07,Petrol,South
3472,3076,Baleno,58,621519,2022-12-14,Diesel,Central
3473,2120,City,115,2391486,2024-01-07,Hybrid,Central
3474,4081,i20,19,1698716,2024-01-04,CNG,North
3475,1241,i20,16,2986491,2023-03-02,Diesel,South
3476,4897,Baleno,75,963153,2023-10-10,CNG,South
3477,3279,Baleno,106,1317191,2022-10-13,CNG,South
3478,1788,Baleno,136,2730694,2022-11-16,CNG,Central
3479,4355,City,161,2540335,2023-05-27,Hybrid,Central
3480,1714,Swift,74,2883274,2022-08-13,Petrol,Central
3481,1758,Alto,18,490254,2023-05-21,Hybrid,West
3482,3849,XUV700,163,2711190,2024-01-12,CNG,West
3483,1775,Baleno,43,2113196,2024-10-25,Diesel,Central
3484,3773,Alto,50,502491,2023-04-13,Diesel,East
3485,3247,XUV700,3,2172907,2024-07-26,Hybrid,West
3486,3992,City,59,1345859,2024-02-04,Diesel,West
3487,1078,Alto,28,2847015,2022-06-12,CNG,West
3488,4984,Baleno,46,564805,2023-10-15,CNG,West
3489,4003,Creta,64,1980308,2024-06-19,Petrol,North
3490,4926,i20,70,2850587,2024-03-18,CNG,West
3491,1855,Alto,47,640002,2022-03-23,Diesel,East
3492,4244,Seltos,142,1332114,2023-04-26,Petrol,North
3493,3514,Seltos,135,404554,2023-05-31,Diesel,West
3494,3628,Alto,159,1998409,2022-07-06,Hybrid,South
3495,2439,Baleno,106,2890041,2022-05-26,Petrol,North
3496,3987,Ertiga,81,1367643,2024-10-02,CNG,West
3497,3496,Baleno,51,2821267,2022-06-01,Petrol,East
3498,3134,City,29,708203,2022-04-03,CNG,Central
3499,3148,Baleno,113,2897139,2023-06-24,CNG,West
3500,2031,City,143,469468,2023-10-11,Diesel,South
3501,1844,Ertiga,128,1878994,2023-08-25,CNG,East
3502,4271,Creta,90,1189999,2022-02-18,CNG,North
3503,4576,City,25,2146772,2023-06-25,CNG,East
3504,1086,Harrier,189,1475203,2022-06-05,Diesel,West
3505,3090,Seltos,41,569640,2024-02-14,CNG,South
3506,4456,i20,69,2577096,2023-06-30,Hybrid,East
3507,4692,Seltos,4,1543944,2023-10-12,Diesel,East
3508,4506,City,105,2924106,2024-09-27,Hybrid,Central
3509,1407,Harrier,185,948492,2022-06-24,Petrol,Central
3510,4554,Swift,31,1465219,2022-01-27,Diesel,West
3511,3711,Creta,131,732705,2022-05-27,Hybrid,North
3512,4088,Creta,117,458126,2024-05-17,Diesel,North
3513,2668,Swift,195,707402,2022-09-22,CNG,South
3514,1147,i20,90,1220959,2022-09-15,Diesel,West
3515,3324,Ertiga,178,1734618,2024-04-06,Petrol,North
3516,1231,XUV700,145,1692253,2024-01-13,Hybrid,East
3517,4897,Harrier,188,2150371,2023-12-11,Diesel,West
3518,2950,City,66,1976658,2022-08-07,CNG,East
3519,1365,XUV700,88,2959494,2023-07-15,Hybrid,South
3520,4299,i20,24,2380778,2024-06-10,Hybrid,West
3521,2674,Ertiga,99,2640556,2023-08-20,Hybrid,South
3522,1435,Creta,160,636346,2022-12-09,Petrol,Central
3523,1398,City,105,2817428,2023-05-18,CNG,South
3524,2234,City,19,888859,2023-03-26,CNG,Central
3525,2414,Ertiga,66,1414530,2022-12-02,Hybrid,West
3526,3546,Seltos,60,1569549,2022-01-04,Diesel,East
3527,3587,Harrier,115,1025921,2024-01-29,Hybrid,East
3528,1562,Ertiga,194,1804817,2023-06-01,CNG,East
3529,4562,Baleno,15,1135268,2022-08-26,Petrol,South
3530,3489,Baleno,85,715308,2022-04-13,Petrol,West
3531,2284,Ertiga,163,2647575,2024-10-06,Hybrid,West
3532,1772,Creta,197,626935,2023-06-02,Petrol,Central
3533,3397,Ertiga,155,1204491,2023-03-16,Petrol,West
3534,3037,Alto,88,2262196,2022-08-13,Diesel,East
3535,4423,i20,7,2747308,2023-07-19,Petrol,West
3536,3567,Baleno,6,2333599,2022-09-03,Diesel,Central
3537,2343,XUV700,125,1170833,2024-07-16,Hybrid,West
3538,3185,Ertiga,33,2696076,2024-08-10,CNG,West
3539,2573,Baleno,58,2467222,2024-03-29,CNG,East
3540,4694,i20,177,1177277,2022-08-04,Diesel,West
3541,1991,i20,145,1460405,2022-10-10,CNG,South
3542,3415,XUV700,110,2832969,2023-07-27,Hybrid,Central
3543,4291,City,42,2783798,2023-01-17,CNG,Central
3544,4408,Alto,94,2917572,2022-06-21,Petrol,Central
3545,2246,Ertiga,168,1711985,2022-02-13,Hybrid,West
3546,4719,Swift,174,2978189,2022-08-16,Hybrid,South
3547,4839,Ertiga,199,1341819,2023-07-28,CNG,Central
3548,1359,City,198,709601,2022-11-13,CNG,North
3549,1920,Harrier,196,2295367,2024-01-01,Diesel,East
3550,3376,Seltos,129,2603486,2023-08-24,Petrol,North
3551,4009,Creta,79,522950,2023-09-16,CNG,North
3552,3510,City,95,652988,2023-04-12,CNG,Central
3553,3993,i20,111,1250534,2022-10-24,Diesel,North
3554,1962,Swift,97,1812547,2023-06-29,CNG,North
3555,4632,Creta,180,1803408,2023-05-04,Petrol,South
3556,2827,Baleno,163,2699184,2024-10-16,Petrol,East
3557,4453,Ertiga,119,1964862,2022-08-03,Hybrid,West
3558,3883,Creta,69,868691,2024-10-22,Hybrid,Central
3559,2613,Baleno,133,2294477,2023-10-23,Petrol,Central
3560,2640,Seltos,145,1876188,2023-10-16,Diesel,North
3561,3216,Baleno,181,2772472,2024-03-12,Hybrid,West
3562,1216,Swift,52,1082932,2022-12-07,Petrol,West
3563,1377,i20,142,686736,2023-12-05,Petrol,West
3564,1118,City,122,2080957,2023-02-11,Hybrid,Central
3565,1189,XUV700,29,1709105,2024-05-02,Petrol,Central
3566,3814,City,136,1605290,2022-11-02,Petrol,South
3567,1369,City,104,2777939,2024-05-23,Petrol,Central
3568,2801,Baleno,1,1680202,2023-05-10,Petrol,Central
3569,3196,Ertiga,29,1815145,2023-08-01,Hybrid,South
3570,4747,Creta,164,2557269,2023-06-25,Diesel,Central
3571,1651,XUV700,179,1608428,2024-02-07,Petrol,North
3572,2882,XUV700,165,1137563,2024-06-14,CNG,North
3573,2511,Creta,69,2557484,2023-03-31,Diesel,South
3574,1769,Creta,53,954920,2022-10-26,CNG,South
3575,3421,i20,124,2142429,2023-03-03,CNG,North
3576,1780,Swift,180,1609056,2023-12-17,Petrol,West
3577,2716,Seltos,88,1011445,2024-01-27,Hybrid,Central
3578,3207,Swift,83,2129875,2022-01-31,CNG,East
3579,3398,Creta,12,1102240,2022-11-28,CNG,East
3580,4983,Ertiga,52,698987,2022-02-21,CNG,South
3581,2311,Alto,129,871530,2022-08-31,Petrol,East
3582,4359,Alto,135,2536082,2024-02-14,Petrol,West
3583,3939,Seltos,145,1871662,2023-11-17,Hybrid,East
3584,2249,Creta,127,2865236,2023-07-27,Petrol,North
3585,1522,Alto,171,2715881,2024-05-21,Diesel,South
3586,1521,Seltos,71,2293111,2023-12-01,Hybrid,East
3587,1782,XUV700,17,1478734,2023-06-03,Petrol,Central
3588,3320,Seltos,187,2061856,2023-08-18,Petrol,South
3589,1935,XUV700,3,1758121,2022-10-10,CNG,West
3590,4473,i20,29,1957973,2023-08-22,Petrol,North
3591,3230,Alto,22,2379072,2022-05-28,CNG,East
3592,2688,Seltos,166,1342894,2022-03-11,Petrol,North
3593,1487,Seltos,54,1334260,2022-08-22,Petrol,West
3594,2850,Seltos,107,2197046,2023-11-10,Petrol,East
3595,1845,Ertiga,178,577589,2023-09-28,Petrol,South
3596,3171,Seltos,69,1271243,2023-04-12,Petrol,South
3597,4032,Ertiga,158,406586,2023-07-11,Hybrid,Central
3598,4697,City,151,2254711,2024-06-12,Petrol,West
3599,3837,i20,120,2694582,2024-04-15,Petrol,East
3600,3461,City,47,1547101,2023-09-10,CNG,North
3601,3003,Harrier,149,2378209,2022-05-14,Diesel,North
3602,2748,City,20,612151,2022-01-08,Diesel,East
3603,4243,Creta,151,2981867,2022-01-28,Hybrid,West
3604,4359,XUV700,196,1747376,2024-02-22,Petrol,West
3605,4506,Creta,149,2117435,2023-06-25,Diesel,North
3606,1685,Swift,21,2310896,2023-09-19,CNG,East
3607,3160,City,1,2516806,2022-01-07,CNG,East
3608,3935,Alto,143,1054405,2022-02-09,Hybrid,North
3609,4988,Baleno,17,1535189,2024-06-27,CNG,East
3610,3169,City,51,1964046,2022-03-03,Diesel,East
3611,2567,i20,191,1911321,2023-01-14,Diesel,South
3612,2245,City,14,943270,2022-11-18,Diesel,South
3613,4702,Ertiga,59,2579000,2024-01-03,Petrol,Central
3614,1038,Swift,83,1296009,2024-04-18,CNG,Central
3615,3544,Seltos,50,2577026,2023-02-23,CNG,West
3616,1779,Swift,124,692317,2022-01-20,Petrol,South
3617,2256,Swift,34,437525,2023-02-16,Diesel,South
3618,3990,XUV700,6,2458306,2023-07-03,CNG,South
3619,4601,Baleno,109,1475904,2023-08-28,Diesel,South
3620,3196,Swift,49,542432,2022-12-23,Petrol,West
3621,4468,XUV700,6,516242,2022-07-20,Diesel,North
3622,4069,Seltos,117,1995489,2024-02-04,Hybrid,West
3623,3708,Creta,118,507576,2022-08-19,Petrol,North
3624,4709,Seltos,197,575966,2022-10-30,Diesel,Central
3625,2927,Alto,7,1152746,2023-01-22,Petrol,South
3626,1301,Swift,97,1189135,2023-12-16,CNG,North
3627,4431,Swift,179,1656335,2024-07-13,Hybrid,West
3628,3285,Creta,118,1631218,2022-02-27,Petrol,North
3629,1646,i20,129,2982902,2023-03-10,Diesel,East
3630,1662,Swift,141,1649331,2023-06-06,CNG,Central
3631,3283,Baleno,171,1129128,2024-02-07,Diesel,Central
3632,2759,Harrier,27,939439,2024-04-08,Diesel,South
3633,3250,Swift,199,1917658,2023-04-28,Petrol,South
3634,1255,Harrier,116,1497766,2023-01-02,Petrol,West
3635,1597,Seltos,131,2967180,2024-06-07,Diesel,North
3636,1661,City,58,980483,2024-06-01,Petrol,East
3637,1234,i20,89,764385,2023-02-15,Diesel,Central
3638,2368,XUV700,97,1291622,2022-07-02,Petrol,North
3639,3581,Ertiga,17,1753770,2022-06-07,Hybrid,East
3640,3907,i20,173,2792272,2022-01-13,Petrol,North
3641,4868,Ertiga,101,2948316,2023-07-20,Diesel,South
3642,4852,Seltos,186,1246299,2024-05-21,CNG,Central
3643,4537,i20,184,1704684,2023-07-09,Petrol,East
3644,1769,XUV700,182,711509,2023-11-09,Hybrid,South
3645,3588,Ertiga,29,2765019,2024-05-12,Hybrid,West
3646,1212,Creta,102,848920,2023-09-10,Hybrid,West
3647,1462,Baleno,123,2131330,2022-07-23,Hybrid,South
3648,3483,i20,54,1774840,2024-08-14,Diesel,East
3649,1282,Seltos,27,2769612,2022-10-29,Hybrid,East
3650,4633,Swift,102,2388702,2024-03-05,CNG,Central
3651,4678,XUV700,117,2128780,2023-08-20,Petrol,South
3652,2486,Ertiga,104,1893352,2023-12-30,Hybrid,West
3653,2430,Ertiga,45,1215265,2023-05-21,Petrol,South
3654,1087,Baleno,114,2755664,2023-10-01,Diesel,North
3655,2067,Ertiga,87,2383286,2022-07-10,Petrol,East
3656,1460,Harrier,31,2024611,2024-06-17,Diesel,North
3657,3325,Alto,164,1538613,2022-03-01,Diesel,West
3658,4754,Harrier,189,2353527,2022-03-03,Petrol,East
3659,3468,Ertiga,37,2179763,2022-10-29,Hybrid,West
3660,2724,XUV700,195,519271,2023-09-30,CNG,West
3661,2376,i20,36,2738322,2024-09-25,Petrol,West
3662,3743,Seltos,119,1132555,2022-06-21,CNG,Central
3663,1514,Swift,5,717531,2022-03-04,Petrol,West
3664,1702,i20,174,2341295,2024-02-11,CNG,West
3665,2653,Creta,52,1962331,2022-01-16,Petrol,North
3666,3066,i20,49,2498786,2023-11-22,CNG,North
3667,1022,i20,6,1069419,2024-04-21,CNG,North
3668,3460,Seltos,123,863566,2024-06-17,Petrol,East
3669,2053,Baleno,138,528798,2024-07-21,Petrol,Central
3670,2830,Ertiga,118,553816,2022-06-24,Diesel,East
3671,3155,Baleno,23,561468,2023-02-21,CNG,Central
3672,4438,Creta,145,2992177,2023-03-27,Petrol,Central
3673,2304,City,110,805972,2024-04-15,Hybrid,South
3674,4199,Swift,44,1446489,2022-10-07,Hybrid,South
3675,4300,Harrier,41,651585,2022-09-01,Diesel,South
3676,2134,Swift,143,1852397,2023-11-06,Hybrid,Central
3677,3183,Ertiga,172,899459,2022-05-26,Petrol,Central
3678,1361,Swift,186,830703,2022-04-13,CNG,East
3679,4257,Alto,50,496816,2022-11-06,Petrol,Central
3680,4727,Harrier,52,1320374,2022-04-27,Hybrid,West
3681,4655,Creta,70,1314374,2024-02-02,Hybrid,West
3682,3176,Ertiga,196,797974,2024-01-08,Petrol,Central
3683,2899,XUV700,191,1297774,2022-07-06,Diesel,West
3684,2284,Creta,186,2142672,2024-02-24,Petrol,Central
3685,1514,Alto,151,2181131,2023-12-08,Diesel,South
3686,1448,Harrier,172,727282,2024-05-25,Hybrid,Central
3687,2923,Seltos,109,2350078,2024-03-06,CNG,South
3688,4175,Alto,118,702702,2023-04-18,CNG,North
3689,2506,Creta,109,2288100,2023-07-10,Petrol,West
3690,2247,Ertiga,95,2834417,2023-11-13,Diesel,North
3691,2855,City,44,1579453,2022-04-04,Hybrid,West
3692,1873,Ertiga,180,2290612,2024-01-06,CNG,North
3693,4937,Harrier,67,2752756,2024-02-29,Petrol,Central
3694,4562,City,156,2009903,2022-02-07,Petrol,North
3695,3520,Baleno,67,732003,2024-02-21,Hybrid,West
3696,4081,Harrier,18,762486,2023-04-27,Hybrid,East
3697,2428,Harrier,155,1104105,2022-04-21,Petrol,West
3698,4967,Alto,179,1191893,2023-02-14,Petrol,East
3699,3349,Ertiga,60,1489407,2023-02-01,Petrol,Central
3700,3278,Creta,74,536803,2022-02-11,Diesel,West
3701,2754,Seltos,49,421500,2022-02-10,Hybrid,North
3702,1922,Swift,15,494138,2023-02-03,Petrol,Central
3703,4137,i20,73,1610822,2022-07-01,Hybrid,West
3704,3984,Seltos,196,2844024,2024-01-14,Petrol,Central
3705,3159,Swift,143,1533058,2023-12-19,Petrol,East
3706,2036,Baleno,179,2434768,2023-04-09,Petrol,Central
3707,2416,Creta,48,1474536,2022-10-25,Hybrid,North
3708,3547,Ertiga,72,1327751,2022-05-25,Petrol,West
3709,3979,XUV700,113,2069206,2022-01-16,Petrol,East
3710,3645,Harrier,129,2745245,2022-04-17,Hybrid,Central
3711,3281,Seltos,135,426038,2022-08-07,Petrol,South
3712,3649,Swift,53,1046520,2024-07-23,CNG,East
3713,1313,XUV700,159,734629,2022-12-03,CNG,East
3714,3613,Seltos,18,982061,2024-07-09,Petrol,North
3715,4083,Creta,12,2357234,2023-01-06,Diesel,North
3716,3256,Ertiga,48,550636,2024-09-24,Hybrid,Central
3717,2997,City,30,1396173,2024-03-20,Petrol,South
3718,2037,Seltos,97,2384194,2022-09-11,Hybrid,East
3719,2656,Seltos,7,2529955,2023-08-03,Diesel,Central
3720,4489,Ertiga,92,1302140,2023-09-28,Diesel,South
3721,4508,Baleno,113,529997,2022-07-04,Hybrid,Central
3722,4448,Alto,3,2076702,2023-04-19,Diesel,East
3723,4091,Seltos,107,462759,2024-09-11,Diesel,Central
3724,3634,Ertiga,63,1554889,2024-09-10,Hybrid,North
3725,4983,Alto,134,2877101,2023-05-17,Diesel,North
3726,2778,Ertiga,102,2886441,2024-05-23,CNG,West
3727,4806,Ertiga,15,1781219,2022-12-16,Petrol,South
3728,2014,Baleno,199,1002531,2022-03-01,CNG,East
3729,2093,Ertiga,171,2167089,2024-05-28,CNG,South
3730,4895,Creta,91,1592508,2023-04-10,Petrol,North
3731,4282,Seltos,81,2580098,2022-11-07,CNG,East
3732,2124,Swift,146,1042641,2024-07-19,Petrol,West
3733,1697,Swift,150,1466246,2024-08-22,Petrol,North
3734,3179,Swift,61,1358784,2022-10-07,Hybrid,North
3735,4694,Ertiga,120,1538270,2023-12-12,Petrol,South
3736,2404,XUV700,61,1921215,2024-08-24,Petrol,Central
3737,2155,Alto,53,2350172,2023-11-26,Diesel,South
3738,2043,Alto,26,1734530,2024-06-28,Diesel,North
3739,2929,Ertiga,115,2606812,2023-07-21,CNG,South
3740,3583,Creta,40,1687970,2022-09-28,Petrol,Central
3741,2013,Creta,88,838804,2024-09-06,Petrol,West
3742,1226,Harrier,116,1347538,2024-04-20,Hybrid,East
3743,4225,Ertiga,136,1712667,2024-09-30,Petrol,North
3744,2828,i20,21,2003820,2022-08-28,Hybrid,South
3745,4813,Baleno,43,1666828,2022-12-27,Petrol,North
3746,2492,Swift,21,1005134,2024-01-04,Diesel,East
3747,1821,Baleno,131,1202735,2024-05-01,Diesel,South
3748,3023,Swift,31,1210463,2024-05-09,Diesel,West
3749,1870,City,155,1019074,2023-12-02,CNG,East
3750,3452,City,27,487389,2024-04-15,Petrol,Central
3751,3249,Ertiga,73,1859769,2024-04-02,Diesel,Central
3752,3085,City,185,704851,2022-04-07,Hybrid,North
3753,3989,XUV700,97,737905,2022-11-23,Diesel,Central
3754,2795,Harrier,161,1947800,2022-03-14,Petrol,South
3755,1187,Creta,90,547712,2024-09-20,Diesel,Central
3756,2080,XUV700,44,693679,2024-09-20,Petrol,West
3757,1940,Baleno,43,2121737,2022-11-29,Petrol,South
3758,4091,Baleno,31,2767261,2023-04-03,Diesel,North
3759,3320,City,117,2904098,2024-01-04,Hybrid,North
3760,4190,Creta,193,2526705,2024-05-25,CNG,Central
3761,3630,Harrier,76,2878098,2024-05-07,Petrol,Central
3762,3563,Swift,145,1981165,2022-04-09,CNG,North
3763,4292,XUV700,143,2778232,2024-01-02,Diesel,South
3764,1525,Harrier,34,638625,2024-07-13,Petrol,East
3765,4586,Seltos,80,1961887,2022-09-01,Petrol,North
3766,4799,Alto,4,2118091,2023-10-24,Diesel,West
3767,4812,City,72,2887274,2024-10-02,CNG,South
3768,1335,Swift,98,1575806,2023-01-02,Hybrid,East
3769,3745,Seltos,110,2546000,2023-05-14,Diesel,East
3770,2078,Swift,28,664186,2022-04-23,Diesel,South
3771,3547,Swift,130,2151538,2024-08-02,Hybrid,North
3772,3947,City,17,1223692,2022-10-10,Hybrid,East
3773,4959,Swift,58,698470,2023-02-05,Hybrid,West
3774,3813,Harrier,127,1583306,2023-07-22,Hybrid,South
3775,3583,Harrier,9,1006143,2023-12-15,Diesel,Central
3776,1161,Seltos,31,746758,2023-02-26,Hybrid,North
3777,4741,Baleno,194,2732480,2024-04-28,CNG,South
3778,1593,Creta,88,1340050,2023-04-20,Hybrid,West
3779,2938,XUV700,62,975606,2023-02-09,Petrol,East
3780,3206,XUV700,19,1223597,2022-02-05,Petrol,North
3781,4259,i20,81,2984802,2022-12-24,Hybrid,North
3782,1059,City,107,594042,2023-07-12,Diesel,South
3783,3962,Ertiga,55,2291828,2022-11-16,Diesel,South
3784,4888,Ertiga,156,1231843,2024-01-08,CNG,West
3785,4390,Seltos,112,888124,2023-10-20,Diesel,Central
3786,2901,Swift,123,2970726,2023-04-17,CNG,South
3787,3258,Swift,178,629014,2023-06-09,CNG,South
3788,1405,City,65,2704222,2022-01-25,CNG,South
3789,1663,Alto,124,2009343,2023-10-02,Hybrid,West
3790,2132,Baleno,3,2334898,2024-05-25,Diesel,East
3791,2099,i20,180,2211646,2022-06-23,Petrol,Central
3792,1541,Harrier,138,439906,2022-07-05,CNG,West
3793,2337,Swift,21,1053811,2024-09-27,Petrol,South
3794,1997,i20,37,2046062,2023-06-12,CNG,East
3795,2140,XUV700,15,1429141,2024-08-29,Diesel,South
3796,3974,Alto,87,2408685,2023-11-15,Hybrid,West
3797,1867,Harrier,120,2768838,2022-07-05,CNG,North
3798,4775,City,137,1923232,2023-07-29,CNG,South
3799,3066,i20,44,2262782,2022-11-05,Petrol,East
3800,1431,Seltos,39,2898924,2023-06-22,Hybrid,Central
3801,4756,Harrier,133,649699,2024-05-07,Diesel,North
3802,1739,City,25,478342,2022-07-12,CNG,South
3803,2373,Ertiga,56,2877183,2022-02-22,Diesel,South
3804,1182,City,121,1050369,2023-04-20,Hybrid,East
3805,3160,City,90,2512016,2022-06-23,Petrol,North
3806,2206,Harrier,64,2068416,2023-12-01,Hybrid,North
3807,3528,Alto,180,660281,2023-01-25,Hybrid,North
3808,2169,Harrier,89,1769709,2023-04-02,Hybrid,South
3809,1830,Creta,112,2992224,2022-05-02,Hybrid,North
3810,2651,Baleno,76,1203737,2023-02-22,Diesel,South
3811,2136,Alto,137,477474,2022-06-08,Diesel,South
3812,3810,Seltos,138,452810,2023-08-21,Petrol,North
3813,1475,Alto,10,2361670,2023-05-31,CNG,West
3814,3810,XUV700,62,2714139,2024-10-22,CNG,Central
3815,2326,Seltos,90,1570328,2023-10-21,Hybrid,Central
3816,1970,Ertiga,60,1510376,2023-11-09,Hybrid,West
3817,4896,Harrier,147,995230,2022-11-11,Diesel,North
3818,2019,City,107,2580546,2022-11-24,CNG,South
3819,2141,Harrier,38,2444217,2022-10-03,Petrol,East
3820,2836,XUV700,134,2431137,2023-12-17,Hybrid,West
3821,1160,i20,143,2930234,2023-03-28,Diesel,Central
3822,3448,XUV700,47,2812215,2023-05-01,Hybrid,Central
3823,1197,Creta,173,2524580,2023-07-21,Hybrid,South
3824,2283,City,133,1815743,2022-09-03,Diesel,Central
3825,1659,City,78,776304,2024-07-23,CNG,Central
3826,2775,Swift,53,2079762,2024-06-07,CNG,South
3827,2070,i20,194,1875172,2022-06-13,Hybrid,North
3828,3010,Swift,62,1259254,2023-06-11,CNG,Central
3829,1398,Ertiga,23,2179277,2022-01-01,Diesel,North
3830,2733,Baleno,44,1844809,2024-05-12,CNG,East
3831,2582,Baleno,52,1142068,2022-05-17,Hybrid,North
3832,3125,Harrier,46,1603134,2022-05-31,Hybrid,South
3833,3171,Baleno,147,495933,2024-09-30,Diesel,South
3834,1074,City,84,2919879,2024-09-25,Hybrid,South
3835,4942,XUV700,47,1835750,2023-11-29,CNG,Central
3836,3184,i20,91,1196434,2022-11-29,Diesel,West
3837,1601,Harrier,52,2283594,2023-01-07,Hybrid,Central
3838,4471,Harrier,24,2565889,2023-08-04,Diesel,North
3839,1836,i20,145,1839877,2023-11-17,Diesel,East
3840,2528,City,89,1906460,2023-12-10,CNG,East
3841,1499,Ertiga,174,1937458,2024-07-16,CNG,East
3842,2596,Ertiga,64,790056,2024-01-10,Petrol,East
3843,1137,Harrier,119,2984529,2022-09-28,Diesel,West
3844,3097,Ertiga,156,2296499,2023-12-12,CNG,East
3845,2794,City,178,1046704,2022-11-21,Hybrid,Central
3846,1972,Creta,64,667709,2024-09-16,Petrol,East
3847,2642,Creta,156,1791203,2024-03-08,Petrol,South
3848,4696,Swift,86,1964091,2024-07-08,Hybrid,North
3849,2885,Alto,56,2723837,2023-07-01,CNG,Central
3850,3301,Seltos,59,1520629,2024-06-26,Diesel,West
3851,4701,Baleno,133,1788085,2022-07-31,Petrol,Central
3852,3028,Ertiga,182,2106358,2023-08-20,Hybrid,South
3853,3757,Creta,172,1429768,2022-02-17,Hybrid,East
3854,4920,XUV700,170,2014497,2022-08-19,Hybrid,East
3855,2900,i20,125,2437601,2023-08-02,Hybrid,West
3856,3610,Alto,185,767395,2024-08-07,Petrol,North
3857,3804,Swift,47,1055347,2024-07-20,Diesel,East
3858,4986,Seltos,121,927956,2022-02-21,CNG,West
3859,2449,Creta,153,1787000,2023-02-26,Hybrid,East
3860,1546,Swift,102,2263762,2023-09-03,Hybrid,Central
3861,4373,Alto,44,2421694,2023-03-22,Diesel,West
3862,1921,i20,15,485058,2024-08-18,Diesel,West
3863,1580,Baleno,105,648553,2022-05-11,CNG,West
3864,2372,Creta,51,2572592,2023-08-23,Petrol,East
3865,4903,i20,53,1475497,2023-01-09,Diesel,West
3866,2956,Seltos,34,416683,2023-07-05,Petrol,Central
3867,3003,Ertiga,124,939121,2023-06-14,Petrol,North
3868,3096,Alto,77,418290,2023-01-22,Hybrid,North
3869,3964,Seltos,136,1418293,2022-12-02,Petrol,South
3870,4145,Baleno,123,1685411,2024-01-06,Hybrid,Central
3871,1703,i20,70,1833806,2024-10-21,Hybrid,Central
3872,3308,City,21,471656,2024-06-14,CNG,West
3873,3403,Baleno,108,1397291,2023-06-22,Petrol,South
3874,4653,Harrier,108,582097,2023-05-11,Diesel,Central
3875,2625,Creta,135,2323030,2023-05-23,Diesel,Central
3876,4331,Ertiga,90,2488405,2023-11-12,Diesel,Central
3877,1637,Alto,79,504791,2023-07-19,CNG,East
3878,3790,XUV700,184,957004,2024-02-20,Hybrid,Central
3879,4366,i20,177,1717600,2024-01-30,Hybrid,East
3880,2009,City,42,2038928,2022-05-08,Diesel,Central
3881,3978,XUV700,151,2015957,2022-05-26,Hybrid,North
3882,1640,Creta,52,2974212,2023-05-14,Hybrid,East
3883,3839,Creta,102,487941,2024-08-23,CNG,East
3884,4384,Alto,105,1051956,2023-07-14,Petrol,West
3885,3659,City,79,2448862,2024-07-12,Petrol,Central
3886,2861,Creta,112,2197264,2023-02-07,CNG,South
3887,3856,XUV700,181,845862,2024-09-02,CNG,South
3888,2205,City,104,2807477,2022-12-08,Hybrid,South
3889,1685,XUV700,16,1610237,2023-06-25,CNG,South
3890,2851,Baleno,96,750116,2023-05-26,Hybrid,North
3891,4435,Seltos,37,2347439,2022-01-19,Petrol,South
3892,1187,City,146,2325187,2023-05-10,CNG,West
3893,4640,Swift,148,2375292,2022-12-21,Hybrid,South
3894,4614,Seltos,46,407322,2023-07-13,Petrol,West
3895,2619,Seltos,2,1222343,2022-12-11,Petrol,East
3896,2687,City,119,2199859,2023-11-19,Diesel,Central
3897,1984,Ertiga,87,2562417,2022-08-17,Petrol,South
3898,1547,Creta,94,1515494,2022-05-27,CNG,West
3899,3772,Baleno,191,2387860,2022-11-28,CNG,West
3900,3973,Ertiga,3,820722,2023-03-09,Hybrid,Central
3901,2431,Ertiga,174,890600,2023-02-03,CNG,East
3902,1875,Swift,111,2668106,2024-04-15,Petrol,South
3903,1617,i20,177,1246942,2023-08-10,Hybrid,West
3904,3461,City,1,2629929,2023-08-22,Petrol,South
3905,2365,XUV700,105,2175469,2024-01-27,Diesel,North
3906,2243,Creta,22,2322991,2022-12-12,Hybrid,West
3907,1902,Ertiga,142,1397575,2024-01-08,Diesel,East
3908,1162,Baleno,173,1800736,2023-01-15,Hybrid,Central
3909,2974,i20,134,1788385,2023-02-25,CNG,West
3910,4291,Swift,65,2940835,2024-10-07,Petrol,North
3911,1269,Harrier,21,824001,2023-02-22,Hybrid,Central
3912,1631,Creta,4,2357835,2022-12-22,CNG,East
3913,1905,Harrier,131,2997431,2022-01-16,CNG,South
3914,4919,Seltos,113,664848,2022-11-11,CNG,South
3915,4471,Ertiga,30,459092,2023-06-17,Diesel,West
3916,4253,Alto,31,2485459,2023-06-29,CNG,Central
3917,3014,Creta,162,2655608,2023-11-25,Hybrid,North
3918,2641,XUV700,20,1511569,2022-03-10,Diesel,North
3919,4800,i20,54,2332689,2023-02-15,Petrol,East
3920,1204,Baleno,126,2202364,2024-03-22,CNG,Central
3921,1581,Creta,153,770177,2024-07-07,Hybrid,Central
3922,2579,XUV700,15,2002891,2024-04-26,Hybrid,South
3923,1840,City,166,2378847,2024-01-10,Diesel,East
3924,2836,Harrier,151,1944903,2023-03-15,Petrol,East
3925,2251,City,180,1664330,2023-06-14,Diesel,East
3926,2719,i20,194,2650125,2023-12-31,CNG,Central
3927,2642,Swift,185,2284974,2022-09-30,Petrol,South
3928,3643,Ertiga,57,1386141,2023-04-04,Petrol,East
3929,4921,Creta,79,2198199,2024-03-30,Petrol,South
3930,3297,Alto,180,2390886,2023-07-22,Diesel,East
3931,1874,Harrier,163,2471703,2024-05-10,Hybrid,Central
3932,2464,Harrier,14,1452149,2023-05-12,Diesel,South
3933,4604,Creta,91,2408021,2024-03-05,Hybrid,West
3934,3243,Seltos,14,1816130,2024-03-15,Diesel,East
3935,1689,City,99,884260,2024-07-22,Hybrid,Central
3936,3010,Harrier,33,884737,2024-09-18,Hybrid,South
3937,4590,XUV700,180,1492491,2024-04-19,Petrol,North
3938,4141,Baleno,1,667204,2023-09-27,Hybrid,Central
3939,3686,Ertiga,34,1628742,2023-08-26,CNG,Central
3940,2422,Harrier,19,2626623,2024-01-06,CNG,North
3941,3001,XUV700,152,1503997,2024-09-17,Hybrid,North
3942,1671,i20,4,1494186,2023-01-02,Hybrid,West
3943,4831,i20,164,2569320,2022-09-13,Hybrid,West
3944,4274,Ertiga,77,706042,2023-03-16,Hybrid,West
3945,2171,Seltos,58,405589,2023-03-11,Petrol,Central
3946,2495,Alto,160,2544763,2023-11-21,CNG,Central
3947,4726,Ertiga,137,2165259,2022-11-04,Petrol,Central
3948,1943,Swift,103,1441095,2023-02-13,CNG,West
3949,3246,Seltos,67,2711615,2024-04-05,Hybrid,South
3950,4988,Harrier,116,2771187,2022-03-28,CNG,Central
3951,2449,Ertiga,148,1148658,2022-01-03,CNG,Central
3952,4737,City,120,2821389,2023-01-07,Diesel,Central
3953,3539,i20,190,2154230,2023-10-04,Diesel,West
3954,4959,XUV700,186,2483336,2022-04-08,Hybrid,East
3955,1895,Ertiga,22,2744520,2023-11-01,Petrol,West
3956,3189,City,112,745961,2022-11-17,Diesel,East
3957,2336,Seltos,195,664336,2023-06-18,Hybrid,West
3958,1164,Swift,75,1941187,2024-03-30,Petrol,South
3959,3361,XUV700,176,2153787,2023-01-02,Diesel,South
3960,3068,Baleno,136,1436284,2023-02-21,CNG,Central
3961,2105,Swift,143,1232792,2023-12-30,Diesel,West
3962,4652,Harrier,32,725396,2024-04-27,Hybrid,East
3963,4202,City,181,2363659,2023-11-01,Diesel,East
3964,4670,Ertiga,67,1153205,2022-05-13,Diesel,South
3965,2753,Ertiga,4,952960,2022-02-22,Petrol,Central
3966,4031,Creta,30,635437,2024-01-11,Petrol,East
3967,3352,i20,13,2341935,2023-11-26,CNG,West
3968,2938,Harrier,21,2716678,2022-01-23,Hybrid,Central
3969,1370,City,41,1437577,2023-04-05,CNG,West
3970,2880,Ertiga,121,958335,2023-10-12,CNG,West
3971,1852,Baleno,19,2438154,2023-04-27,Diesel,South
3972,1383,XUV700,48,1715884,2022-04-30,CNG,West
3973,2931,Harrier,86,2792918,2023-11-04,Petrol,North
3974,3492,Seltos,63,1222412,2022-07-27,CNG,Central
3975,1424,Baleno,148,1369242,2022-11-14,Hybrid,North
3976,3208,XUV700,192,2354536,2022-12-04,CNG,West
3977,4249,Alto,37,2057552,2022-06-04,Hybrid,West
3978,1628,i20,31,2446001,2024-05-17,Hybrid,South
3979,4779,Harrier,74,2127548,2023-01-29,CNG,South
3980,1894,City,146,2575218,2023-05-20,CNG,South
3981,3537,Swift,107,2697100,2024-08-28,CNG,South
3982,4064,XUV700,103,1306379,2022-11-09,Hybrid,East
3983,3374,Seltos,110,1640220,2022-01-14,Petrol,South
3984,1597,Ertiga,20,957331,2022-03-18,Diesel,West
3985,4062,Swift,139,1880614,2023-02-13,CNG,West
3986,3336,Baleno,86,1639072,2023-01-29,Diesel,Central
3987,1592,i20,44,1632526,2022-08-08,CNG,North
3988,2687,City,82,888896,2024-01-14,Hybrid,East
3989,4644,Swift,64,2583050,2023-03-09,Hybrid,East
3990,1572,Seltos,122,1162717,2024-03-16,Diesel,Central
3991,4425,XUV700,162,2366116,2024-09-14,Petrol,Central
3992,3075,City,87,2587186,2023-10-16,Hybrid,South
3993,4001,Alto,65,1018211,2024-03-27,Diesel,Central
3994,3090,Ertiga,55,2915398,2024-01-25,Hybrid,East
3995,2704,i20,74,1313851,2023-11-07,CNG,North
3996,3470,Swift,117,976748,2024-04-11,Diesel,North
3997,4669,i20,129,1821523,2022-01-28,Diesel,East
3998,1176,i20,166,1186228,2024-09-14,CNG,South
3999,1528,i20,137,1525515,2023-02-20,Diesel,North
4000,2633,XUV700,95,873789,2022-01-25,CNG,North
4001,1965,i20,199,550111,2023-11-04,Petrol,South
4002,2517,Alto,145,2511169,2023-06-26,CNG,North
4003,1197,Baleno,99,1531477,2022-06-14,Petrol,West
4004,3657,Seltos,112,709169,2022-07-27,Diesel,East
4005,4648,City,52,1099614,2024-08-06,CNG,North
4006,3889,Alto,146,2412355,2024-09-11,Diesel,North
4007,1852,City,191,457943,2023-09-06,Petrol,South
4008,4588,Seltos,33,2666640,2023-01-08,Hybrid,North
4009,2537,Baleno,4,925799,2023-09-10,Hybrid,South
4010,3069,Harrier,87,482151,2022-03-10,Hybrid,East
4011,4183,City,75,2987493,2022-04-11,Hybrid,West
4012,2080,City,180,2155830,2022-01-01,Hybrid,Central
4013,4137,Baleno,9,948513,2022-12-17,Petrol,East
4014,3889,Swift,64,2911214,2022-01-07,Hybrid,North
4015,1097,Alto,30,1292485,2022-11-14,Hybrid,West
4016,4215,Swift,136,1514683,2023-09-15,Diesel,Central
4017,2903,Swift,133,2130124,2023-05-24,CNG,Central
4018,1434,Swift,76,1771630,2022-07-05,CNG,North
4019,1636,i20,191,2738760,2023-12-29,CNG,Central
4020,4750,Ertiga,129,2539682,2023-04-07,CNG,Central
4021,4157,City,15,2539151,2022-12-09,Petrol,East
4022,1587,Swift,89,1455185,2023-09-27,CNG,East
4023,1343,Alto,166,903793,2023-12-14,Diesel,Central
4024,2317,Ertiga,170,2808618,2024-10-28,Petrol,South
4025,2979,Ertiga,128,1191583,2023-07-30,Hybrid,North
4026,1570,Swift,174,1773398,2022-05-16,Diesel,South
4027,4721,XUV700,181,971350,2023-01-18,Diesel,South
4028,1610,Swift,26,1035665,2022-07-05,Hybrid,Central
4029,2727,XUV700,61,937421,2023-10-01,Hybrid,North
4030,3290,Swift,123,2771505,2024-07-16,Diesel,South
4031,2854,Alto,67,651061,2024-08-21,Petrol,East
4032,3608,XUV700,182,649336,2023-07-15,Hybrid,East
4033,1959,i20,150,1672149,2024-06-16,CNG,North
4034,3079,Ertiga,26,1785401,2023-10-01,Diesel,South
4035,3438,Swift,83,1168021,2022-11-17,Diesel,West
4036,3324,Ertiga,108,2289353,2024-05-07,Hybrid,West
4037,1531,Swift,111,2269646,2024-09-24,Hybrid,North
4038,2177,City,60,412521,2022-10-12,CNG,North
4039,3430,City,39,1273846,2022-12-17,CNG,West
4040,2091,Creta,123,1314864,2022-03-24,CNG,South
4041,2901,Swift,36,1224653,2023-10-28,CNG,South
4042,1883,Creta,21,1548707,2023-06-25,Diesel,Central
4043,3261,Baleno,169,2776219,2023-04-25,Hybrid,North
4044,2678,Baleno,118,1006049,2022-08-01,Petrol,South
4045,3423,Ertiga,48,2854971,2024-07-18,Hybrid,West
4046,3791,XUV700,26,2463590,2022-12-26,Hybrid,West
4047,3260,Swift,191,885693,2022-08-02,CNG,East
4048,3126,Seltos,36,2141142,2022-10-31,CNG,South
4049,2749,Swift,152,935506,2022-07-19,Diesel,Central
4050,3675,Swift,128,583761,2022-08-26,CNG,Central
4051,3651,Seltos,149,1021436,2023-11-02,Diesel,North
4052,1781,Baleno,146,668860,2024-05-28,Hybrid,East
4053,4994,Creta,15,1180736,2022-09-08,Hybrid,West
4054,4452,Ertiga,79,1726808,2023-04-21,Hybrid,West
4055,4048,Baleno,134,955289,2023-05-13,Diesel,North
4056,3727,Seltos,171,1946914,2024-09-04,Diesel,Central
4057,3105,Swift,159,1864376,2024-09-23,Diesel,Central
4058,4867,Baleno,28,1841742,2023-12-02,CNG,West
4059,4097,Alto,136,2527310,2024-02-23,Petrol,North
4060,1880,City,157,898342,2023-03-05,CNG,South
4061,1446,Swift,149,1451897,2023-06-23,Petrol,East
4062,3113,Harrier,120,1369205,2024-06-19,CNG,Central
4063,4992,Seltos,88,2375013,2024-08-25,Hybrid,Central
4064,2783,i20,186,890226,2022-07-29,Diesel,Central
4065,2277,XUV700,188,1444569,2023-05-06,CNG,South
4066,4970,i20,178,2375986,2023-04-16,Diesel,South
4067,2991,Baleno,31,1701561,2023-07-22,CNG,East
4068,2067,Swift,47,2345548,2023-10-26,Hybrid,Central
4069,4168,XUV700,34,2127750,2023-07-04,Diesel,West
4070,2577,XUV700,2,2760114,2022-07-17,Hybrid,Central
4071,2011,Ertiga,106,1457010,2023-06-05,Petrol,East
4072,3274,i20,195,783638,2023-11-19,Diesel,East
4073,1773,Swift,94,1751414,2023-04-12,CNG,West
4074,3726,Ertiga,72,2615944,2023-08-19,Diesel,South
4075,4507,Creta,52,2554350,2022-05-19,Petrol,West
4076,2814,i20,135,1356166,2024-10-11,Petrol,East
4077,3648,City,147,751114,2022-08-30,CNG,West
4078,3426,City,90,1369673,2022-11-12,Hybrid,Central
4079,2201,Ertiga,92,2570080,2023-10-29,Diesel,East
4080,2450,Creta,143,809318,2024-01-03,Hybrid,South
4081,4986,Alto,78,1798518,2022-05-15,Hybrid,South
4082,3756,Alto,176,2549442,2023-08-02,CNG,West
4083,1306,City,125,1703204,2023-03-15,Diesel,West
4084,1778,Harrier,142,1984630,2022-03-18,Petrol,West
4085,3551,Seltos,131,1461868,2023-02-04,CNG,Central
4086,3315,Seltos,50,2714447,2023-01-09,Hybrid,South
4087,4657,Harrier,93,1102991,2024-01-28,Petrol,East
4088,1007,Ertiga,124,2753969,2024-01-19,Hybrid,East
4089,4991,Seltos,54,908906,2024-02-03,Diesel,South
4090,3555,Seltos,134,1393734,2023-02-21,Hybrid,West
4091,1475,i20,177,768590,2022-07-26,Petrol,North
4092,2320,i20,151,1483109,2022-12-07,Diesel,West
4093,3211,Harrier,78,798994,2023-12-22,CNG,South
4094,1484,Swift,78,2881714,2022-11-07,Hybrid,Central
4095,4668,Creta,20,1409601,2023-09-17,Diesel,West
4096,4143,Ertiga,91,2633090,2022-03-24,Diesel,East
4097,3614,i20,188,2308973,2024-10-23,CNG,Central
4098,1904,i20,99,2033525,2024-05-22,CNG,South
4099,1558,Alto,173,2278360,2022-08-24,Petrol,North
4100,4982,Creta,189,1820771,2023-01-24,Diesel,West
4101,2967,Alto,56,2323381,2023-01-28,Diesel,Central
4102,3285,Swift,2,1630384,2024-01-17,Petrol,Central
4103,2127,Creta,105,2990757,2022-01-30,Hybrid,East
4104,2233,Seltos,173,2064795,2024-09-08,Diesel,West
4105,3601,Alto,168,2185887,2023-08-28,Diesel,North
4106,3875,City,112,628594,2022-10-10,Hybrid,Central
4107,1467,Ertiga,24,1252259,2022-08-26,CNG,East
4108,4525,Seltos,157,993510,2024-01-01,CNG,West
4109,4339,Creta,195,641955,2022-01-31,CNG,West
4110,3433,City,109,1249277,2024-09-04,Petrol,North
4111,3822,Swift,68,2717910,2024-07-03,Hybrid,East
4112,1847,City,114,1457345,2022-07-26,CNG,North
4113,3434,i20,194,1019657,2024-06-21,Petrol,Central
4114,3924,Harrier,84,862661,2023-08-06,Hybrid,South
4115,1258,City,182,2509420,2023-04-05,CNG,South
4116,1282,XUV700,181,541916,2022-05-16,Diesel,North
4117,2649,Swift,49,1116123,2024-09-04,Diesel,North
4118,2898,Seltos,32,1289109,2022-10-11,CNG,South
4119,1039,Alto,61,1696915,2024-04-29,CNG,Central
4120,3533,Baleno,170,2908174,2022-12-17,Petrol,North
4121,3976,Swift,129,1107121,2022-01-17,Diesel,Central
4122,3267,XUV700,191,1881294,2023-02-18,Hybrid,Central
4123,4200,i20,102,2445476,2022-01-06,CNG,East
4124,2014,Alto,35,2210890,2024-02-19,Hybrid,Central
4125,4071,Ertiga,51,2480871,2022-03-28,CNG,West
4126,4591,Baleno,199,1469886,2022-07-08,Diesel,South
4127,1612,City,45,2751892,2023-02-24,CNG,South
4128,3975,XUV700,77,792445,2022-09-05,Hybrid,North
4129,2915,City,113,1279950,2024-05-09,Diesel,North
4130,1687,Ertiga,65,2005070,2022-07-26,CNG,East
4131,4690,Swift,14,2506916,2023-02-28,Diesel,East
4132,1612,Harrier,93,2683820,2023-07-03,Petrol,West
4133,3307,XUV700,131,1427412,2023-05-02,Hybrid,North
4134,4037,Creta,24,1669227,2022-05-13,CNG,South
4135,4013,Seltos,65,896723,2022-04-25,CNG,West
4136,3413,Creta,176,1582624,2023-01-12,CNG,North
4137,2781,Harrier,138,2635650,2024-09-03,Hybrid,West
4138,2810,Ertiga,13,2276395,2022-07-30,Petrol,Central
4139,3591,Creta,142,2937838,2022-05-12,Hybrid,Central
4140,3696,i20,100,537558,2022-06-03,CNG,West
4141,2547,XUV700,138,1094618,2024-07-08,Hybrid,North
4142,2930,i20,168,1823138,2024-08-09,CNG,Central
4143,3861,Baleno,151,2744856,2024-03-16,Hybrid,Central
4144,4958,Harrier,99,2781919,2022-05-27,Diesel,West
4145,4087,Baleno,55,1734526,2023-12-16,Hybrid,Central
4146,2152,Baleno,63,2412295,2022-08-19,CNG,South
4147,1574,Baleno,71,655223,2023-03-27,CNG,Central
4148,4180,Swift,170,1038450,2024-06-25,Hybrid,West
4149,2910,Swift,99,2657381,2022-04-17,Hybrid,Central
4150,2012,Harrier,66,1006619,2022-04-03,Diesel,Central
4151,4604,Alto,79,2519626,2024-04-08,Petrol,East
4152,1669,Creta,73,1081867,2022-05-20,Petrol,West
4153,1268,Swift,47,2507839,2022-01-11,Diesel,West
4154,4233,City,81,1022838,2023-03-24,Petrol,East
4155,2283,i20,126,750906,2024-07-15,Petrol,East
4156,1923,Swift,52,1286907,2023-01-30,CNG,South
4157,2125,Ertiga,146,1963758,2023-01-13,CNG,Central
4158,2529,Baleno,146,2978006,2022-12-27,CNG,North
4159,2758,Swift,152,1483404,2023-11-14,Hybrid,North
4160,2594,Harrier,23,2926470,2024-10-13,Hybrid,East
4161,1246,i20,140,2739615,2023-10-04,Petrol,West
4162,4711,i20,151,688967,2023-07-27,Hybrid,West
4163,4866,Alto,21,2371441,2024-09-23,CNG,South
4164,4908,Seltos,64,1277806,2024-07-11,Hybrid,North
4165,2560,Seltos,72,1228444,2023-01-31,Petrol,West
4166,3178,Creta,162,1836182,2022-07-05,CNG,South
4167,3400,City,130,889854,2023-01-06,Petrol,South
4168,3243,XUV700,69,2938027,2023-08-31,Hybrid,East
4169,4864,Harrier,159,966922,2022-10-09,Diesel,North
4170,2939,Ertiga,68,1153997,2022-03-23,Diesel,South
4171,1929,Swift,198,474992,2022-05-28,CNG,South
4172,4737,Harrier,147,2770665,2024-08-22,Petrol,South
4173,4453,City,128,2706978,2024-09-18,Diesel,North
4174,4069,Seltos,107,2075824,2024-08-05,Diesel,East
4175,3692,Harrier,109,1460986,2023-05-10,CNG,Central
4176,1226,Swift,72,1609378,2023-12-24,CNG,West
4177,3748,Alto,103,2893033,2023-12-04,Petrol,North
4178,4547,Creta,141,2405979,2024-10-27,Diesel,North
4179,4548,Alto,65,1617351,2024-04-05,Petrol,North
4180,1264,Seltos,134,2956319,2023-03-10,Petrol,Central
4181,2395,Baleno,199,2963398,2023-07-17,CNG,West
4182,4557,Seltos,112,1730607,2022-05-18,Petrol,West
4183,2457,Creta,155,1076186,2023-01-02,Hybrid,South
4184,1645,Swift,79,2372260,2022-04-16,Petrol,South
4185,3258,City,180,2827391,2024-03-04,Diesel,East
4186,4643,XUV700,126,1117648,2023-09-28,Petrol,North
4187,4448,Alto,121,834121,2024-09-13,Hybrid,East
4188,2418,Seltos,87,2173443,2024-08-15,Hybrid,North
4189,2473,City,48,1576086,2024-05-04,Diesel,West
4190,3990,Alto,88,2028932,2022-03-19,Diesel,East
4191,2387,Seltos,68,1728833,2022-07-28,Petrol,West
4192,2899,Creta,172,705005,2022-01-08,Hybrid,South
4193,3504,Alto,101,2260625,2024-01-07,Hybrid,West
4194,3772,Seltos,17,2333338,2022-08-15,Petrol,Central
4195,4799,Swift,38,2892951,2022-06-24,Diesel,East
4196,2249,Creta,138,622236,2022-03-22,Hybrid,North
4197,1981,City,54,2785546,2022-08-26,Petrol,West
4198,2154,City,134,1975919,2022-07-06,Diesel,East
4199,1587,XUV700,134,1783057,2023-09-22,Petrol,North
4200,1475,Harrier,52,2400506,2024-10-10,Diesel,East
4201,2821,Baleno,15,1685251,2024-03-25,Diesel,East
4202,1985,Swift,68,2586528,2023-09-06,Hybrid,Central
4203,4348,Creta,185,934221,2024-06-10,CNG,West
4204,3203,Alto,112,928425,2022-06-27,Hybrid,Central
4205,4831,City,184,2062715,2024-09-11,Petrol,South
4206,2241,Swift,104,2007346,2022-10-07,Diesel,East
4207,1189,Creta,7,2934524,2024-03-08,Hybrid,West
4208,2440,Creta,51,2287491,2022-03-08,Diesel,South
4209,1980,Alto,58,1157011,2023-06-28,Hybrid,South
4210,2698,Creta,192,2495316,2023-06-04,Petrol,Central
4211,2715,Ertiga,109,2402392,2023-05-14,Petrol,South
4212,3593,Swift,111,947651,2024-08-03,Petrol,North
4213,1040,Seltos,154,2998318,2023-12-28,Hybrid,North
4214,3354,City,186,1288522,2022-07-08,CNG,North
4215,1942,City,31,479951,2024-08-04,Petrol,South
4216,1337,Seltos,194,1185338,2022-05-16,Hybrid,East
4217,2337,Swift,92,2101091,2023-06-30,CNG,West
4218,2098,Baleno,106,2815710,2024-03-03,Hybrid,North
4219,4000,Swift,13,1626700,2023-07-09,Hybrid,North
4220,3326,i20,146,1535510,2024-06-12,Petrol,North
4221,4247,Creta,119,432691,2024-08-03,CNG,Central
4222,1895,Harrier,141,2714404,2023-06-09,Hybrid,Central
4223,4733,Alto,115,2027561,2022-06-23,Hybrid,North
4224,3320,Ertiga,152,2763179,2023-09-29,Hybrid,North
4225,3884,Harrier,57,615932,2022-07-26,Hybrid,Central
4226,3667,Seltos,126,513655,2024-08-06,Petrol,West
4227,2674,Alto,157,1207977,2022-04-14,Hybrid,East
4228,3909,Alto,184,680348,2022-10-17,CNG,West
4229,4854,Alto,54,1471844,2023-07-21,Diesel,East
4230,4930,City,133,1923090,2024-08-21,CNG,South
4231,1930,Ertiga,163,2745714,2024-04-17,Hybrid,South
4232,1288,City,19,1935699,2023-02-15,Hybrid,West
4233,1723,Creta,183,1177270,2024-05-31,CNG,Central
4234,3940,i20,77,1686479,2024-06-04,Diesel,North
4235,3319,XUV700,69,1655300,2023-02-28,Petrol,South
4236,2953,Ertiga,44,650736,2022-06-04,Diesel,Central
4237,2089,Harrier,38,519755,2022-05-31,Diesel,Central
4238,1482,Creta,62,1739156,2022-07-31,Diesel,East
4239,1935,Swift,22,2958692,2024-05-30,CNG,South
4240,3295,Seltos,73,1153045,2024-01-25,Diesel,West
4241,1155,i20,168,862358,2023-06-25,Petrol,Central
4242,2070,Creta,154,2407614,2023-12-02,Hybrid,West
4243,2958,Swift,125,2333532,2022-06-21,CNG,West
4244,3501,i20,5,2583994,2023-01-06,CNG,South
4245,3248,Swift,54,1000657,2024-07-01,Diesel,West
4246,2683,Ertiga,86,1011821,2024-03-12,Hybrid,West
4247,1123,Swift,177,1482097,2022-09-13,Hybrid,North
4248,3048,i20,3,1675132,2024-09-16,Hybrid,West
4249,1967,Swift,38,2897856,2023-11-07,CNG,North
4250,4830,Harrier,142,2883196,2024-05-13,Petrol,South
4251,1854,Creta,175,2539600,2023-02-20,Hybrid,West
4252,1639,i20,142,2242946,2022-11-25,CNG,Central
4253,3238,Harrier,73,2679337,2024-07-06,Diesel,West
4254,2602,Swift,38,2601414,2024-08-19,Hybrid,North
4255,3563,Swift,192,808986,2024-04-03,Diesel,Central
4256,1441,Alto,172,1127531,2022-09-06,Hybrid,South
4257,2944,i20,125,1129525,2024-01-15,Diesel,East
4258,2838,Ertiga,70,2161758,2022-11-04,CNG,East
4259,2829,Swift,65,2547086,2023-07-27,Diesel,North
4260,3190,Seltos,25,1807924,2024-03-08,CNG,South
4261,4262,City,16,1111658,2024-09-27,Diesel,South
4262,1532,XUV700,15,1530785,2024-01-31,Diesel,West
4263,3274,City,131,1530875,2022-10-20,Diesel,East
4264,2336,Ertiga,195,2017797,2023-02-14,Hybrid,West
4265,4700,Creta,37,540642,2022-07-17,Petrol,South
4266,1948,Baleno,183,1884879,2022-03-21,Petrol,North
4267,4373,Seltos,125,2587329,2022-05-17,Hybrid,North
4268,4725,Baleno,113,1805326,2022-08-01,Diesel,Central
4269,3019,Swift,166,747983,2023-09-11,Diesel,North
4270,1459,Creta,191,2380352,2024-08-17,Hybrid,East
4271,4472,Harrier,1,1975430,2022-06-15,CNG,Central
4272,1550,Swift,71,2049353,2023-03-06,CNG,East
4273,1392,Baleno,103,2300363,2022-05-01,Hybrid,West
4274,4938,Swift,19,2623883,2022-11-27,Petrol,West
4275,2787,XUV700,52,1546958,2023-09-12,CNG,North
4276,1844,Alto,118,2707826,2022-02-06,Hybrid,Central
4277,4278,XUV700,158,833951,2024-08-21,CNG,East
4278,3257,Creta,107,2883161,2024-04-24,Hybrid,East
4279,2138,Harrier,55,1479421,2024-03-07,CNG,South
4280,4808,XUV700,14,479449,2022-10-13,CNG,North
4281,1645,i20,13,2162108,2024-06-05,Hybrid,West
4282,4322,Harrier,84,2731821,2022-08-08,Petrol,South
4283,3266,Baleno,90,2528323,2024-10-27,Petrol,West
4284,3454,XUV700,27,1013467,2022-08-04,CNG,West
4285,2466,Alto,89,2638848,2023-11-12,CNG,East
4286,4674,Harrier,137,2957132,2022-10-20,Petrol,West
4287,2377,Swift,41,1033194,2022-02-12,Hybrid,Central
4288,3935,Alto,48,977218,2023-11-24,Diesel,West
4289,3605,Swift,12,1498225,2024-08-16,CNG,Central
4290,3597,XUV700,138,1137816,2022-04-24,Diesel,West
4291,1141,Seltos,6,987791,2024-07-09,CNG,South
4292,3659,Seltos,162,1827379,2022-08-25,Petrol,East
4293,1500,Baleno,180,1325091,2023-10-15,Hybrid,South
4294,1839,Alto,41,796743,2022-06-07,CNG,East
4295,3749,Swift,6,451538,2024-06-26,Diesel,South
4296,4618,Ertiga,130,1911291,2024-08-18,Petrol,North
4297,2682,Alto,15,2206411,2024-05-02,CNG,West
4298,2565,i20,145,944531,2024-06-04,Hybrid,West
4299,3046,Baleno,16,2042095,2022-03-01,CNG,North
4300,4917,City,156,1523224,2023-02-05,Hybrid,North
4301,2530,City,85,694203,2024-04-07,Hybrid,Central
4302,1595,Swift,10,1638515,2023-04-21,Petrol,South
4303,2904,Seltos,138,737621,2023-10-17,CNG,West
4304,1280,Harrier,138,402700,2024-04-24,Hybrid,Central
4305,1423,i20,156,2940525,2024-07-12,Petrol,West
4306,3903,City,152,857099,2023-09-30,CNG,North
4307,1269,Swift,19,675483,2023-10-11,Hybrid,Central
4308,1153,Swift,68,649126,2022-08-01,Petrol,Central
4309,3661,XUV700,184,2361386,2024-09-16,CNG,Central
4310,2750,Seltos,195,1740263,2024-03-14,Hybrid,South
4311,1661,Alto,42,1222362,2022-05-08,Petrol,Central
4312,2967,Harrier,140,1358578,2024-08-09,Petrol,West
4313,1082,XUV700,146,2688897,2022-08-05,CNG,South
4314,4693,City,151,429044,2023-12-12,Petrol,West
4315,3994,Harrier,84,740817,2022-01-20,CNG,Central
4316,3946,Baleno,134,1352409,2023-11-06,CNG,Central
4317,2449,Seltos,53,2944372,2023-12-15,Hybrid,West
4318,2298,City,98,1956510,2024-01-09,CNG,East
4319,4784,Swift,42,1126844,2023-07-11,Petrol,Central
4320,3331,City,194,1415607,2022-07-16,CNG,Central
4321,1979,Ertiga,30,2480594,2024-07-24,Hybrid,South
4322,3220,Creta,9,2580877,2023-11-09,Petrol,West
4323,4398,Creta,170,1405837,2023-05-19,Hybrid,Central
4324,4789,City,34,2785308,2024-01-08,Diesel,West
4325,4134,Ertiga,168,1381200,2024-03-02,Hybrid,South
4326,4144,City,88,1264945,2022-07-16,Diesel,West
4327,3810,Creta,145,1099748,2024-02-20,Diesel,West
4328,2659,XUV700,157,2333768,2024-01-14,CNG,South
4329,2398,Baleno,50,2710592,2023-02-26,Petrol,Central
4330,1632,Creta,76,432835,2023-03-08,CNG,West
4331,2531,Baleno,177,598470,2024-07-14,Petrol,East
4332,1786,Swift,189,1446285,2022-08-23,Hybrid,Central
4333,3990,Baleno,46,2133481,2022-11-23,Diesel,South
4334,4059,XUV700,46,706535,2024-07-22,Diesel,North
4335,1397,Ertiga,126,1915647,2023-04-24,Diesel,East
4336,2143,Baleno,17,1814919,2023-03-04,Hybrid,Central
4337,1933,Harrier,66,1363292,2023-10-28,Hybrid,South
4338,2460,Alto,104,2001265,2024-05-07,CNG,East
4339,2852,Creta,5,2070628,2023-10-04,CNG,Central
4340,3723,Ertiga,123,982899,2024-03-21,Petrol,North
4341,3983,i20,182,1722922,2023-07-29,Petrol,Central
4342,3512,Swift,125,1118728,2024-10-15,Diesel,North
4343,1285,Alto,112,634891,2024-10-25,Hybrid,North
4344,1264,Harrier,16,1927450,2024-03-13,Hybrid,West
4345,3367,Seltos,81,1219567,2023-02-04,CNG,South
4346,3720,XUV700,91,513944,2023-08-18,CNG,West
4347,4447,City,135,2753708,2022-04-27,Petrol,North
4348,3867,Alto,136,2086629,2023-01-18,Petrol,South
4349,3136,Ertiga,72,2560687,2024-05-08,CNG,South
4350,2677,Ertiga,96,808113,2022-03-23,CNG,South
4351,2226,Ertiga,111,2876624,2024-04-11,Hybrid,East
4352,1820,Swift,82,891578,2024-05-22,Petrol,Central
4353,2762,Baleno,38,846624,2023-10-15,CNG,North
4354,4048,Creta,54,867046,2024-01-04,CNG,South
4355,3381,Seltos,76,2158029,2022-03-11,Diesel,East
4356,3269,City,15,1346358,2023-01-22,CNG,East
4357,1040,Ertiga,178,2148841,2023-06-08,CNG,North
4358,2731,City,184,479870,2022-10-24,Hybrid,West
4359,1067,i20,116,2581518,2023-09-09,CNG,East
4360,1987,Swift,9,2620988,2023-12-20,Petrol,North
4361,2799,Ertiga,8,906634,2022-06-27,Diesel,East
4362,3561,i20,110,492814,2024-10-28,Hybrid,North
4363,4944,Seltos,147,1795005,2022-01-11,Petrol,South
4364,4708,Seltos,51,2224190,2024-02-24,Diesel,West
4365,4693,Creta,185,2456688,2023-02-15,Diesel,East
4366,2621,Harrier,196,2998230,2024-06-10,CNG,East
4367,2655,Creta,31,2593834,2023-08-30,Diesel,East
4368,4198,Baleno,102,2654651,2022-06-04,Diesel,Central
4369,2278,City,3,1558202,2023-08-22,CNG,Central
4370,1694,XUV700,99,1824910,2024-04-03,Hybrid,South
4371,4087,Seltos,83,1918364,2022-12-16,CNG,East
4372,3524,XUV700,43,1119050,2024-07-31,Hybrid,West
4373,2085,Swift,29,2773356,2022-01-19,Diesel,Central
4374,3928,Alto,10,1643861,2022-11-09,Petrol,North
4375,3479,Ertiga,140,592848,2024-07-15,Hybrid,North
4376,2693,Swift,46,1628512,2023-06-12,Hybrid,North
4377,3315,Seltos,30,1664957,2023-07-11,Hybrid,South
4378,2058,i20,94,2005834,2023-03-21,Hybrid,East
4379,1778,City,32,1940326,2022-08-19,Diesel,East
4380,4647,XUV700,47,853251,2023-09-17,Petrol,Central
4381,1493,Creta,88,411683,2024-10-07,Hybrid,North
4382,2585,Alto,63,1287063,2024-06-07,Petrol,South
4383,2492,Harrier,154,2166184,2022-12-25,Diesel,West
4384,2790,Swift,131,2723760,2022-02-13,Hybrid,East
4385,1660,Harrier,23,887889,2024-05-26,Petrol,East
4386,2348,XUV700,74,2203043,2022-08-11,Hybrid,South
4387,2327,XUV700,50,725709,2024-06-20,Hybrid,Central
4388,2299,Ertiga,164,1044742,2022-09-28,Diesel,South
4389,4940,i20,124,1435915,2022-07-31,Hybrid,Central
4390,2986,i20,13,1006383,2022-09-04,Petrol,East
4391,4755,Baleno,126,1949732,2024-08-05,Petrol,Central
4392,4060,Creta,29,1100323,2024-03-31,Diesel,Central
4393,3044,Seltos,166,2961595,2022-03-13,CNG,Central
4394,4272,Seltos,121,1452108,2022-10-22,CNG,Central
4395,4516,XUV700,90,514527,2022-06-20,Diesel,North
4396,2928,Swift,133,2911101,2022-09-03,Diesel,North
4397,2347,City,148,1794183,2023-09-09,CNG,North
4398,2058,Seltos,78,2969386,2022-08-28,CNG,North
4399,1976,Seltos,109,1671865,2022-11-07,Petrol,South
4400,1481,Swift,14,403413,2023-02-02,Petrol,West
4401,1727,Creta,136,1979949,2024-07-11,Petrol,Central
4402,3527,Alto,48,420563,2024-03-02,CNG,South
4403,4136,i20,141,1916660,2022-01-22,Diesel,North
4404,2031,Ertiga,24,699719,2024-03-23,Hybrid,Central
4405,4372,Ertiga,79,2756757,2024-06-22,Petrol,West
4406,1342,Ertiga,193,1455962,2024-04-11,Hybrid,Central
4407,4502,Swift,162,1548820,2023-05-22,Diesel,East
4408,2447,Ertiga,51,2556302,2022-06-09,CNG,East
4409,3379,XUV700,3,1940752,2024-01-14,Petrol,South
4410,3485,Baleno,128,1614919,2024-03-23,CNG,West
4411,4659,Swift,119,1000854,2022-06-29,Diesel,South
4412,3221,Swift,58,544210,2022-08-01,Petrol,Central
4413,3606,i20,125,1578125,2023-06-14,Diesel,West
4414,1526,Ertiga,113,1627017,2022-01-27,Diesel,South
4415,2896,Harrier,55,1595294,2024-07-27,Petrol,Central
4416,1658,Alto,119,738325,2024-05-19,Hybrid,North
4417,3073,Baleno,120,2249636,2023-03-14,Petrol,Central
4418,1819,Swift,80,2358942,2022-10-12,CNG,South
4419,3652,Baleno,42,1185578,2023-10-23,Hybrid,West
4420,1405,Swift,21,2847564,2023-10-11,Petrol,West
4421,3279,Creta,10,1657379,2022-07-08,Petrol,North
4422,3580,i20,57,814787,2023-04-24,Petrol,South
4423,4890,XUV700,153,696630,2023-08-26,Petrol,North
4424,2573,Creta,56,619508,2024-10-11,Petrol,East
4425,2811,City,38,985923,2023-06-01,CNG,Central
4426,1504,Ertiga,86,2628349,2024-07-04,Diesel,East
4427,4740,City,113,2545966,2022-08-18,CNG,East
4428,1178,Alto,189,1047429,2024-05-18,Diesel,North
4429,1131,Harrier,112,1336822,2024-01-29,Petrol,North
4430,2846,XUV700,175,462363,2022-02-03,CNG,Central
4431,2478,Creta,54,2470301,2022-10-23,Diesel,North
4432,3395,Baleno,46,2540314,2023-03-29,Diesel,North
4433,3587,Baleno,196,647364,2022-05-22,Petrol,North
4434,1771,Alto,4,1051371,2023-10-10,Petrol,North
4435,2429,Swift,194,931878,2022-05-08,Hybrid,North
4436,3123,Baleno,171,2794146,2024-04-14,Hybrid,East
4437,1578,Ertiga,62,805350,2024-07-13,Diesel,East
4438,3901,Harrier,124,792235,2023-12-31,Hybrid,Central
4439,2515,i20,128,1211662,2023-04-08,CNG,West
4440,1193,Ertiga,112,1528413,2023-07-18,Diesel,Central
4441,3007,Harrier,85,2750055,2023-05-29,CNG,South
4442,2185,Alto,4,1121180,2022-01-01,Hybrid,Central
4443,3394,Ertiga,65,1749054,2022-12-04,CNG,Central
4444,3998,i20,62,2540677,2024-06-26,Diesel,North
4445,2384,i20,90,526681,2024-03-28,CNG,North
4446,2792,Seltos,120,2472602,2024-10-30,Diesel,North
4447,4655,Swift,130,2057058,2022-12-11,Hybrid,West
4448,2110,Alto,137,1190404,2024-09-03,Diesel,North
4449,4333,Ertiga,185,2562088,2024-06-01,Hybrid,South
4450,3261,XUV700,45,2445295,2022-07-17,Petrol,East
4451,4736,XUV700,146,509877,2024-05-21,Hybrid,South
4452,4793,Alto,112,691663,2023-06-26,Diesel,West
4453,2936,Ertiga,176,2861713,2023-04-02,Diesel,North
4454,3620,Creta,42,2463564,2024-01-20,Petrol,Central
4455,1779,Creta,41,873130,2023-01-01,Petrol,East
4456,1261,Swift,89,686876,2023-02-05,Hybrid,West
4457,1729,Ertiga,186,1073033,2023-07-28,CNG,South
4458,1282,i20,42,475909,2023-04-27,CNG,North
4459,4719,Baleno,35,648271,2022-04-20,Petrol,West
4460,2490,XUV700,166,1454296,2024-10-15,Hybrid,West
4461,4451,Ertiga,67,1302275,2023-02-10,Petrol,Central
4462,1361,Ertiga,41,2549092,2022-11-05,Petrol,Central
4463,4520,Baleno,99,996050,2022-06-09,Diesel,Central
4464,1440,Baleno,50,1648160,2024-04-23,Diesel,South
4465,3140,Harrier,104,2666243,2022-02-24,Diesel,Central
4466,2644,Seltos,86,895019,2024-01-31,Petrol,West
4467,3800,Swift,79,1009121,2022-09-13,Hybrid,West
4468,1866,XUV700,45,2382667,2023-06-18,CNG,West
4469,2447,Baleno,199,2326479,2023-02-26,CNG,East
4470,1141,Creta,147,2330177,2024-08-03,Diesel,East
4471,2314,Alto,106,868259,2024-08-19,Hybrid,South
4472,2455,Creta,145,1182277,2024-03-23,Diesel,Central
4473,3796,Harrier,193,1343228,2024-06-05,Hybrid,West
4474,2875,Harrier,122,2313702,2022-09-21,Hybrid,Central
4475,2847,Baleno,77,2226550,2024-01-18,Hybrid,West
4476,2712,Harrier,56,1277742,2024-04-12,Petrol,East
4477,3700,i20,112,979443,2022-08-21,Hybrid,West
4478,1700,City,93,1577067,2023-11-11,Petrol,South
4479,1997,Ertiga,41,1066468,2022-08-21,CNG,North
4480,3096,Ertiga,170,1387215,2023-07-12,CNG,West
4481,2325,Baleno,6,456938,2024-07-01,Petrol,South
4482,1880,Harrier,197,1025451,2023-11-12,CNG,East
4483,2213,Alto,98,628861,2022-12-01,CNG,East
4484,2159,i20,73,942039,2023-02-08,Diesel,North
4485,1554,Swift,168,2698970,2022-09-13,Petrol,Central
4486,1403,Harrier,41,1743110,2024-10-16,Petrol,Central
4487,1891,i20,9,2860509,2024-07-29,Petrol,West
4488,3912,Seltos,8,2605864,2024-02-11,Diesel,East
4489,1601,Swift,172,460403,2024-08-03,Petrol,South
4490,2830,Ertiga,186,1213291,2022-11-07,CNG,North
4491,1340,Seltos,104,1922251,2023-11-13,Hybrid,Central
4492,4828,Baleno,195,1023412,2022-05-09,Diesel,West
4493,2968,XUV700,13,1050228,2024-02-20,Diesel,West
4494,1703,Baleno,19,1213532,2022-11-22,Petrol,East
4495,1317,Alto,98,1931414,2024-02-29,Hybrid,South
4496,3665,i20,96,2166220,2022-01-17,Hybrid,South
4497,2386,XUV700,49,853192,2023-11-30,Hybrid,Central
4498,4893,Swift,100,1357527,2024-10-05,CNG,West
4499,3429,Swift,82,840925,2022-12-08,Hybrid,East
4500,3280,Seltos,158,1832512,2024-09-29,Petrol,South
4501,2800,Alto,66,2202043,2024-04-17,CNG,West
4502,2367,Ertiga,91,1918345,2023-09-20,Hybrid,South
4503,2572,Harrier,59,1765244,2024-02-10,Petrol,North
4504,1816,Harrier,53,2075621,2024-05-27,CNG,South
4505,1552,XUV700,52,1009337,2023-12-11,CNG,South
4506,4600,Alto,81,2674702,2024-04-28,Hybrid,West
4507,1855,Alto,159,1240200,2024-01-09,CNG,South
4508,2812,Swift,15,2184332,2022-06-26,Diesel,South
4509,3866,Ertiga,121,2283552,2024-08-03,Petrol,North
4510,4642,i20,148,2493448,2022-12-23,Hybrid,South
4511,1182,Ertiga,5,2384130,2023-05-10,Petrol,South
4512,4112,Creta,135,898909,2022-02-04,Petrol,West
4513,2574,Alto,18,2574830,2024-03-28,Diesel,East
4514,1396,Baleno,56,1760855,2022-01-10,CNG,North
4515,2727,City,75,1473734,2024-09-12,Diesel,South
4516,3826,Alto,96,471587,2023-06-15,Diesel,East
4517,2517,XUV700,114,1321619,2022-04-05,CNG,West
4518,4730,Baleno,101,1402064,2023-07-30,Hybrid,North
4519,1906,XUV700,173,459317,2023-03-26,Petrol,West
4520,2356,Seltos,28,1225787,2024-10-14,Hybrid,East
4521,3174,City,50,1098735,2022-04-06,Hybrid,North
4522,4629,City,2,1954026,2024-05-14,Diesel,South
4523,4628,Swift,68,2440696,2023-10-31,CNG,East
4524,1000,Alto,128,1122779,2022-07-26,CNG,West
4525,4239,Swift,77,2174293,2024-04-29,Petrol,North
4526,4691,Harrier,24,2505490,2022-09-03,CNG,East
4527,1018,XUV700,112,664621,2024-06-02,Hybrid,East
4528,4403,Creta,176,1134031,2022-03-24,CNG,West
4529,1583,Creta,173,2801719,2022-11-13,CNG,West
4530,1455,Harrier,119,2835269,2023-10-07,Hybrid,South
4531,4004,Seltos,186,2414180,2023-01-05,Petrol,South
4532,3036,Creta,36,1392542,2024-01-19,Petrol,East
4533,2132,XUV700,2,2264244,2023-09-22,Hybrid,West
4534,4339,Creta,127,2628592,2022-06-29,CNG,East
4535,3492,Harrier,105,1212271,2023-08-25,CNG,Central
4536,4311,Baleno,18,2090401,2023-08-23,Petrol,West
4537,2952,Swift,177,1287483,2024-04-20,Petrol,Central
4538,4372,i20,8,2439178,2022-12-14,Petrol,Central
4539,3649,XUV700,186,931427,2022-11-27,Diesel,West
4540,3150,Swift,15,2867610,2023-09-02,Petrol,South
4541,1987,City,145,2823558,2024-01-14,CNG,East
4542,4321,Ertiga,23,2110640,2023-07-23,Petrol,North
4543,4524,Creta,194,2246983,2023-01-24,CNG,North
4544,1519,Creta,198,1956539,2024-08-28,CNG,West
4545,4224,Seltos,93,2582136,2024-01-17,CNG,South
4546,1858,Swift,155,1625971,2022-05-17,Petrol,South
4547,1173,Ertiga,165,1734646,2022-10-09,Petrol,South
4548,2366,Creta,49,496538,2024-10-15,Hybrid,North
4549,4741,City,64,2610269,2024-01-14,Petrol,Central
4550,4052,Seltos,34,2776238,2023-06-15,Petrol,North
4551,3478,Swift,18,2457704,2022-01-16,Petrol,South
4552,1726,Seltos,64,2388527,2024-10-01,Diesel,North
4553,4760,Swift,106,922894,2023-07-22,Petrol,North
4554,2710,Alto,74,614062,2022-01-30,Diesel,East
4555,2875,Alto,102,2432666,2023-10-26,CNG,West
4556,3897,Harrier,172,1403462,2024-09-25,CNG,Central
4557,2681,XUV700,17,1529868,2024-05-24,CNG,East
4558,2347,Seltos,187,2538256,2022-01-22,CNG,West
4559,1989,Harrier,141,2499786,2024-08-13,Diesel,South
4560,4744,Seltos,52,1148041,2023-10-22,Diesel,East
4561,3686,Creta,188,669432,2022-11-21,CNG,West
4562,1419,i20,170,2702752,2022-06-30,Petrol,East
4563,1593,Seltos,64,2524157,2022-05-02,CNG,North
4564,3532,Creta,194,1172871,2022-05-04,CNG,North
4565,4730,Ertiga,34,711968,2022-09-23,Diesel,East
4566,2774,Alto,95,739846,2022-01-28,CNG,East
4567,3459,Harrier,87,2721825,2022-03-18,Diesel,Central
4568,1935,i20,199,2943942,2023-03-08,Hybrid,South
4569,2107,City,102,1990662,2024-05-28,Diesel,North
4570,2136,Alto,192,853928,2024-06-12,CNG,East
4571,4808,Harrier,161,2500998,2023-03-12,Petrol,West
4572,1331,i20,140,463571,2022-02-21,Diesel,South
4573,4449,City,76,2249489,2022-04-26,Diesel,West
4574,4826,Baleno,19,2622060,2022-02-16,Diesel,South
4575,3702,Creta,137,2015018,2023-03-14,CNG,West
4576,3088,Baleno,74,582248,2022-04-11,CNG,North
4577,2793,Creta,145,2626599,2022-04-17,Diesel,East
4578,1958,Swift,50,2217236,2024-09-09,Petrol,East
4579,4868,XUV700,39,1980912,2024-09-27,CNG,Central
4580,1104,i20,169,1475962,2022-12-25,Petrol,East
4581,1201,Baleno,138,1341357,2024-06-05,Hybrid,North
4582,3497,XUV700,12,2423770,2024-03-10,Petrol,South
4583,2842,i20,79,1596439,2024-10-22,CNG,South
4584,2866,Harrier,15,1883365,2023-03-11,Diesel,East
4585,2996,Swift,28,1750619,2023-08-27,Hybrid,West
4586,2289,Harrier,132,2063081,2023-07-20,Petrol,East
4587,1909,Creta,36,644985,2024-07-04,Diesel,South
4588,1209,XUV700,119,510295,2022-08-16,Hybrid,Central
4589,1562,i20,65,792435,2023-06-29,Petrol,South
4590,4189,Seltos,98,2894236,2023-10-10,Diesel,West
4591,3760,XUV700,47,1755014,2022-09-05,Hybrid,West
4592,4448,Ertiga,81,1262028,2022-11-10,CNG,Central
4593,4622,City,39,798649,2022-02-06,Petrol,West
4594,2563,Baleno,38,811038,2023-12-25,Petrol,East
4595,1770,i20,44,2006984,2024-09-06,Hybrid,East
4596,4155,Alto,179,2144940,2022-03-25,Petrol,South
4597,3501,Alto,97,2518446,2024-06-18,Diesel,North
4598,3714,City,124,1532876,2023-12-20,Petrol,East
4599,1628,Creta,26,601168,2023-07-04,Petrol,East
4600,4585,XUV700,164,1268551,2023-12-16,Diesel,Central
4601,2628,XUV700,197,1267528,2023-08-10,Diesel,East
4602,2701,Alto,97,1059784,2022-06-01,CNG,South
4603,1386,XUV700,1,440615,2022-06-14,Diesel,Central
4604,2935,City,53,1475439,2024-07-26,Petrol,East
4605,4421,XUV700,6,1800166,2022-07-31,Hybrid,South
4606,3343,Creta,37,1036901,2023-06-10,Petrol,Central
4607,3305,Baleno,2,881156,2024-01-12,CNG,North
4608,2104,Ertiga,123,517456,2022-05-12,Hybrid,South
4609,1267,Baleno,69,566247,2022-04-06,CNG,East
4610,3466,Ertiga,169,988160,2024-10-09,Petrol,Central
4611,3282,Seltos,179,1386831,2023-06-06,Diesel,North
4612,2856,Baleno,175,583517,2023-01-09,Hybrid,South
4613,4382,City,13,1500574,2023-08-31,Petrol,North
4614,4884,Swift,69,2816290,2022-01-18,Hybrid,South
4615,2998,Seltos,66,2680687,2024-10-27,CNG,East
4616,4033,Ertiga,59,459895,2024-09-04,Petrol,South
4617,2380,Ertiga,68,1392669,2024-05-28,Hybrid,East
4618,2236,Seltos,59,1884372,2023-08-17,Petrol,South
4619,1573,Ertiga,117,2243681,2023-10-05,Petrol,Central
4620,1048,i20,10,569271,2022-05-09,CNG,South
4621,2150,Swift,141,1742907,2024-03-11,CNG,South
4622,1222,City,130,2960282,2023-03-31,CNG,West
4623,3968,i20,15,1107647,2024-05-25,Diesel,West
4624,4350,Ertiga,46,2803076,2023-07-25,Hybrid,South
4625,2431,Baleno,185,1553370,2024-10-10,CNG,West
4626,2528,i20,138,2212803,2023-02-05,Diesel,East
4627,4365,Baleno,150,1530734,2023-04-07,Diesel,West
4628,2819,Seltos,89,1492886,2022-03-30,Hybrid,South
4629,3324,XUV700,77,1685472,2024-04-02,Hybrid,North
4630,2461,Harrier,136,2016817,2022-01-06,CNG,North
4631,2130,Ertiga,149,1715707,2024-08-02,Diesel,South
4632,2681,Harrier,150,956744,2022-03-25,Hybrid,South
4633,3467,Swift,110,2091627,2023-09-13,Hybrid,North
4634,3658,Baleno,97,2952605,2022-06-21,Hybrid,Central
4635,4500,i20,45,1533974,2023-11-30,Hybrid,West
4636,1374,Harrier,91,2701430,2022-09-30,Diesel,Central
4637,3120,Creta,168,1041471,2023-06-14,Petrol,East
4638,3021,Ertiga,114,2849078,2022-11-15,Hybrid,North
4639,4705,Harrier,150,2002545,2023-03-05,Diesel,North
4640,2053,i20,158,496123,2024-04-26,Hybrid,Central
4641,4259,i20,190,1539930,2022-09-06,Diesel,East
4642,4435,Swift,73,854048,2023-01-22,CNG,Central
4643,2889,Alto,173,1604895,2022-12-29,Petrol,East
4644,2823,City,35,1809528,2022-03-09,Diesel,South
4645,2474,Creta,42,1947563,2023-03-14,Diesel,South
4646,3242,Harrier,133,1663724,2024-10-12,Diesel,North
4647,2179,City,27,670628,2022-10-23,Hybrid,South
4648,4243,Creta,198,2658906,2023-10-09,CNG,Central
4649,3894,Alto,190,2043323,2022-02-02,Hybrid,East
4650,2064,Harrier,32,527162,2022-02-01,CNG,North
4651,4134,Creta,136,743600,2023-07-09,Petrol,South
4652,3070,City,103,2409343,2022-11-01,Hybrid,North
4653,1359,Baleno,85,2125874,2024-03-03,Diesel,North
4654,4146,i20,146,769841,2022-04-06,Petrol,East
4655,3607,XUV700,78,526193,2023-06-05,Hybrid,Central
4656,3719,Seltos,143,1324404,2022-08-18,CNG,Central
4657,3041,Ertiga,154,2564848,2024-01-03,Hybrid,West
4658,4896,XUV700,181,718629,2022-12-24,Hybrid,Central
4659,2141,Harrier,44,1570935,2023-02-06,Diesel,South
4660,2635,Harrier,32,537293,2024-02-29,Diesel,West
4661,2403,Creta,28,425294,2022-04-09,Petrol,West
4662,2943,i20,167,1589686,2022-09-28,Diesel,West
4663,1678,Alto,160,1109009,2022-12-28,Hybrid,West
4664,4361,Swift,77,2389440,2023-06-12,Hybrid,Central
4665,3487,Creta,18,2938537,2023-06-24,CNG,West
4666,4739,Swift,103,2610000,2023-08-18,Hybrid,South
4667,3980,Seltos,70,1336402,2024-04-12,Petrol,South
4668,1006,City,119,1105443,2023-02-01,Petrol,North
4669,4267,Creta,139,2531910,2023-05-10,Diesel,South
4670,3468,Seltos,160,649416,2022-11-10,CNG,North
4671,2591,Ertiga,148,2758424,2023-05-05,Hybrid,South
4672,1832,Creta,97,1029382,2022-08-21,Diesel,West
4673,4264,i20,168,2557264,2024-10-26,Hybrid,East
4674,3606,i20,136,2576638,2023-10-26,Petrol,West
4675,4219,Harrier,35,997816,2022-09-01,Petrol,Central
4676,2810,Ertiga,69,2305286,2022-08-29,CNG,North
4677,4740,Harrier,126,413369,2023-07-12,Hybrid,East
4678,4273,Swift,99,1509004,2022-03-16,Hybrid,South
4679,4515,XUV700,78,465123,2022-10-10,Petrol,West
4680,1913,Alto,149,1393328,2022-03-28,CNG,North
4681,3011,Ertiga,111,1277346,2024-05-30,Diesel,North
4682,2442,City,152,538333,2024-07-18,CNG,South
4683,2450,Alto,17,1728784,2022-06-09,Diesel,North
4684,4054,Alto,146,1392839,2023-03-22,Diesel,South
4685,2502,Baleno,140,2248698,2022-03-23,Petrol,South
4686,4546,Creta,144,2860321,2024-10-27,Diesel,West
4687,1125,City,4,1879381,2022-07-01,Hybrid,North
4688,3442,Ertiga,162,414559,2024-05-19,Petrol,Central
4689,1816,Harrier,92,2379772,2024-08-23,CNG,Central
4690,3928,Swift,174,2283437,2023-04-23,CNG,West
4691,2829,Creta,75,892461,2022-07-02,Diesel,West
4692,1575,Baleno,159,441530,2022-06-23,Hybrid,South
4693,3372,Swift,153,2491964,2022-01-14,CNG,Central
4694,2415,Ertiga,103,2096161,2022-03-14,Diesel,North
4695,1929,XUV700,24,598250,2023-05-29,CNG,Central
4696,4759,Alto,65,1712085,2023-08-25,Hybrid,West
4697,4699,Baleno,117,1236115,2022-12-09,Diesel,West
4698,2463,Swift,153,2908369,2022-11-29,Hybrid,South
4699,4275,Harrier,156,2255108,2022-12-21,Diesel,North
4700,4557,Baleno,164,1831483,2024-04-26,Hybrid,West
4701,1832,Swift,82,1669171,2022-06-12,CNG,North
4702,2054,Baleno,6,1518127,2022-04-26,CNG,Central
4703,4459,Harrier,66,2696722,2024-10-28,Hybrid,South
4704,2648,Harrier,67,1715560,2024-03-01,CNG,Central
4705,2900,City,72,2940432,2023-06-27,CNG,West
4706,2457,i20,95,1272422,2023-02-18,Diesel,West
4707,3884,Alto,48,1454275,2023-11-13,Hybrid,North
4708,3973,Creta,70,1323426,2023-10-04,Diesel,West
4709,2399,Creta,78,1113896,2023-10-31,CNG,North
4710,4415,Ertiga,67,1808526,2022-01-22,CNG,East
4711,1442,Seltos,176,1593246,2024-08-26,Petrol,West
4712,4650,Ertiga,65,860650,2022-11-26,Hybrid,Central
4713,3122,Seltos,172,2099337,2024-06-20,Hybrid,Central
4714,1556,Baleno,63,2462904,2023-12-25,Diesel,North
4715,4843,Seltos,46,555846,2022-09-09,Hybrid,East
4716,4737,i20,147,1107744,2022-07-24,Diesel,West
4717,2178,i20,192,1014873,2024-04-11,CNG,South
4718,4501,Alto,73,487420,2024-03-01,Petrol,South
4719,3037,Swift,71,675196,2023-04-10,CNG,Central
4720,1362,Creta,110,1400015,2023-01-29,Diesel,West
4721,3495,Alto,178,1054459,2024-10-17,Diesel,South
4722,2257,i20,63,631224,2023-10-22,Petrol,North
4723,4634,Swift,41,1910369,2024-06-30,CNG,West
4724,2841,Ertiga,7,2567067,2023-06-14,Hybrid,Central
4725,3309,Creta,137,595619,2022-02-26,Petrol,East
4726,2850,City,4,734647,2023-06-06,Hybrid,North
4727,3172,Creta,89,1019694,2022-12-27,CNG,North
4728,1910,Baleno,177,2164550,2022-08-22,Petrol,West
4729,1244,XUV700,134,1690151,2022-08-11,CNG,East
4730,1541,Creta,82,2387450,2022-11-23,CNG,North
4731,3532,i20,21,2758849,2024-04-15,Hybrid,East
4732,3169,Baleno,143,1370504,2023-05-04,Hybrid,Central
4733,3172,Harrier,128,1336069,2023-04-23,Hybrid,North
4734,2572,Seltos,195,1310966,2024-09-11,CNG,South
4735,3217,Ertiga,194,1444601,2024-03-02,Diesel,Central
4736,1123,City,184,2891200,2023-05-27,CNG,Central
4737,4940,Ertiga,105,1065545,2024-10-09,Diesel,North
4738,4106,Harrier,104,1583140,2023-01-17,Petrol,South
4739,4158,XUV700,68,2686462,2023-03-28,Hybrid,East
4740,3693,Creta,160,2279638,2022-08-02,Hybrid,South
4741,2731,Alto,194,2668808,2023-07-19,CNG,Central
4742,1785,Baleno,110,401076,2024-01-02,Diesel,North
4743,3043,City,157,1613787,2023-03-15,Petrol,South
4744,3248,Harrier,66,1121970,2024-01-25,CNG,South
4745,3416,XUV700,162,1186329,2023-09-21,Petrol,Central
4746,1796,Ertiga,27,2131471,2024-06-21,Diesel,East
4747,1076,Harrier,60,2071207,2023-01-30,Hybrid,South
4748,1058,City,118,2429817,2022-09-04,Hybrid,South
4749,3478,City,167,2298713,2024-06-23,Diesel,West
4750,3685,XUV700,44,2435890,2022-09-05,Hybrid,Central
4751,2523,Ertiga,36,559270,2023-08-22,CNG,West
4752,2936,i20,19,2874166,2024-05-14,Diesel,Central
4753,3156,City,91,917855,2022-03-25,Hybrid,Central
4754,4807,Baleno,45,2163049,2024-02-12,Diesel,West
4755,4055,Baleno,149,1637488,2022-02-20,Petrol,East
4756,2301,Seltos,151,1919346,2023-07-04,CNG,East
4757,1067,Ertiga,155,2559065,2024-02-10,CNG,Central
4758,4140,Harrier,98,2424108,2024-09-07,CNG,West
4759,4236,Baleno,19,735752,2023-04-10,Hybrid,South
4760,4560,XUV700,41,2281686,2023-02-23,Petrol,Central
4761,3352,Harrier,26,2497470,2022-03-28,Hybrid,Central
4762,2932,Ertiga,28,688155,2022-09-16,Hybrid,North
4763,3721,XUV700,64,680931,2022-11-07,Diesel,East
4764,1364,Creta,68,2871582,2022-06-22,CNG,West
4765,4925,Swift,80,2378596,2024-07-28,Hybrid,South
4766,1820,Baleno,51,1285464,2023-05-20,CNG,South
4767,2402,Baleno,102,764449,2022-11-25,Petrol,Central
4768,3390,Seltos,176,2170847,2022-07-15,Petrol,South
4769,1946,i20,10,2359353,2022-03-03,CNG,South
4770,3946,Seltos,167,2315514,2023-07-16,CNG,Central
4771,2577,Ertiga,100,2869678,2024-06-15,Petrol,East
4772,2377,Seltos,122,1972780,2024-04-23,Petrol,North
4773,2439,i20,147,1199089,2022-02-09,Hybrid,East
4774,4180,i20,64,2578271,2023-12-29,Petrol,East
4775,4634,City,124,683635,2023-04-02,Hybrid,North
4776,1761,City,19,1577377,2024-05-27,Petrol,Central
4777,4568,Swift,76,1431652,2024-02-27,Hybrid,East
4778,1340,XUV700,62,1118835,2022-01-02,Diesel,West
4779,3989,Creta,141,1228612,2022-08-04,Diesel,West
4780,1382,i20,25,680684,2024-02-16,Hybrid,North
4781,2003,Creta,89,2699739,2023-11-10,CNG,West
4782,2556,Baleno,92,2426715,2023-02-18,Diesel,Central
4783,1299,Alto,42,2093594,2022-07-29,Petrol,South
4784,1138,Swift,117,671055,2022-02-12,CNG,Central
4785,1358,Ertiga,39,1154769,2022-05-18,Petrol,North
4786,1835,Harrier,158,725144,2023-09-30,Diesel,South
4787,2522,Creta,133,993593,2023-04-14,Petrol,West
4788,4456,Seltos,81,1451055,2023-12-27,Hybrid,East
4789,2627,i20,146,1820295,2022-07-21,CNG,West
4790,2982,Creta,107,1387771,2022-07-11,Diesel,Central
4791,2303,Harrier,111,1117972,2022-04-17,CNG,Central
4792,4708,i20,21,2967265,2022-11-23,Hybrid,North
4793,3530,Ertiga,50,907607,2024-01-20,Diesel,East
4794,1908,Alto,121,2205412,2023-10-06,Petrol,East
4795,2134,Seltos,134,971097,2022-12-23,CNG,South
4796,3913,Creta,50,2757614,2023-08-18,Diesel,South
4797,3186,City,194,2529357,2023-05-16,Diesel,Central
4798,1995,Swift,115,2980473,2023-04-13,Hybrid,North
4799,3482,Creta,1,1324061,2023-05-23,Diesel,Central
4800,3556,Creta,185,1615746,2022-04-16,Diesel,East
4801,3320,Harrier,30,1356294,2022-07-14,Hybrid,East
4802,4170,Harrier,186,2608099,2022-02-16,Petrol,Central
4803,4835,Swift,107,1221258,2024-10-05,Petrol,East
4804,4921,Creta,180,1970207,2023-06-21,Diesel,South
4805,3151,XUV700,165,1863866,2024-04-26,Petrol,East
4806,2237,Ertiga,48,1163001,2023-12-10,Hybrid,South
4807,2784,Harrier,87,2206231,2024-03-18,Petrol,West
4808,4735,Harrier,129,496320,2023-09-04,Diesel,North
4809,3809,XUV700,19,2901933,2022-04-25,Hybrid,North
4810,3834,i20,46,2561854,2023-11-11,Petrol,East
4811,1164,Creta,195,611945,2023-09-23,CNG,North
4812,1998,Swift,130,2639336,2022-08-07,CNG,West
4813,4924,Harrier,56,1527873,2022-07-16,Hybrid,East
4814,3567,Swift,145,2899253,2023-02-05,Petrol,South
4815,2307,Swift,92,1585587,2024-01-19,Diesel,West
4816,3564,Ertiga,82,2670173,2023-11-12,CNG,West
4817,1656,City,79,472353,2022-03-17,Petrol,North
4818,3660,Harrier,150,2504582,2022-10-14,Petrol,South
4819,3211,Seltos,105,1605976,2024-05-10,Diesel,Central
4820,2909,i20,27,2655843,2024-01-12,Diesel,West
4821,4730,Swift,55,1220916,2022-10-21,Petrol,North
4822,3046,Harrier,160,2655888,2024-03-19,Diesel,West
4823,3111,i20,60,2635004,2024-06-04,Hybrid,South
4824,4162,Seltos,109,1648515,2023-02-18,CNG,South
4825,2140,Harrier,156,2525756,2023-03-07,CNG,East
4826,2889,Creta,156,2080249,2022-06-20,Petrol,Central
4827,1266,Swift,120,781416,2023-06-28,Petrol,Central
4828,2845,Seltos,153,594798,2024-09-15,Diesel,North
4829,2708,Creta,85,2140979,2022-03-13,CNG,Central
4830,4630,Swift,86,1376555,2024-10-19,Diesel,South
4831,4211,Baleno,117,2324238,2023-06-16,Petrol,Central
4832,3293,Alto,154,1265523,2022-08-27,Petrol,North
4833,4732,XUV700,108,514919,2023-12-12,Petrol,West
4834,4829,Swift,75,2627883,2023-07-31,Petrol,Central
4835,3442,Seltos,119,2338734,2023-12-14,Petrol,Central
4836,2510,Seltos,199,2649034,2023-10-04,Petrol,South
4837,1475,Alto,145,1903792,2023-08-13,Hybrid,South
4838,4588,Harrier,7,1132084,2022-07-09,Hybrid,West
4839,1976,XUV700,184,924535,2024-03-22,Diesel,East
4840,2207,i20,192,2346910,2024-10-11,Hybrid,Central
4841,2043,Swift,148,2018859,2023-09-17,Diesel,South
4842,2960,Harrier,166,2294431,2023-09-21,Diesel,East
4843,1557,Creta,75,1648925,2024-06-07,Hybrid,Central
4844,2017,i20,58,2788348,2024-02-23,CNG,Central
4845,4595,XUV700,16,1759934,2023-11-02,Diesel,East
4846,2605,Harrier,179,1698559,2023-12-23,Petrol,South
4847,4600,City,27,2662543,2023-06-10,Diesel,West
4848,1882,i20,51,2962210,2023-06-21,Diesel,Central
4849,3194,Ertiga,75,1517434,2024-04-26,CNG,North
4850,1665,Ertiga,144,2447624,2024-09-22,Petrol,North
4851,4375,Swift,87,1489341,2024-07-02,CNG,North
4852,3667,Swift,188,818086,2022-06-27,CNG,West
4853,2771,Swift,123,2280292,2022-10-03,CNG,Central
4854,3867,XUV700,76,1760754,2022-11-08,Diesel,South
4855,1863,City,40,1910067,2024-03-01,Petrol,South
4856,1581,Harrier,67,591883,2023-11-29,Petrol,West
4857,4070,Creta,130,2206407,2022-01-27,CNG,Central
4858,1694,Baleno,102,453565,2024-07-01,Hybrid,East
4859,4833,Seltos,176,1247746,2023-02-26,Petrol,East
4860,2251,Creta,180,1830098,2023-05-16,Petrol,Central
4861,4173,Harrier,152,1238361,2024-06-26,CNG,Central
4862,2610,City,93,1673452,2022-11-21,Diesel,South
4863,4488,XUV700,110,2957305,2022-10-12,CNG,West
4864,2239,i20,82,932374,2023-05-13,Hybrid,West
4865,3454,Creta,78,1285641,2024-06-30,Hybrid,South
4866,1398,i20,2,1907857,2022-05-25,CNG,North
4867,2946,Baleno,65,1627417,2024-08-05,Hybrid,East
4868,1714,Harrier,20,1566985,2022-03-23,Diesel,Central
4869,1703,City,34,2841859,2024-09-06,Diesel,East
4870,3808,Harrier,41,1823932,2023-05-03,Diesel,East
4871,3546,Seltos,169,879207,2022-03-23,Hybrid,West
4872,4825,XUV700,23,2211724,2022-04-04,Diesel,South
4873,4536,Seltos,38,1362059,2022-12-09,CNG,North
4874,2714,Harrier,172,548010,2024-03-07,Diesel,North
4875,2972,Seltos,67,852718,2022-12-27,Hybrid,South
4876,4021,Alto,62,1238977,2023-09-16,Petrol,East
4877,4802,Harrier,140,2512161,2024-05-17,Hybrid,South
4878,1081,City,30,1216678,2023-03-05,CNG,South
4879,1603,Creta,87,2001049,2022-06-20,CNG,Central
4880,2970,City,193,1311300,2023-08-01,Hybrid,Central
4881,2710,Alto,169,748632,2022-03-09,Diesel,East
4882,3046,Creta,148,2543794,2022-01-01,Diesel,West
4883,4822,Alto,118,1982049,2022-05-31,Petrol,North
4884,3819,Creta,6,2037230,2024-06-20,Diesel,Central
4885,1902,City,75,813059,2022-09-15,CNG,East
4886,1364,Harrier,132,1214454,2024-01-20,Diesel,South
4887,1162,Swift,93,585333,2023-09-20,Hybrid,Central
4888,4119,Ertiga,10,1596087,2024-03-05,Hybrid,South
4889,3558,Ertiga,51,2490716,2022-01-19,Petrol,South
4890,4400,Alto,93,2315204,2022-02-04,CNG,Central
4891,2863,Ertiga,38,998673,2023-01-06,Hybrid,East
4892,1115,City,129,2199100,2023-05-06,CNG,North
4893,3988,i20,136,621443,2024-03-27,Diesel,East
4894,4920,Alto,102,2567424,2022-01-07,Petrol,West
4895,3384,Creta,81,566449,2023-07-03,Petrol,West
4896,1880,XUV700,83,458527,2023-01-06,Diesel,North
4897,3784,Seltos,191,2119305,2024-01-27,Hybrid,West
4898,4935,City,161,2213073,2023-07-28,CNG,South
4899,1839,Creta,143,2258815,2023-11-12,CNG,West
4900,3194,i20,31,1586443,2022-03-29,CNG,Central
4901,4646,XUV700,21,625993,2023-04-08,Hybrid,South
4902,4877,Ertiga,131,1086423,2023-04-26,Diesel,East
4903,2346,i20,126,592023,2024-04-02,CNG,North
4904,3490,Alto,194,803365,2023-06-08,Hybrid,Central
4905,3884,Baleno,35,2851501,2022-07-30,CNG,Central
4906,2036,Baleno,169,2749110,2022-09-01,Hybrid,North
4907,1942,Ertiga,187,469098,2022-08-27,Diesel,West
4908,4565,Baleno,144,2089246,2024-02-08,CNG,North
4909,2724,Baleno,184,1351127,2022-08-23,Diesel,North
4910,3334,Creta,45,1305875,2022-07-06,Petrol,West
4911,3767,Creta,59,1941134,2023-12-14,Hybrid,East
4912,2137,Seltos,178,791755,2023-05-12,Petrol,North
4913,3527,Harrier,12,2445767,2022-07-06,Diesel,West
4914,1021,Ertiga,140,1584018,2024-07-24,Diesel,Central
4915,4420,Baleno,33,1079405,2022-11-09,Diesel,North
4916,2749,Seltos,177,2861047,2024-03-29,CNG,North
4917,1682,Ertiga,21,2881214,2022-01-22,CNG,East
4918,4906,Baleno,60,845800,2022-03-09,Diesel,East
4919,4637,City,52,972959,2023-01-27,Diesel,Central
4920,3953,Swift,182,2478440,2023-12-30,CNG,East
4921,2833,City,167,1814253,2023-06-25,CNG,Central
4922,3367,XUV700,177,1444132,2023-07-22,Hybrid,North
4923,1125,Ertiga,123,1446022,2024-06-18,Diesel,West
4924,1276,Harrier,106,561711,2022-07-31,CNG,East
4925,2999,XUV700,192,2472202,2022-07-19,CNG,Central
4926,2227,Seltos,100,2033738,2024-09-13,Petrol,East
4927,3241,Seltos,154,1881558,2022-06-27,Diesel,East
4928,4752,Baleno,71,865196,2024-07-19,Diesel,South
4929,4735,XUV700,135,2172487,2022-02-13,CNG,North
4930,4618,Baleno,62,873655,2022-06-17,Petrol,East
4931,1695,Ertiga,88,1619231,2022-10-14,Hybrid,West
4932,2309,Seltos,24,1280111,2023-12-10,Diesel,South
4933,1056,Swift,40,1313182,2022-12-03,Hybrid,Central
4934,4805,Seltos,76,470400,2023-08-09,Diesel,Central
4935,4374,Creta,175,814556,2022-07-02,CNG,West
4936,4234,i20,136,539598,2022-01-16,Hybrid,West
4937,1018,Harrier,182,2962746,2024-06-05,Diesel,North
4938,4441,XUV700,9,1449783,2024-04-16,Hybrid,West
4939,3311,Baleno,3,1531420,2022-04-20,CNG,Central
4940,3841,i20,182,855636,2022-11-02,Petrol,North
4941,1112,i20,21,1500673,2024-09-06,Petrol,West
4942,4559,City,95,2617221,2022-01-06,Hybrid,West
4943,4398,Alto,176,1847221,2024-04-22,Hybrid,Central
4944,1541,City,175,2050177,2022-12-27,Hybrid,North
4945,3694,City,196,2863545,2023-10-18,Diesel,South
4946,1578,Harrier,191,871300,2024-09-10,CNG,South
4947,2088,Creta,16,905193,2023-12-25,Hybrid,North
4948,4363,Seltos,107,2861627,2022-04-25,Petrol,West
4949,1024,City,93,2738984,2022-10-03,Diesel,West
4950,2572,Ertiga,133,593171,2022-03-21,Hybrid,North
4951,3048,Seltos,139,502599,2022-06-28,Diesel,South
4952,3958,Creta,157,2201527,2023-07-15,Hybrid,East
4953,2572,Baleno,79,2062263,2023-05-24,Hybrid,Central
4954,1140,Alto,70,1846453,2022-09-17,Diesel,North
4955,2767,Seltos,48,2778078,2022-10-19,CNG,East
4956,1647,XUV700,15,2415259,2024-06-03,CNG,Central
4957,4972,Harrier,34,1581546,2022-10-18,Petrol,East
4958,3235,i20,60,1920247,2023-06-26,CNG,East
4959,4199,Baleno,190,1619716,2024-02-03,CNG,Central
4960,1200,Creta,2,2040827,2023-08-17,Diesel,East
4961,4198,City,80,483956,2024-08-05,Diesel,South
4962,1256,Ertiga,19,1114014,2023-04-25,Petrol,North
4963,4747,Ertiga,49,2815494,2023-01-16,Hybrid,South
4964,1546,Alto,78,1692005,2022-11-06,Diesel,South
4965,3241,Creta,28,2812168,2024-04-26,Diesel,Central
4966,3750,Baleno,48,404902,2023-03-01,Diesel,Central
4967,4175,XUV700,96,557922,2023-10-23,CNG,Central
4968,4606,i20,165,1497130,2022-08-14,Diesel,East
4969,4336,City,177,1120203,2022-01-25,Petrol,East
4970,1801,Harrier,109,1689948,2022-04-05,Petrol,North
4971,1941,Swift,176,2150750,2023-05-23,Diesel,East
4972,4455,Swift,73,2030329,2023-07-19,Hybrid,North
4973,4331,City,100,1093089,2023-10-06,Diesel,South
4974,1413,Baleno,29,1481376,2023-05-05,Petrol,North
4975,3014,City,188,1545719,2023-04-04,Hybrid,North
4976,2381,Creta,157,1042817,2024-06-19,CNG,Central
4977,2098,Swift,58,2725901,2022-12-04,Diesel,East
4978,4426,Alto,48,478871,2024-08-20,Petrol,West
4979,4655,Creta,23,2486212,2022-12-11,CNG,West
4980,4842,Swift,27,733857,2023-07-30,Petrol,Central
4981,1909,XUV700,7,703350,2024-07-31,CNG,South
4982,1187,i20,49,513682,2022-12-12,Petrol,South
4983,4756,Ertiga,182,1902237,2022-11-21,Petrol,South
4984,3015,Creta,109,2015920,2023-04-12,CNG,North
4985,2313,Ertiga,68,2662385,2022-04-01,Diesel,East
4986,3092,Ertiga,170,1376755,2022-10-21,Petrol,South
4987,4644,Swift,187,549479,2023-06-08,Hybrid,West
4988,3130,Creta,172,2968929,2024-04-29,Diesel,North
4989,2146,i20,154,1578189,2022-09-16,Hybrid,South
4990,1357,XUV700,151,2634863,2022-07-05,Petrol,South
4991,2551,Seltos,73,1177422,2022-12-10,CNG,East
4992,2089,Alto,101,2439545,2024-03-31,Diesel,East
4993,3983,Ertiga,8,2201798,2024-01-11,CNG,North
4994,2680,i20,53,593948,2023-07-23,CNG,West
4995,3422,Harrier,142,1274805,2024-08-07,Hybrid,Central
4996,1161,Harrier,199,835157,2023-05-24,Hybrid,West
4997,4817,Seltos,135,429974,2022-01-16,Diesel,East
4998,4451,Seltos,137,2541335,2023-06-09,Diesel,East
4999,4727,Seltos,3,2597513,2022-07-19,Diesel,Central
5000,4429,Alto,78,1767868,2022-11-05,Hybrid,West
5001,4259,Alto,145,774151,2022-09-16,Hybrid,West
5002,3369,XUV700,172,1557323,2023-03-01,CNG,Central
5003,1449,Ertiga,86,2922076,2024-02-18,CNG,East
5004,2497,Baleno,46,2074109,2023-10-01,CNG,North
5005,2036,Harrier,90,1612572,2024-07-08,Diesel,West
5006,3231,Swift,186,2258390,2024-10-08,Petrol,South
5007,3158,Swift,156,1296991,2022-12-16,Hybrid,West
5008,2950,Seltos,142,2595251,2024-08-18,Diesel,West
5009,3555,City,9,954661,2023-03-14,Hybrid,West
5010,2313,Harrier,115,1662328,2023-04-01,Petrol,East
5011,3342,Baleno,154,1654149,2023-09-16,Hybrid,South
5012,4522,Baleno,130,2162832,2023-10-05,Hybrid,West
5013,3951,Swift,75,2872405,2023-01-27,Hybrid,North
5014,2238,City,81,809853,2023-07-28,CNG,South
5015,1973,Baleno,128,2914637,2022-02-02,Petrol,Central
5016,1631,Harrier,34,702417,2024-07-09,Diesel,North
5017,4965,Ertiga,147,1067765,2023-02-14,Diesel,Central
5018,2590,i20,39,1672996,2024-10-19,Diesel,West
5019,2050,City,13,511141,2023-02-17,Petrol,East
5020,4701,Baleno,133,650766,2022-10-26,Hybrid,West
5021,3780,City,50,1490343,2022-03-14,Diesel,West
5022,4302,City,23,2617608,2022-09-18,Petrol,Central
5023,2588,Ertiga,122,1961396,2023-11-21,CNG,West
5024,4878,Harrier,120,2900341,2024-08-16,Petrol,North
5025,3368,Swift,88,1013749,2024-01-02,CNG,East
5026,3960,Ertiga,157,2887873,2023-11-16,Petrol,Central
5027,4304,Baleno,112,510159,2024-04-19,CNG,South
5028,2693,Seltos,111,2254592,2022-12-01,Diesel,West
5029,1436,Ertiga,72,784379,2024-01-02,Petrol,Central
5030,3828,Seltos,154,2873984,2024-03-14,CNG,West
5031,2556,Creta,57,1465126,2023-01-25,Hybrid,West
5032,4474,Swift,1,2065680,2024-01-30,Diesel,Central
5033,2076,Harrier,156,1722351,2024-06-01,Diesel,North
5034,4858,i20,113,828625,2024-08-29,CNG,South
5035,4384,City,62,1499157,2024-07-29,CNG,West
5036,2304,Seltos,47,1208917,2024-06-21,Petrol,North
5037,3773,i20,78,1294971,2022-01-24,CNG,West
5038,3078,i20,106,609402,2023-07-11,CNG,West
5039,3384,Seltos,187,1007842,2023-12-02,Hybrid,North
5040,1182,i20,159,1943207,2023-02-07,Diesel,West
5041,4094,City,198,1439907,2023-03-17,CNG,South
5042,3591,XUV700,126,1202172,2024-05-31,CNG,Central
5043,2469,Creta,177,1168758,2024-07-14,Hybrid,North
5044,4145,Seltos,5,2152579,2023-04-30,CNG,East
5045,4081,City,31,488560,2022-01-31,Hybrid,West
5046,4555,Swift,37,1719876,2022-11-18,Diesel,Central
5047,2479,Seltos,79,1354718,2023-07-20,Diesel,South
5048,2589,City,143,2822685,2022-01-10,Hybrid,South
5049,2587,City,52,2966062,2023-11-09,Hybrid,East
5050,1659,Ertiga,197,2368888,2024-04-30,Diesel,South
5051,1159,XUV700,139,2826796,2024-07-15,Diesel,Central
5052,4953,Seltos,43,2952535,2022-10-12,Hybrid,East
5053,4085,Harrier,198,1771454,2022-06-02,Petrol,North
5054,4249,City,151,2645430,2023-01-06,Diesel,East
5055,3459,Creta,40,2791633,2022-10-28,Diesel,North
5056,4949,Ertiga,63,1680013,2022-05-26,Hybrid,South
5057,2011,City,130,2059959,2023-12-03,Hybrid,Central
5058,1052,Seltos,87,446939,2022-05-21,Hybrid,West
5059,3455,Baleno,73,1722948,2022-03-25,Petrol,East
5060,3894,City,175,448419,2022-01-21,Hybrid,South
5061,2045,Alto,104,759057,2024-10-26,Petrol,Central
5062,2053,Baleno,158,1179704,2024-08-24,Hybrid,West
5063,3750,City,16,973517,2023-03-29,Hybrid,East
5064,3307,i20,59,2116758,2022-12-08,Petrol,Central
5065,2228,City,47,954358,2023-01-28,CNG,South
5066,4130,Swift,116,599795,2024-09-29,Diesel,East
5067,2494,i20,158,2096909,2024-08-28,Hybrid,East
5068,3823,Seltos,109,2242143,2022-06-07,CNG,North
5069,2489,Creta,9,1134404,2024-03-21,Petrol,North
5070,2035,Baleno,65,2858389,2023-11-30,Hybrid,East
5071,4702,Harrier,59,909467,2022-06-15,Petrol,Central
5072,2950,Ertiga,102,1810346,2022-02-03,Petrol,South
5073,4361,Creta,192,2739915,2022-09-12,Petrol,West
5074,1849,i20,136,2274449,2022-10-29,CNG,North
5075,4831,Ertiga,123,2233059,2022-08-08,Petrol,South
5076,1353,Baleno,180,2351198,2024-07-23,Diesel,East
5077,4710,Harrier,146,1619532,2023-05-24,Hybrid,South
5078,2098,Alto,91,2195539,2024-08-10,Hybrid,South
5079,3920,Alto,96,1544684,2022-08-03,Diesel,South
5080,2739,Harrier,58,1538812,2022-09-02,Hybrid,East
5081,4632,Ertiga,177,1500790,2022-01-20,Diesel,North
5082,4662,Seltos,32,1401494,2022-07-29,CNG,West
5083,2464,Ertiga,48,977697,2023-03-02,Petrol,Central
5084,1990,City,45,992377,2024-09-26,CNG,North
5085,2264,Ertiga,182,1412593,2024-09-07,Diesel,West
5086,4065,Seltos,100,770427,2022-03-13,Petrol,East
5087,2884,Creta,100,2175429,2022-06-27,CNG,West
5088,4225,Baleno,46,2476111,2022-10-26,Petrol,East
5089,2809,Ertiga,159,863330,2022-09-23,Petrol,West
5090,4167,Baleno,165,2531886,2023-06-04,CNG,North
5091,4797,i20,144,1251539,2022-10-02,Hybrid,East
5092,3341,Alto,174,2846185,2024-08-05,Diesel,South
5093,3256,Alto,126,2609320,2022-02-22,CNG,East
5094,4414,Seltos,46,1853471,2024-03-22,CNG,East
5095,2111,i20,121,2413823,2023-05-04,Hybrid,West
5096,1817,Alto,88,817933,2023-05-17,Diesel,East
5097,2799,Seltos,61,2692326,2022-11-03,CNG,West
5098,2960,Ertiga,46,2458346,2023-02-21,Petrol,North
5099,3437,i20,179,959070,2023-05-24,Diesel,East
5100,3372,City,190,470160,2024-07-09,Hybrid,South
5101,3987,City,163,1864895,2023-09-30,CNG,South
5102,1888,City,81,1932872,2023-10-28,Petrol,North
5103,2855,Creta,170,2550229,2022-01-06,Diesel,South
5104,2180,City,45,690678,2023-02-26,CNG,West
5105,1667,i20,118,1749356,2023-01-25,Diesel,East
5106,4722,Swift,196,1443119,2022-11-30,Petrol,Central
5107,1632,Alto,47,2334116,2022-12-04,Petrol,East
5108,3624,City,158,1236918,2024-04-27,Diesel,East
5109,2642,i20,152,1542672,2022-09-26,Petrol,Central
5110,4730,XUV700,194,2530587,2022-03-06,Petrol,South
5111,1136,Ertiga,171,2530304,2023-11-09,Diesel,South
5112,2946,Creta,162,1558196,2023-10-19,Diesel,East
5113,2697,Baleno,23,721096,2024-02-20,Hybrid,South
5114,1427,Seltos,61,632816,2022-11-25,CNG,West
5115,2475,XUV700,165,2352444,2023-06-02,Hybrid,West
5116,3659,XUV700,13,940684,2024-05-11,Hybrid,Central
5117,4921,Creta,199,2130719,2023-02-25,Hybrid,East
5118,3958,Seltos,7,2109339,2022-11-05,Hybrid,West
5119,1818,Creta,170,1381556,2024-03-24,CNG,North
5120,3188,City,166,710139,2024-04-25,Diesel,South
5121,2106,Baleno,180,2228961,2024-08-19,Petrol,East
5122,3224,Seltos,172,1340118,2023-12-22,Petrol,West
5123,1197,i20,192,999881,2023-08-13,Diesel,Central
5124,3671,Alto,141,1055460,2022-11-16,Diesel,West
5125,4639,Creta,28,1280623,2024-10-07,Diesel,North
5126,2995,Baleno,96,1641368,2023-03-21,Petrol,West
5127,3738,Ertiga,107,673132,2022-10-13,Hybrid,East
5128,4492,Swift,98,501471,2022-06-20,Hybrid,Central
5129,3448,Ertiga,112,807039,2022-09-20,Hybrid,Central
5130,4769,Swift,1,955339,2024-07-30,CNG,North
5131,1470,Harrier,43,2432691,2022-05-22,Hybrid,East
5132,3265,i20,42,645131,2023-09-20,CNG,North
5133,2948,Harrier,95,2190269,2023-08-16,Petrol,North
5134,1928,Creta,178,1951010,2023-02-20,CNG,North
5135,4899,Creta,188,1219901,2022-01-25,Diesel,West
5136,3010,Swift,129,1968340,2023-09-19,Diesel,South
5137,4800,Seltos,51,2569524,2022-04-04,Petrol,West
5138,3679,Baleno,144,2456212,2022-11-01,Hybrid,East
5139,3998,City,167,2847050,2022-07-04,Petrol,North
5140,1905,XUV700,15,1483593,2022-10-10,Diesel,North
5141,3222,Creta,125,2770001,2023-11-17,Hybrid,South
5142,1022,Harrier,161,2321919,2024-05-12,Diesel,Central
5143,4796,Harrier,87,638750,2023-11-16,Petrol,North
5144,4988,Ertiga,53,492469,2023-10-28,Hybrid,West
5145,1234,i20,145,1448372,2024-06-08,Petrol,North
5146,4084,Swift,89,2489025,2024-03-26,Diesel,East
5147,2124,XUV700,106,850470,2022-12-07,Hybrid,South
5148,1928,Swift,6,1057574,2023-08-27,Diesel,Central
5149,4607,Creta,31,1185183,2024-01-04,Hybrid,East
5150,4947,Alto,197,1705753,2024-03-29,CNG,West
5151,1522,XUV700,40,474070,2024-06-25,CNG,East
5152,2808,Ertiga,158,1236301,2023-06-24,Diesel,North
5153,4523,Harrier,69,1352732,2023-03-15,Petrol,South
5154,1430,Ertiga,135,665399,2024-09-14,CNG,North
5155,1792,Creta,13,2233985,2023-10-28,CNG,South
5156,2629,Alto,4,1133177,2023-01-19,Hybrid,West
5157,2736,City,178,964810,2023-08-05,Hybrid,East
5158,1532,XUV700,3,2143644,2022-06-09,Hybrid,South
5159,4923,Swift,140,1328226,2023-03-08,Diesel,East
5160,4026,XUV700,65,1288368,2023-09-07,Petrol,South
5161,2746,Harrier,27,858696,2023-05-03,Petrol,North
5162,2675,Swift,107,523935,2022-12-09,Hybrid,South
5163,2316,City,50,416029,2022-04-19,Diesel,South
5164,3857,City,17,643533,2024-04-28,Hybrid,Central
5165,1912,i20,32,2967410,2022-10-28,Petrol,West
5166,2124,Swift,179,1934485,2023-12-06,Diesel,North
5167,2525,Baleno,17,1786227,2022-09-26,Hybrid,North
5168,2327,Alto,34,1013007,2023-04-23,Hybrid,East
5169,3918,Baleno,35,488499,2022-06-25,Petrol,South
5170,3587,City,152,1025671,2022-08-27,Diesel,South
5171,2023,Swift,182,840998,2024-06-11,Petrol,South
5172,2576,i20,146,2456971,2023-09-02,Diesel,North
5173,2378,XUV700,50,2711968,2024-05-08,Diesel,Central
5174,4374,XUV700,174,1209145,2023-05-07,Hybrid,East
5175,2519,XUV700,176,1190296,2022-04-09,Petrol,South
5176,2681,i20,103,2049061,2022-11-25,Diesel,Central
5177,4839,Creta,33,2179794,2023-03-21,CNG,West
5178,2997,Swift,89,2569398,2024-09-24,Hybrid,North
5179,1226,Baleno,155,2791676,2022-10-22,Petrol,West
5180,2259,Alto,129,441284,2023-03-18,Diesel,North
5181,1872,City,85,2708146,2024-03-05,Hybrid,East
5182,1891,Alto,59,1463892,2024-06-09,Petrol,West
5183,2478,City,10,1341967,2022-01-31,Petrol,East
5184,2036,Swift,153,2370968,2023-03-14,Hybrid,East
5185,3257,Swift,57,1074448,2022-10-13,Diesel,East
5186,3788,Ertiga,66,2309930,2022-10-18,Hybrid,West
5187,1396,Baleno,119,2890152,2023-01-03,CNG,West
5188,2123,Harrier,112,2863860,2023-05-01,Hybrid,West
5189,3078,City,15,1670664,2023-07-09,Petrol,South
5190,3945,Seltos,156,2681973,2022-06-17,CNG,East
5191,4599,Harrier,13,2606948,2024-02-10,CNG,South
5192,1648,XUV700,114,1548003,2022-03-19,Diesel,North
5193,1328,Alto,118,742679,2024-04-30,Hybrid,West
5194,4237,Swift,142,2614110,2024-06-10,Diesel,Central
5195,2482,Seltos,114,1664292,2023-10-23,Hybrid,North
5196,4893,City,194,637497,2023-08-12,Petrol,East
5197,1951,Creta,34,811858,2024-02-01,Diesel,East
5198,3005,City,101,851490,2023-07-19,Petrol,South
5199,3016,Alto,25,2247557,2024-03-22,Petrol,West
5200,4171,City,112,939141,2022-10-29,CNG,West
5201,3668,City,54,1949085,2022-10-20,Diesel,North
5202,2878,i20,12,626560,2022-10-21,Hybrid,North
5203,2196,Baleno,126,804542,2022-04-19,Diesel,North
5204,2772,Harrier,137,796679,2022-12-31,Petrol,Central
5205,1161,Creta,31,1280677,2023-08-23,CNG,Central
5206,4976,Swift,78,2802611,2023-11-09,Diesel,East
5207,2751,City,53,1551821,2022-04-03,CNG,East
5208,1775,Creta,112,2513162,2023-03-04,CNG,East
5209,4334,Ertiga,43,597505,2023-09-30,Petrol,West
5210,2827,City,166,2865844,2023-01-03,Diesel,East
5211,3321,i20,42,1711325,2022-04-15,Diesel,South
5212,4074,i20,124,2140381,2022-07-28,Diesel,North
5213,2051,Seltos,176,2796611,2024-10-08,CNG,West
5214,3373,XUV700,67,1957254,2023-04-19,Hybrid,Central
5215,1939,Alto,66,2398309,2022-01-12,Diesel,North
5216,4220,Harrier,144,2993928,2023-04-11,Petrol,East
5217,1539,Ertiga,83,1890893,2023-10-11,CNG,Central
5218,3535,Alto,94,1665598,2024-05-24,Hybrid,Central
5219,1821,Alto,105,1879716,2023-01-21,Diesel,Central
5220,2461,Seltos,144,1775378,2024-06-02,Hybrid,North
5221,2088,i20,31,1017722,2023-07-09,CNG,West
5222,1355,Baleno,118,940218,2023-10-16,Hybrid,North
5223,4604,Creta,186,2107454,2024-05-14,CNG,South
5224,4323,Swift,28,1086342,2024-09-15,Hybrid,East
5225,1234,Baleno,4,2502530,2022-12-19,Hybrid,West
5226,3274,Baleno,138,1232834,2023-05-29,CNG,West
5227,2548,XUV700,179,1356945,2024-03-14,Hybrid,East
5228,4384,XUV700,18,1528288,2022-12-09,Petrol,South
5229,3096,Baleno,47,1735780,2022-12-02,Diesel,Central
5230,1117,i20,160,1839054,2022-01-24,Hybrid,East
5231,3101,Alto,158,1305116,2024-06-03,Hybrid,Central
5232,2673,Creta,164,1971130,2022-04-14,Hybrid,East
5233,3612,Alto,9,2150929,2023-07-28,Diesel,North
5234,2067,Alto,164,2590256,2024-02-14,CNG,South
5235,4886,Alto,29,889554,2024-06-05,Diesel,South
5236,3100,Creta,144,2913564,2022-08-31,Hybrid,East
5237,4657,Creta,92,1827397,2022-12-08,CNG,South
5238,1557,Seltos,149,764793,2023-09-25,Hybrid,Central
5239,4596,Harrier,64,1050806,2024-05-14,CNG,South
5240,4748,Baleno,111,2123034,2022-06-22,Hybrid,South
5241,4173,City,194,2831878,2022-04-13,Hybrid,South
5242,2815,Seltos,124,535258,2022-06-09,CNG,West
5243,4841,Seltos,187,2867453,2023-12-15,Petrol,East
5244,3005,Swift,110,995792,2023-07-11,Diesel,North
5245,4920,City,118,1559336,2023-07-30,CNG,North
5246,3915,XUV700,156,1431306,2022-07-15,Diesel,West
5247,1397,Swift,183,1751849,2024-09-15,Petrol,West
5248,4209,XUV700,100,2208745,2024-07-22,Petrol,North
5249,1674,Harrier,31,1454963,2022-03-11,CNG,Central
5250,4992,Ertiga,161,2836123,2024-04-22,Petrol,North
5251,1386,XUV700,188,773254,2022-09-04,Petrol,North
5252,3158,Alto,169,2225100,2022-11-25,Hybrid,East
5253,3661,XUV700,81,587708,2022-06-07,Hybrid,North
5254,3064,City,46,2958514,2024-07-06,Petrol,North
5255,4851,Creta,49,435241,2023-11-29,Hybrid,South
5256,4253,City,193,2966131,2024-01-13,Petrol,West
5257,1883,Harrier,42,457450,2023-08-08,Hybrid,North
5258,4607,Seltos,151,1369263,2022-02-24,Petrol,North
5259,1540,Alto,112,1508105,2023-05-01,Petrol,Central
5260,1170,Ertiga,27,1217766,2023-02-14,Diesel,North
5261,3456,Harrier,160,1905326,2024-08-17,Petrol,East
5262,1739,Seltos,88,987740,2024-06-23,Diesel,Central
5263,2401,i20,121,1171736,2023-12-28,CNG,North
5264,4259,City,3,1848303,2022-05-27,Petrol,East
5265,3905,Harrier,60,2144901,2022-11-29,Petrol,West
5266,3277,City,79,725262,2022-10-17,Diesel,North
5267,4904,Ertiga,145,2623927,2023-07-24,Petrol,West
5268,4923,Seltos,32,1497793,2024-03-01,Hybrid,North
5269,1118,City,7,1140690,2024-06-27,Diesel,Central
5270,4227,Creta,71,1517093,2022-01-27,Diesel,Central
5271,3831,XUV700,128,1592433,2024-07-14,Hybrid,East
5272,4758,Swift,197,2446282,2023-01-23,Petrol,South
5273,3512,Ertiga,58,1025407,2022-09-07,CNG,East
5274,3151,Swift,168,1125992,2022-05-22,CNG,North
5275,4675,Baleno,112,2955010,2022-09-24,CNG,West
5276,3745,XUV700,48,2155105,2022-08-03,Diesel,West
5277,2995,Ertiga,179,2045073,2023-05-04,Diesel,North
5278,4866,Harrier,185,438488,2023-05-11,Hybrid,South
5279,4573,Creta,111,698421,2023-04-25,Petrol,South
5280,4764,Harrier,71,1624689,2023-10-05,Hybrid,South
5281,2705,i20,165,1176434,2022-01-01,Diesel,North
5282,2722,Baleno,75,2238542,2024-10-29,CNG,Central
5283,3222,Creta,74,2053085,2024-04-20,Petrol,Central
5284,4805,City,121,601744,2023-01-15,CNG,North
5285,3792,City,55,2983262,2024-04-23,Petrol,Central
5286,2697,Alto,41,1971697,2022-10-29,CNG,South
5287,2444,City,97,2833386,2023-10-12,Petrol,Central
5288,4205,Seltos,148,509777,2024-03-19,CNG,North
5289,4462,Baleno,33,1373814,2022-12-05,Hybrid,Central
5290,2759,Seltos,168,1974498,2024-09-25,Diesel,Central
5291,2524,XUV700,34,2911678,2023-10-28,Hybrid,Central
5292,1664,Alto,62,2839949,2023-02-08,CNG,Central
5293,1032,Alto,19,1253690,2022-09-04,Petrol,North
5294,3102,City,171,1700493,2023-07-13,Hybrid,East
5295,3566,Creta,197,1255832,2024-02-17,CNG,Central
5296,3803,XUV700,191,2719736,2022-04-21,Diesel,East
5297,4896,i20,10,2732966,2024-09-14,Petrol,North
5298,4709,Baleno,120,516107,2024-03-23,Hybrid,West
5299,3059,Baleno,123,2438887,2024-07-18,Diesel,East
5300,2551,Ertiga,104,2999997,2024-06-04,CNG,North
5301,1719,Harrier,141,2181300,2024-06-27,Petrol,West
5302,3602,City,5,1036724,2024-03-01,CNG,Central
5303,3420,Ertiga,58,693275,2022-10-19,Petrol,North
5304,1483,i20,59,1891573,2022-06-24,Diesel,South
5305,1972,Alto,128,723904,2022-04-19,Diesel,West
5306,4718,Swift,187,904962,2024-08-19,Diesel,South
5307,4299,i20,86,1778090,2024-04-27,Hybrid,Central
5308,3670,i20,104,2889137,2023-11-24,Hybrid,Central
5309,1306,Creta,143,454470,2024-08-21,Hybrid,East
5310,1456,Creta,129,715427,2022-02-12,CNG,Central
5311,3207,Creta,38,1054551,2023-04-06,Hybrid,East
5312,1330,Creta,107,1963209,2023-12-06,Petrol,West
5313,3823,Harrier,109,533425,2024-10-29,Diesel,South
5314,1224,City,53,2773174,2022-05-29,CNG,West
5315,4030,Baleno,52,2573820,2022-12-04,CNG,South
5316,3776,City,1,934610,2024-09-29,Hybrid,North
5317,4575,City,11,1263263,2022-08-12,Petrol,West
5318,2479,Baleno,58,2949143,2022-12-20,Diesel,North
5319,4116,Creta,128,1962562,2023-07-09,CNG,South
5320,4285,City,168,1995111,2022-03-07,Diesel,East
5321,2082,Harrier,188,2383420,2023-09-13,Petrol,West
5322,1643,Creta,44,2878792,2022-03-25,Diesel,West
5323,1615,Harrier,6,2650746,2022-08-15,Hybrid,East
5324,1194,Ertiga,156,575666,2024-06-10,Diesel,East
5325,4996,City,159,1232767,2024-10-09,CNG,Central
5326,1488,Seltos,8,2996556,2022-01-20,Hybrid,Central
5327,3204,Harrier,5,1799681,2024-01-25,Hybrid,South
5328,3657,Ertiga,106,2531875,2024-07-29,Hybrid,West
5329,2249,XUV700,182,2441820,2022-09-27,Hybrid,East
5330,3459,XUV700,112,1938954,2023-02-10,CNG,East
5331,4276,Ertiga,17,1354337,2022-10-31,Petrol,North
5332,2102,Alto,166,413763,2024-10-05,Petrol,Central
5333,2147,Alto,9,845171,2024-03-20,Hybrid,North
5334,3518,Creta,78,969151,2023-01-26,Petrol,East
5335,2241,Alto,14,1728128,2024-06-27,CNG,West
5336,1515,XUV700,154,2129112,2022-05-22,Petrol,West
5337,2625,Alto,113,2663321,2023-10-08,Petrol,North
5338,2127,Seltos,190,2680074,2024-03-19,CNG,Central
5339,1392,XUV700,91,584918,2024-08-05,Petrol,South
5340,1630,Harrier,25,1562753,2022-09-02,Hybrid,West
5341,4716,i20,164,2849063,2024-02-05,Hybrid,South
5342,2847,Alto,98,1375990,2024-05-25,CNG,Central
5343,3655,Alto,161,2011256,2024-06-30,Hybrid,North
5344,1979,City,3,1892644,2024-10-25,Hybrid,Central
5345,1433,Baleno,139,2972506,2024-07-08,Hybrid,East
5346,4402,Seltos,112,1427588,2024-07-27,Hybrid,Central
5347,4214,XUV700,186,1669646,2023-03-25,Hybrid,North
5348,4871,XUV700,192,2520688,2022-09-23,Petrol,North
5349,3587,Swift,146,1716305,2022-09-07,CNG,Central
5350,1277,Baleno,47,2740633,2024-08-12,Diesel,North
5351,1232,Alto,172,2952325,2023-06-27,CNG,East
5352,2552,Ertiga,187,981498,2023-09-24,CNG,South
5353,2594,City,50,1662379,2024-06-25,CNG,Central
5354,2113,Harrier,197,611445,2023-06-05,Petrol,North
5355,4563,City,157,2740921,2024-06-02,CNG,South
5356,4270,Alto,124,2895824,2024-01-04,CNG,East
5357,3409,Swift,90,1833085,2022-05-24,Petrol,Central
5358,4512,i20,67,1174957,2024-08-01,Hybrid,North
5359,1025,XUV700,2,2682085,2023-07-19,Diesel,South
5360,4096,Harrier,153,1982639,2022-03-11,Hybrid,East
5361,2417,Baleno,147,1120241,2023-09-25,CNG,West
5362,3554,Alto,168,1200531,2024-06-07,Hybrid,North
5363,4372,Seltos,2,764485,2024-03-11,Petrol,East
5364,4410,Ertiga,65,2801138,2022-06-29,Diesel,South
5365,3314,City,190,1661999,2023-08-16,Hybrid,Central
5366,1460,Swift,91,1657410,2023-07-21,CNG,South
5367,4764,i20,182,2496323,2023-11-22,Diesel,Central
5368,3503,Creta,173,2854904,2023-10-27,CNG,East
5369,4431,Ertiga,116,1392179,2023-02-10,Hybrid,East
5370,2091,Alto,49,1413100,2024-09-12,Hybrid,South
5371,2006,i20,69,455700,2023-09-29,CNG,South
5372,3910,Ertiga,166,2313743,2023-06-01,Diesel,Central
5373,4483,Ertiga,132,564230,2024-04-29,Diesel,North
5374,2994,XUV700,145,1367658,2024-06-26,Diesel,South
5375,1490,Ertiga,126,2030688,2022-11-12,Hybrid,North
5376,4904,Seltos,181,2735496,2022-01-27,Hybrid,North
5377,2072,i20,53,1701732,2022-02-24,CNG,North
5378,4758,Alto,112,1198713,2022-09-06,CNG,East
5379,3611,Alto,159,808336,2022-09-30,Petrol,East
5380,4173,Seltos,150,934234,2022-07-10,Petrol,North
5381,1215,Baleno,139,2096992,2023-07-29,Petrol,North
5382,4509,i20,162,2049291,2024-05-06,CNG,East
5383,2723,Ertiga,113,1474687,2023-09-08,Diesel,Central
5384,2592,Swift,143,2156332,2024-10-14,Petrol,West
5385,3606,Harrier,114,1421815,2023-11-04,CNG,South
5386,1158,i20,138,695434,2023-11-14,Hybrid,North
5387,3536,Creta,181,1151500,2022-04-19,Diesel,East
5388,1685,Swift,48,2974540,2023-10-14,Petrol,North
5389,4313,Seltos,31,2888638,2024-09-07,Hybrid,North
5390,3841,Ertiga,37,554782,2022-08-14,Diesel,North
5391,2776,Baleno,108,2743059,2022-12-19,Diesel,North
5392,4953,Creta,28,1330569,2022-05-25,Hybrid,Central
5393,3052,Baleno,159,2035410,2024-07-03,Petrol,South
5394,4667,Baleno,70,2280482,2022-09-30,Petrol,South
5395,2843,City,14,1523243,2023-06-18,Hybrid,East
5396,3408,XUV700,122,2314851,2023-04-05,Hybrid,Central
5397,3506,Creta,16,665853,2024-07-29,Hybrid,Central
5398,3295,Harrier,25,643291,2024-10-31,CNG,South
5399,2589,XUV700,167,2725954,2022-06-30,Diesel,East
5400,2696,Creta,66,1191526,2022-01-29,Petrol,Central
5401,3993,Baleno,38,2969434,2023-06-16,Petrol,East
5402,3469,XUV700,169,2167666,2024-10-25,Hybrid,South
5403,2946,Creta,103,2533283,2022-05-20,Diesel,North
5404,4809,Harrier,98,1869740,2022-04-08,Hybrid,Central
5405,3062,Swift,115,1105195,2022-09-19,Diesel,East
5406,3783,i20,40,651267,2022-01-19,Hybrid,North
5407,4644,Ertiga,64,1441616,2022-01-12,Hybrid,South
5408,2145,Creta,89,1738681,2023-06-21,Diesel,West
5409,3324,Harrier,100,845278,2022-09-16,Petrol,Central
5410,2581,i20,144,527987,2022-01-24,Petrol,Central
5411,3500,XUV700,82,1188449,2024-10-28,CNG,East
5412,4461,Creta,77,631560,2022-08-16,Diesel,South
5413,4365,Creta,59,554147,2023-01-11,Petrol,South
5414,4645,Seltos,91,406531,2022-08-12,Petrol,Central
5415,3645,Creta,98,1754743,2024-01-06,Diesel,Central
5416,3493,Ertiga,139,2799355,2022-09-14,Petrol,East
5417,3257,Seltos,1,1488599,2023-05-30,Diesel,East
5418,4661,i20,13,1944016,2024-04-12,Petrol,West
5419,3761,XUV700,30,2695699,2023-12-02,Hybrid,North
5420,3349,XUV700,197,567696,2024-06-29,Diesel,East
5421,2932,Alto,18,915034,2023-11-30,Diesel,North
5422,4294,Alto,78,2447542,2023-03-14,Petrol,Central
5423,2757,i20,141,1410592,2022-02-06,Diesel,West
5424,3050,City,32,2695120,2022-04-16,CNG,West
5425,1989,Harrier,71,767253,2023-09-07,CNG,West
5426,2541,City,50,1362200,2022-08-20,Diesel,South
5427,2116,Harrier,199,1050970,2024-05-16,CNG,Central
5428,3567,Seltos,116,949229,2024-08-17,Petrol,South
5429,4499,i20,113,2074213,2022-10-05,Petrol,South
5430,1492,Harrier,80,852563,2022-05-05,Diesel,West
5431,4306,Alto,31,2573781,2023-11-06,Petrol,South
5432,1619,Alto,51,891564,2023-12-16,Petrol,Central
5433,4232,Baleno,155,614326,2023-10-29,CNG,Central
5434,4792,Harrier,60,1236255,2024-07-01,Petrol,South
5435,4823,i20,33,2274776,2023-01-30,Petrol,Central
5436,3378,Swift,181,1644634,2024-02-12,CNG,North
5437,3380,Seltos,127,1561360,2022-07-05,Hybrid,South
5438,3097,Creta,161,766533,2023-04-11,Diesel,West
5439,2546,Creta,126,1842026,2023-04-03,Diesel,West
5440,1862,Harrier,41,1258802,2024-09-27,Hybrid,Central
5441,2691,City,19,2905423,2022-03-15,CNG,Central
5442,4563,Seltos,41,1517319,2023-09-24,CNG,West
5443,2605,XUV700,85,2368480,2024-04-19,Petrol,North
5444,4752,Ertiga,89,2179081,2024-06-30,Petrol,West
5445,3319,Creta,42,2059873,2024-03-04,Diesel,South
5446,1579,Alto,120,2586623,2022-02-18,Diesel,West
5447,2890,Seltos,23,1109517,2024-08-23,CNG,East
5448,2275,City,33,2193346,2022-12-25,Petrol,North
5449,3607,i20,20,2295606,2022-08-30,CNG,North
5450,3743,City,153,1211447,2022-02-25,Hybrid,West
5451,2855,Seltos,90,650942,2024-05-28,Diesel,East
5452,4770,XUV700,104,1135080,2022-09-12,Diesel,South
5453,4161,Creta,180,2216278,2022-01-05,CNG,West
5454,3493,Alto,12,2985447,2022-11-25,Petrol,South
5455,4064,Swift,160,2956554,2022-04-08,Petrol,East
5456,2355,i20,161,2561582,2024-09-07,Hybrid,West
5457,2162,Alto,196,2284193,2024-09-29,Hybrid,West
5458,1356,XUV700,143,1934656,2024-02-22,Hybrid,South
5459,2624,Ertiga,51,2559458,2023-07-31,CNG,West
5460,3321,XUV700,6,2254424,2022-11-23,Diesel,East
5461,4090,XUV700,91,2575807,2022-08-31,CNG,West
5462,3006,Creta,197,1521756,2023-01-02,CNG,Central
5463,3358,Seltos,69,2547414,2024-02-13,Petrol,East
5464,1869,Seltos,163,1784909,2023-12-25,Hybrid,North
5465,1885,Alto,123,2839248,2022-08-22,Diesel,South
5466,3001,Ertiga,162,883649,2023-10-14,Hybrid,East
5467,3201,Ertiga,191,2695634,2022-11-29,Hybrid,North
5468,2413,City,196,2025055,2023-05-10,Hybrid,North
5469,2283,Swift,146,543285,2023-01-04,Diesel,East
5470,1619,XUV700,115,2318184,2022-04-05,Petrol,North
5471,1882,Swift,154,2558505,2024-06-25,Diesel,North
5472,1796,Baleno,111,763688,2024-03-12,Diesel,Central
5473,4642,Harrier,61,546874,2022-07-27,Petrol,West
5474,3172,XUV700,107,612730,2023-08-30,Diesel,Central
5475,4425,Swift,78,1640294,2023-04-18,Diesel,West
5476,2296,Creta,95,880405,2024-10-28,CNG,North
5477,1618,Harrier,74,1230103,2022-05-16,Diesel,West
5478,2834,Ertiga,48,2957313,2023-09-02,CNG,Central
5479,1244,XUV700,96,1754108,2024-06-29,CNG,South
5480,3895,XUV700,31,1270376,2022-09-18,CNG,South
5481,3497,Ertiga,34,984978,2023-04-03,Hybrid,West
5482,1929,City,87,1388033,2022-08-20,Petrol,South
5483,2270,Creta,135,920027,2022-04-11,Hybrid,East
5484,1519,XUV700,83,2672095,2022-05-27,Petrol,South
5485,4212,Swift,135,2160722,2023-12-18,Diesel,West
5486,3409,XUV700,47,1043933,2023-05-22,CNG,North
5487,1007,Harrier,136,2001685,2023-07-12,Hybrid,Central
5488,3525,XUV700,129,1845005,2022-04-14,Diesel,South
5489,4423,Swift,125,1557235,2022-12-02,Hybrid,West
5490,3019,i20,77,802860,2023-03-22,Diesel,Central
5491,1494,Harrier,3,2372533,2024-01-04,Hybrid,East
5492,2629,Alto,181,2090305,2023-03-20,Diesel,North
5493,3880,Alto,92,1298477,2022-04-28,Diesel,Central
5494,4498,Harrier,166,2770559,2024-07-17,Hybrid,Central
5495,2062,Creta,179,2553632,2023-12-24,Diesel,West
5496,3640,i20,143,1349525,2023-07-21,CNG,East
5497,1186,Harrier,100,2121894,2022-03-29,CNG,South
5498,4667,Swift,127,1121768,2023-04-21,CNG,East
5499,4671,Baleno,195,2276136,2022-10-22,CNG,North
5500,3801,Seltos,192,1011786,2023-12-21,Petrol,South
5501,2877,XUV700,68,704707,2024-09-21,Hybrid,East
5502,3140,City,133,941702,2024-04-23,CNG,North
5503,1085,i20,90,2881748,2023-11-17,CNG,Central
5504,4115,Swift,89,737606,2023-10-01,CNG,Central
5505,1136,City,10,1169155,2024-08-18,Petrol,Central
5506,3468,Alto,8,2684107,2024-07-23,Hybrid,Central
5507,3121,Harrier,12,1291641,2024-06-08,Diesel,South
5508,4619,i20,64,2365776,2024-07-02,Petrol,Central
5509,2636,Ertiga,118,417660,2023-02-10,CNG,South
5510,4583,XUV700,59,2423778,2022-04-29,CNG,South
5511,4227,Seltos,195,798024,2022-12-07,Petrol,East
5512,4326,Alto,50,2591300,2022-11-09,Hybrid,Central
5513,3218,Harrier,151,821231,2022-06-12,Hybrid,West
5514,2751,XUV700,40,433351,2022-10-20,Diesel,Central
5515,3217,Alto,122,2940030,2023-11-21,Petrol,West
5516,2787,Ertiga,97,2487444,2023-11-04,Hybrid,Central
5517,1871,City,127,474674,2023-02-03,Petrol,South
5518,3369,Seltos,87,2533393,2024-06-27,Hybrid,Central
5519,4638,Seltos,77,2891566,2023-05-02,Hybrid,Central
5520,3503,XUV700,121,2852279,2024-01-19,CNG,Central
5521,1943,Swift,146,2861595,2022-08-28,Hybrid,Central
5522,2626,XUV700,149,764983,2022-11-07,Hybrid,East
5523,3837,Alto,111,2299044,2022-11-17,Petrol,East
5524,3660,Swift,129,1795943,2023-11-03,Hybrid,South
5525,4226,Seltos,166,467983,2023-07-26,Hybrid,South
5526,3936,Baleno,41,526164,2023-02-18,Petrol,West
5527,1348,Seltos,170,784571,2023-02-06,Hybrid,South
5528,4522,XUV700,137,674557,2022-02-28,Petrol,East
5529,4947,Alto,23,2496530,2022-02-22,Petrol,South
5530,2676,Swift,78,2357124,2023-09-25,Petrol,West
5531,2196,Harrier,11,1096731,2022-10-13,Petrol,West
5532,1009,Swift,71,1052633,2022-01-18,CNG,East
5533,3787,Ertiga,159,1253974,2024-10-25,CNG,South
5534,4336,Creta,26,2240221,2022-06-09,CNG,West
5535,2461,Creta,30,1091996,2022-05-22,CNG,South
5536,4831,i20,162,2036812,2023-02-01,Petrol,South
5537,4318,City,174,1438229,2023-08-03,Petrol,East
5538,1666,i20,102,2022368,2023-06-18,Petrol,East
5539,3593,i20,69,2567652,2024-06-29,Petrol,South
5540,2522,Swift,133,452340,2023-04-06,CNG,Central
5541,3176,Alto,189,1577798,2022-10-13,Hybrid,Central
5542,4743,i20,166,1482646,2024-10-25,CNG,North
5543,1600,XUV700,156,1383886,2022-05-09,Petrol,North
5544,3652,Swift,154,2445351,2024-08-13,Petrol,North
5545,1326,Alto,61,2455521,2023-11-02,Hybrid,East
5546,4824,Creta,106,808092,2023-05-14,Petrol,South
5547,4906,Baleno,23,418262,2022-10-03,Hybrid,West
5548,1979,XUV700,174,1550985,2022-01-29,Petrol,South
5549,3451,Harrier,113,2713774,2024-10-01,Hybrid,South
5550,1628,City,30,2918753,2023-10-12,Diesel,North
5551,2629,Harrier,67,1484163,2022-01-31,Diesel,South
5552,4746,Alto,161,2027995,2024-04-22,Diesel,North
5553,4682,Ertiga,131,2065883,2022-12-02,Diesel,South
5554,4696,Alto,197,1948173,2023-07-24,Petrol,West
5555,4430,Baleno,121,2614329,2022-11-09,Petrol,Central
5556,4674,Creta,83,2689216,2023-08-22,Petrol,Central
5557,4929,Seltos,170,888594,2024-05-14,Diesel,East
5558,3765,Alto,62,747328,2023-01-06,Hybrid,West
5559,4088,Creta,186,2594444,2024-03-15,Hybrid,South
5560,1273,Harrier,57,2541713,2022-11-10,Diesel,West
5561,1684,Alto,1,1065430,2022-01-28,Petrol,South
5562,1115,Alto,102,1482355,2024-08-23,Diesel,West
5563,1860,i20,188,654745,2024-10-26,CNG,West
5564,3003,Harrier,69,809832,2023-04-18,Hybrid,Central
5565,1692,City,59,2068773,2022-03-30,Diesel,West
5566,4162,City,46,2614867,2022-02-09,Diesel,East
5567,2105,XUV700,106,1970113,2023-11-12,Diesel,South
5568,3371,Ertiga,34,2597629,2023-01-10,Diesel,North
5569,4008,Seltos,101,2231422,2024-09-24,Petrol,West
5570,3161,Alto,97,1183843,2023-01-28,Hybrid,North
5571,2792,Alto,153,2104733,2022-05-12,CNG,Central
5572,4129,XUV700,170,2143825,2022-10-17,Petrol,North
5573,1153,Ertiga,29,2954758,2024-03-16,Diesel,East
5574,2900,Harrier,153,1855386,2022-07-28,Diesel,East
5575,2427,Alto,182,2020618,2022-11-23,Diesel,Central
5576,4699,Creta,123,1502215,2024-09-18,Diesel,East
5577,4926,Swift,73,1652874,2023-05-18,Hybrid,South
5578,2289,Ertiga,195,412669,2022-10-06,Diesel,East
5579,1314,Alto,143,746653,2024-02-27,CNG,West
5580,4786,Ertiga,4,2649309,2024-10-03,Petrol,East
5581,2064,City,38,2525939,2024-08-09,Hybrid,South
5582,1104,Seltos,20,621692,2022-10-04,Diesel,Central
5583,2924,Alto,113,686195,2022-10-25,CNG,East
5584,2913,Seltos,23,1132450,2023-03-09,Petrol,South
5585,2216,Baleno,165,1107622,2024-10-06,Petrol,West
5586,2424,Swift,190,2403719,2022-11-13,Hybrid,North
5587,4349,XUV700,111,2616275,2022-05-01,Petrol,North
5588,3401,Seltos,136,1866536,2023-10-15,Diesel,Central
5589,4063,Alto,165,790958,2022-10-31,Diesel,Central
5590,2772,i20,45,2515097,2024-07-24,CNG,North
5591,2960,XUV700,97,1145139,2023-12-22,CNG,North
5592,3780,XUV700,33,2873431,2023-05-11,Petrol,Central
5593,2603,Harrier,135,652565,2022-07-04,Hybrid,North
5594,1708,Seltos,22,1159950,2024-06-06,Diesel,East
5595,4327,i20,133,2652451,2024-03-18,Petrol,South
5596,1650,Seltos,15,1148644,2022-11-28,Hybrid,Central
5597,3871,Harrier,21,1887322,2023-12-14,Petrol,South
5598,1946,Swift,126,2573238,2023-07-30,Hybrid,West
5599,1660,Alto,89,2094779,2022-12-16,CNG,West
5600,3146,City,17,801938,2024-04-17,Diesel,East
5601,3635,City,56,581214,2022-11-16,CNG,West
5602,3329,Seltos,50,991944,2023-06-21,Diesel,Central
5603,4954,Harrier,135,2584036,2023-02-16,Hybrid,East
5604,3450,Ertiga,118,2634101,2024-06-24,Hybrid,East
5605,2132,Alto,122,2999392,2023-06-17,Petrol,Central
5606,1699,Seltos,50,1205336,2023-05-17,Hybrid,North
5607,3246,Ertiga,60,2845624,2024-07-02,Hybrid,South
5608,4374,Alto,125,1933365,2023-06-11,Petrol,Central
5609,3038,Ertiga,116,1609332,2023-12-12,Petrol,North
5610,3374,XUV700,135,2301508,2024-01-20,Diesel,North
5611,3201,Seltos,168,2096438,2024-08-13,Hybrid,West
5612,1551,Harrier,173,2728772,2022-04-22,Petrol,East
5613,4716,Alto,187,435571,2023-04-08,Diesel,East
5614,1404,City,88,1255879,2022-02-21,Diesel,West
5615,1461,Seltos,105,476752,2022-09-12,CNG,West
5616,3179,Alto,55,860160,2022-10-27,Petrol,East
5617,3838,Alto,64,2706955,2024-08-15,CNG,Central
5618,1873,Ertiga,193,2147874,2023-03-03,Diesel,Central
5619,1083,Ertiga,182,2734191,2024-09-16,Hybrid,Central
5620,2422,i20,96,639185,2022-11-03,Petrol,Central
5621,3801,Seltos,168,472649,2022-04-09,Petrol,West
5622,3675,Baleno,181,440910,2022-05-01,Diesel,South
5623,4180,Creta,44,2784288,2022-08-18,Petrol,South
5624,1220,Baleno,191,1658962,2023-10-13,Diesel,East
5625,4975,Alto,130,1273953,2023-09-21,Petrol,South
5626,3600,i20,149,2042767,2024-08-05,Petrol,Central
5627,2391,Alto,50,1362951,2023-06-01,Hybrid,West
5628,4218,Baleno,111,672930,2024-04-24,Diesel,Central
5629,1111,Alto,180,1296429,2024-04-12,CNG,North
5630,1614,Ertiga,137,889660,2024-03-30,Hybrid,West
5631,2581,Seltos,99,1726331,2024-03-21,Diesel,North
5632,3971,City,148,1969429,2024-02-01,Petrol,North
5633,4565,Baleno,146,1760724,2022-11-15,Diesel,East
5634,4576,Creta,84,853850,2022-04-21,Diesel,North
5635,1474,Creta,30,2594001,2024-03-17,Hybrid,South
5636,3883,Ertiga,65,2769199,2023-05-02,Diesel,South
5637,2913,Seltos,24,1594215,2024-03-21,Petrol,North
5638,1270,Swift,175,1668069,2023-06-01,CNG,East
5639,3468,Swift,90,2229341,2024-04-14,CNG,North
5640,2920,Harrier,106,2459838,2023-09-16,Petrol,West
5641,3754,Harrier,172,1047404,2023-07-10,CNG,West
5642,2390,Baleno,157,2973344,2023-05-12,Hybrid,West
5643,4351,Ertiga,77,1057620,2024-06-06,Diesel,West
5644,4354,Ertiga,68,1113729,2023-01-17,Diesel,North
5645,1039,Alto,109,2513985,2022-08-04,CNG,Central
5646,2982,Creta,145,515256,2024-01-26,CNG,Central
5647,3236,Creta,97,1452074,2023-06-27,CNG,West
5648,4235,Creta,133,1836460,2024-07-04,Hybrid,East
5649,1993,i20,92,596382,2024-10-31,Diesel,East
5650,3012,Seltos,88,1364233,2022-03-23,Diesel,North
5651,4607,XUV700,50,2507670,2024-09-20,Petrol,Central
5652,3583,Alto,103,1133397,2022-06-15,Petrol,North
5653,4075,Swift,112,630684,2022-07-27,Hybrid,South
5654,4906,Ertiga,168,2497120,2022-01-24,Diesel,West
5655,1289,Swift,46,1005726,2024-03-17,Diesel,South
5656,3480,i20,179,1154381,2024-06-05,Petrol,South
5657,3518,Swift,11,2915913,2023-11-22,Petrol,East
5658,4252,Creta,12,2893713,2022-11-28,Diesel,Central
5659,4319,City,141,1660554,2024-09-28,Hybrid,West
5660,3675,Alto,64,1185254,2022-08-29,CNG,North
5661,1278,City,8,2946734,2024-04-15,Hybrid,West
5662,3924,Harrier,193,2750594,2022-06-30,Diesel,North
5663,1580,City,9,1102081,2022-03-31,CNG,North
5664,1862,XUV700,130,1959198,2023-03-15,Hybrid,Central
5665,1253,Ertiga,78,1555975,2023-06-27,Hybrid,South
5666,1180,i20,141,933930,2022-07-12,Diesel,North
5667,4901,Ertiga,2,2842671,2023-05-03,Petrol,Central
5668,1680,XUV700,196,2700795,2023-09-04,Hybrid,South
5669,1824,Ertiga,176,2364420,2024-08-12,Hybrid,South
5670,4580,City,74,2399379,2022-05-26,Petrol,West
5671,4832,Seltos,131,519937,2024-10-23,Hybrid,West
5672,1699,Ertiga,196,2972034,2022-11-23,Hybrid,West
5673,3613,Harrier,134,1986600,2024-09-14,Petrol,East
5674,2349,Alto,87,1490857,2022-06-02,Diesel,South
5675,2380,Alto,5,1527927,2023-02-06,Diesel,East
5676,4896,Swift,131,1538508,2024-03-30,Diesel,West
5677,2673,Baleno,138,2914680,2023-05-03,CNG,Central
5678,3727,City,171,2146604,2022-03-08,Diesel,West
5679,3438,Creta,147,2890326,2022-03-30,CNG,North
5680,2638,XUV700,14,2593371,2022-07-21,CNG,Central
5681,2957,i20,149,2356735,2023-03-04,CNG,Central
5682,4156,City,124,1361501,2024-07-28,Petrol,South
5683,4388,Alto,43,2921796,2022-12-05,CNG,East
5684,1211,Swift,28,1638470,2022-03-20,CNG,North
5685,2538,Ertiga,149,1606138,2023-01-13,Petrol,Central
5686,1383,Creta,164,2210173,2022-06-14,Hybrid,East
5687,2714,Creta,24,709495,2024-01-19,Hybrid,East
5688,1341,Baleno,182,1363360,2024-07-25,CNG,North
5689,2838,Seltos,166,2884346,2022-06-04,Diesel,North
5690,2987,Baleno,17,2401466,2022-06-18,Hybrid,West
5691,1843,Ertiga,150,1916690,2024-03-02,Diesel,West
5692,4109,City,83,1307749,2024-09-29,Petrol,Central
5693,2534,Harrier,45,2129222,2022-12-20,Hybrid,Central
5694,1419,XUV700,74,2639615,2022-11-24,Petrol,Central
5695,3798,Creta,189,2786295,2023-05-13,CNG,West
5696,4240,i20,139,937240,2022-12-11,Hybrid,Central
5697,2988,City,61,812498,2023-10-05,CNG,Central
5698,2932,i20,38,2323003,2024-02-28,CNG,West
5699,4414,Swift,66,2073215,2023-01-12,Petrol,West
5700,2849,i20,33,1109714,2023-03-10,Hybrid,Central
5701,1305,Creta,43,401722,2023-05-16,Hybrid,Central
5702,4613,Creta,159,830036,2023-06-05,Hybrid,East
5703,3749,Creta,112,2433267,2023-07-16,CNG,South
5704,1868,City,35,2453222,2023-05-28,Hybrid,West
5705,3584,City,37,990507,2023-05-31,Diesel,South
5706,2135,XUV700,175,1180534,2023-05-12,Diesel,West
5707,2434,Alto,100,811610,2023-08-25,CNG,East
5708,1205,Seltos,23,2412785,2024-10-11,Petrol,South
5709,4256,Ertiga,164,2916837,2023-10-29,Diesel,East
5710,4453,Ertiga,168,2502644,2022-12-31,Petrol,North
5711,1495,Swift,89,2907195,2024-08-24,Hybrid,South
5712,4450,Baleno,15,2613511,2022-12-30,Diesel,South
5713,4118,XUV700,165,558564,2022-04-18,CNG,South
5714,2909,Alto,132,2699669,2023-09-15,CNG,North
5715,4811,Harrier,150,2143718,2022-11-17,Petrol,North
5716,4622,Swift,22,1339367,2023-05-25,CNG,East
5717,4599,City,78,921323,2023-11-03,Petrol,North
5718,3551,Alto,145,2701579,2022-10-31,Petrol,West
5719,2045,Creta,72,691280,2024-08-26,Diesel,Central
5720,1212,City,98,1955282,2022-12-31,Diesel,South
5721,1309,Baleno,90,2572744,2024-01-08,CNG,East
5722,3708,Baleno,109,793931,2024-09-15,Petrol,East
5723,2991,Ertiga,94,1246558,2024-10-17,Diesel,East
5724,3800,Seltos,80,2942160,2022-06-01,Hybrid,East
5725,1271,Seltos,94,642070,2022-09-16,CNG,South
5726,4642,Harrier,80,2243902,2023-12-08,CNG,East
5727,2822,City,38,2056978,2022-08-11,Hybrid,South
5728,3985,City,152,949247,2022-08-18,Hybrid,East
5729,4273,Baleno,134,2900883,2023-03-15,Hybrid,East
5730,3079,Creta,196,1916405,2022-05-30,Diesel,Central
5731,1442,Creta,134,1633198,2024-06-28,Hybrid,West
5732,3209,i20,26,1393483,2024-09-04,CNG,North
5733,3814,Creta,101,568280,2023-09-27,Diesel,North
5734,1253,Alto,169,2630007,2023-02-03,Petrol,North
5735,1520,Seltos,75,1419925,2023-09-14,Hybrid,West
5736,1976,Creta,38,1687873,2022-05-23,CNG,South
5737,4722,XUV700,83,872159,2024-08-05,Hybrid,North
5738,4551,City,171,677460,2022-02-23,Petrol,North
5739,1009,Creta,181,2478140,2024-04-23,Diesel,North
5740,3773,i20,143,1407878,2024-07-26,Petrol,South
5741,3552,Harrier,56,1934535,2023-07-06,Diesel,West
5742,3832,Harrier,105,1824372,2022-10-26,CNG,West
5743,4907,Baleno,184,887154,2023-11-23,CNG,South
5744,2583,Creta,31,1909758,2023-07-12,CNG,Central
5745,3483,City,185,2093221,2023-03-21,Petrol,East
5746,2134,City,179,2602516,2022-04-08,Hybrid,South
5747,1152,Seltos,152,1440775,2022-02-27,Hybrid,East
5748,2658,Harrier,58,1713656,2022-06-26,Petrol,West
5749,3964,Baleno,73,1146011,2023-12-20,Hybrid,East
5750,3916,Creta,132,1424883,2023-10-28,Petrol,North
5751,4173,Harrier,10,1731427,2022-11-19,Hybrid,East
5752,3800,Harrier,191,2301943,2023-11-06,Diesel,East
5753,2856,City,73,1491112,2024-04-25,CNG,West
5754,2214,Creta,15,2876068,2022-03-31,Hybrid,Central
5755,2752,Swift,98,1724965,2022-05-11,Petrol,East
5756,3610,Creta,63,1961636,2023-10-24,Diesel,West
5757,4875,Alto,19,1823460,2022-02-27,Hybrid,North
5758,2104,Harrier,113,432286,2024-09-20,Hybrid,East
5759,3536,Seltos,63,1404733,2022-07-09,Petrol,East
5760,1894,Swift,116,2662527,2024-08-16,Diesel,North
5761,2111,i20,184,2190609,2022-03-17,CNG,South
5762,4265,Baleno,21,2669273,2023-01-06,Petrol,Central
5763,1103,Creta,162,743045,2024-06-17,Hybrid,North
5764,4854,Seltos,145,1789706,2024-04-30,CNG,North
5765,4167,i20,146,2566878,2023-05-21,Hybrid,North
5766,4494,i20,81,778486,2022-07-02,Petrol,South
5767,2914,Harrier,66,1622509,2022-06-03,Diesel,North
5768,4269,Alto,179,590586,2024-06-21,CNG,South
5769,4072,Harrier,65,866204,2023-06-10,Petrol,Central
5770,2006,Baleno,43,2882541,2023-08-29,Petrol,South
5771,1406,Swift,57,2763256,2024-05-28,CNG,Central
5772,2401,City,138,701746,2022-12-05,Diesel,Central
5773,1166,XUV700,37,1937513,2023-06-02,Hybrid,Central
5774,1508,Swift,176,2114500,2023-02-11,CNG,West
5775,2661,Baleno,120,2240099,2022-05-18,Petrol,Central
5776,3360,City,69,2035199,2022-12-07,CNG,South
5777,4664,i20,56,1872311,2023-06-26,CNG,West
5778,4489,Swift,119,2560716,2022-08-13,Diesel,North
5779,1762,City,164,1577833,2022-09-18,Diesel,North
5780,1680,Creta,159,2612669,2023-11-28,Hybrid,East
5781,3524,Harrier,55,2077795,2024-03-21,CNG,Central
5782,3120,XUV700,38,1382479,2023-04-18,Diesel,East
5783,2164,Seltos,15,1899406,2022-03-18,Diesel,Central
5784,1581,Creta,144,2487543,2022-09-19,Petrol,Central
5785,1261,Swift,77,2782370,2024-10-22,Diesel,South
5786,2363,Ertiga,53,917103,2022-01-17,CNG,South
5787,2331,City,184,1465136,2022-12-10,CNG,North
5788,3292,i20,7,1622322,2024-07-28,Petrol,West
5789,2538,i20,185,2096380,2023-11-25,Petrol,North
5790,4408,Ertiga,55,2667162,2024-04-25,Petrol,Central
5791,4646,Swift,52,1746111,2024-10-27,CNG,West
5792,1560,i20,4,1271130,2022-09-03,CNG,East
5793,2099,Alto,43,1824600,2024-09-12,Hybrid,Central
5794,2903,i20,40,1567016,2022-06-23,Diesel,South
5795,1174,XUV700,121,2391316,2024-04-25,Petrol,North
5796,3156,Alto,30,2927501,2023-11-24,Diesel,North
5797,3230,Baleno,138,1132275,2024-10-05,Diesel,East
5798,1191,Baleno,103,1518867,2022-10-08,Hybrid,North
5799,1064,City,7,2545883,2024-09-16,CNG,North
5800,4920,Alto,164,2287830,2022-08-25,Diesel,West
5801,4010,Creta,163,2276874,2022-06-06,Petrol,Central
5802,2497,City,167,2187731,2024-10-19,Petrol,West
5803,4854,Creta,164,2331799,2022-12-04,CNG,West
5804,4171,XUV700,109,2213028,2022-12-03,CNG,North
5805,2567,Harrier,20,2432122,2024-02-10,CNG,Central
5806,3911,Swift,49,1653783,2023-05-10,Petrol,North
5807,2151,Alto,96,2453390,2023-07-01,CNG,North
5808,4523,Ertiga,59,801931,2022-06-10,Hybrid,West
5809,2937,Seltos,177,1405037,2023-08-28,Hybrid,South
5810,1368,Swift,90,849118,2023-01-22,Petrol,South
5811,1850,XUV700,26,1549930,2024-09-14,Hybrid,West
5812,1042,Alto,36,1799732,2022-08-22,Diesel,West
5813,2907,Baleno,171,2799976,2023-12-12,CNG,North
5814,4490,Swift,126,785351,2023-04-04,Hybrid,Central
5815,3535,Creta,43,459179,2023-02-17,CNG,North
5816,1077,Ertiga,99,1286045,2022-03-13,Hybrid,North
5817,3873,Swift,33,702114,2023-01-13,CNG,East
5818,2824,Seltos,100,2439316,2023-11-13,Petrol,North
5819,2293,XUV700,97,404718,2024-04-13,Diesel,Central
5820,1673,XUV700,173,2917479,2022-05-31,CNG,North
5821,1700,City,45,1356222,2023-12-21,Diesel,West
5822,1758,XUV700,88,2835065,2022-05-10,CNG,Central
5823,2923,City,143,2638950,2023-02-10,Petrol,West
5824,3775,XUV700,95,1185931,2023-06-20,Diesel,East
5825,4386,Seltos,17,941427,2022-07-16,Hybrid,East
5826,3972,XUV700,140,1710705,2024-07-05,Diesel,Central
5827,4922,Ertiga,22,2616956,2022-10-01,CNG,South
5828,1901,Harrier,151,969070,2022-05-13,Diesel,South
5829,3936,Baleno,90,2719963,2022-09-21,Petrol,Central
5830,1992,Ertiga,78,2466242,2023-01-02,Diesel,Central
5831,2191,XUV700,140,1779854,2024-04-04,Diesel,West
5832,3386,Alto,114,1692821,2022-01-05,Diesel,East
5833,3240,Creta,68,2252021,2022-09-26,Hybrid,Central
5834,2476,Harrier,110,640734,2024-04-30,Diesel,North
5835,3330,Baleno,179,1419326,2024-01-03,CNG,West
5836,4407,Creta,125,2673098,2022-03-10,CNG,East
5837,1389,Ertiga,141,1357701,2024-03-10,Diesel,West
5838,1999,Seltos,57,933384,2022-12-24,Diesel,East
5839,1524,Seltos,55,891471,2022-11-21,Hybrid,North
5840,4311,Creta,82,2046397,2024-01-21,Petrol,East
5841,2855,Alto,107,1410405,2022-09-13,CNG,West
5842,2506,Creta,156,2349803,2023-02-23,Hybrid,East
5843,1658,Ertiga,102,2719724,2022-07-30,CNG,West
5844,3763,Creta,172,684026,2024-06-29,CNG,Central
5845,4663,Baleno,147,1862431,2023-08-07,Diesel,North
5846,1890,Alto,174,1817480,2023-07-31,CNG,West
5847,4626,i20,111,2657694,2022-06-15,Petrol,South
5848,2481,Swift,107,2404268,2022-08-02,Petrol,South
5849,4160,i20,102,2792671,2023-06-13,Petrol,East
5850,4731,City,3,2830506,2022-01-03,Hybrid,Central
5851,4166,Creta,148,1077632,2024-06-13,Petrol,Central
5852,1451,Seltos,25,1799996,2024-06-14,Petrol,South
5853,3475,i20,75,2663386,2022-02-21,CNG,East
5854,4222,XUV700,184,2442667,2023-03-13,Hybrid,Central
5855,2537,Ertiga,61,2046470,2024-10-18,Diesel,Central
5856,4447,i20,123,1871264,2022-04-04,Hybrid,East
5857,4093,Harrier,55,2558553,2023-08-10,Hybrid,West
5858,1882,Alto,163,1769555,2023-08-26,Diesel,South
5859,1312,Ertiga,187,2816232,2022-03-27,Diesel,Central
5860,1839,Seltos,39,2452598,2023-06-02,Diesel,West
5861,3566,City,185,2659742,2024-01-12,CNG,West
5862,4277,i20,83,1664583,2023-03-06,CNG,West
5863,1374,Alto,195,585534,2024-05-12,CNG,West
5864,1450,Swift,34,1313878,2024-04-08,Petrol,North
5865,4697,Alto,113,1839064,2022-02-12,Diesel,North
5866,4855,Alto,169,2400896,2023-02-08,CNG,East
5867,4062,Ertiga,150,1247981,2022-06-18,CNG,South
5868,1594,Swift,27,2453969,2022-07-22,Hybrid,East
5869,4250,Alto,149,1317266,2023-12-07,CNG,North
5870,2233,Harrier,169,2235901,2023-06-27,Diesel,East
5871,1499,i20,31,1048255,2022-04-12,Diesel,East
5872,1463,i20,155,1804980,2022-12-12,Petrol,West
5873,4911,Harrier,165,1213317,2023-08-26,Petrol,Central
5874,4195,i20,194,1462189,2023-03-18,Hybrid,North
5875,1112,Alto,182,2445932,2022-09-07,Petrol,North
5876,2035,City,137,1585735,2024-05-27,Diesel,East
5877,4197,Alto,83,1877493,2023-11-02,Petrol,Central
5878,4636,Ertiga,170,1467241,2022-09-05,Petrol,East
5879,3378,XUV700,164,1030856,2023-10-14,CNG,South
5880,2924,City,10,2203620,2024-06-19,Diesel,North
5881,4354,Seltos,187,691766,2022-04-01,Hybrid,West
5882,1139,Seltos,40,1806554,2023-07-22,Petrol,West
5883,2424,City,54,1490565,2023-07-02,Petrol,West
5884,3949,Alto,167,1920492,2022-03-21,Hybrid,North
5885,4168,Creta,135,1993027,2024-07-22,Hybrid,North
5886,1516,XUV700,4,471637,2024-09-07,Diesel,West
5887,3616,Harrier,143,1158618,2024-05-19,Hybrid,North
5888,2947,Alto,176,655972,2022-06-18,Petrol,West
5889,3893,City,6,2470337,2023-09-16,Diesel,South
5890,4140,Creta,73,1946376,2023-01-14,Diesel,South
5891,3165,Alto,163,2268554,2022-07-13,Hybrid,South
5892,1887,Creta,199,1583123,2022-09-21,Diesel,East
5893,4130,City,196,994547,2023-06-05,Petrol,East
5894,4104,Alto,58,1541965,2024-07-07,Petrol,Central
5895,2341,Swift,77,2964505,2023-04-24,Petrol,Central
5896,1049,i20,19,727461,2023-07-28,Diesel,Central
5897,4951,City,62,2169053,2024-04-22,Hybrid,South
5898,4560,Seltos,71,2842275,2024-06-14,Petrol,South
5899,1018,Seltos,138,1831781,2023-06-01,CNG,South
5900,1725,XUV700,25,653154,2024-10-20,Hybrid,North
5901,3244,Baleno,172,1317174,2024-06-14,Diesel,North
5902,4962,Seltos,127,1434501,2023-04-10,Petrol,South
5903,2473,Baleno,58,1642242,2023-09-05,Diesel,West
5904,3606,Swift,153,1138880,2023-08-28,Petrol,Central
5905,4750,City,120,1409268,2023-09-13,Diesel,East
5906,1451,Creta,111,1621905,2024-09-26,CNG,Central
5907,3336,XUV700,168,610582,2023-07-09,Diesel,West
5908,2164,i20,76,1039327,2022-05-16,Diesel,North
5909,2107,Harrier,70,1393663,2022-11-26,Diesel,South
5910,4765,Baleno,138,1520581,2024-08-12,Petrol,North
5911,3438,i20,66,509009,2023-01-30,Hybrid,North
5912,4662,XUV700,120,2041566,2022-06-05,Diesel,West
5913,1214,XUV700,153,2564897,2024-05-19,Hybrid,North
5914,2549,Seltos,199,2648474,2023-06-22,Petrol,North
5915,3262,i20,87,1276899,2023-10-30,Diesel,Central
5916,4474,Alto,139,2609007,2022-09-01,Petrol,Central
5917,1127,Ertiga,122,2443817,2023-07-01,Hybrid,West
5918,2845,XUV700,164,1873097,2023-03-26,Petrol,South
5919,4548,Baleno,49,1120678,2022-10-05,Petrol,Central
5920,1759,Harrier,48,2168173,2024-01-24,Hybrid,North
5921,3451,Harrier,115,2055974,2023-02-10,Petrol,East
5922,4100,Swift,87,1632010,2024-02-10,Hybrid,Central
5923,2815,Swift,7,803312,2024-01-19,Hybrid,East
5924,3385,Seltos,77,652138,2024-02-11,Diesel,South
5925,3878,Alto,179,2572916,2022-08-26,Diesel,North
5926,3761,Seltos,145,1889173,2022-07-20,Petrol,Central
5927,1360,Harrier,160,615555,2024-01-16,Petrol,South
5928,1568,Creta,154,2448269,2022-08-20,Petrol,West
5929,2415,Harrier,121,1487963,2023-12-25,CNG,South
5930,3265,XUV700,124,2977935,2023-12-26,CNG,West
5931,2597,i20,150,1523231,2022-03-28,Diesel,West
5932,2692,i20,141,2030271,2023-12-04,Hybrid,Central
5933,1201,XUV700,125,2955630,2024-03-30,CNG,East
5934,3064,XUV700,12,1756815,2022-02-23,CNG,West
5935,3369,Harrier,71,503748,2024-01-12,Hybrid,North
5936,1517,i20,1,2747915,2023-11-25,Petrol,Central
5937,4641,i20,161,2239196,2023-03-12,Petrol,West
5938,2348,City,119,1265028,2023-08-17,CNG,Central
5939,2435,i20,142,2424233,2023-03-18,CNG,North
5940,2341,XUV700,111,1065593,2022-06-16,Hybrid,Central
5941,1680,Swift,64,665232,2023-07-20,Hybrid,Central
5942,2988,Alto,43,2760942,2022-03-14,CNG,West
5943,4153,Creta,186,1592775,2023-12-26,Hybrid,South
5944,4545,XUV700,41,2136551,2024-08-05,Petrol,Central
5945,2491,i20,196,1201885,2022-09-27,Diesel,West
5946,1424,Baleno,115,1399951,2022-08-07,CNG,North
5947,2968,Harrier,39,858216,2023-07-01,Diesel,North
5948,4802,Harrier,1,1793807,2022-11-04,Hybrid,South
5949,2712,Alto,41,2297001,2023-02-25,Diesel,North
5950,4275,XUV700,173,584834,2024-04-28,CNG,West
5951,4654,Alto,88,612886,2024-06-04,Hybrid,South
5952,4066,Swift,98,657493,2023-04-07,Diesel,West
5953,3434,Ertiga,88,2583544,2023-08-08,Petrol,South
5954,1777,Seltos,79,2126124,2024-07-04,CNG,South
5955,3145,Baleno,141,2563171,2022-02-07,CNG,West
5956,4416,Seltos,71,1973315,2023-03-02,CNG,South
5957,2826,Ertiga,137,1321573,2023-03-10,CNG,West
5958,1207,Baleno,191,2299282,2022-07-24,Hybrid,North
5959,2537,Seltos,99,1593034,2023-12-06,Petrol,North
5960,2659,Baleno,151,680301,2024-01-12,Petrol,Central
5961,4863,Alto,182,2453622,2022-02-09,Diesel,East
5962,3633,Creta,175,474726,2024-04-20,CNG,East
5963,3213,City,167,1030004,2024-06-24,CNG,North
5964,1021,Baleno,87,2450065,2022-06-17,Diesel,Central
5965,1153,Ertiga,154,2407437,2023-10-04,Hybrid,East
5966,2962,Alto,1,2643153,2023-11-18,Petrol,West
5967,4510,City,142,2077500,2023-08-23,CNG,West
5968,4366,Alto,112,670057,2022-04-12,Diesel,South
5969,1218,Swift,74,868747,2024-01-30,Petrol,East
5970,1668,i20,65,533018,2023-12-19,Diesel,West
5971,2518,Harrier,69,2729943,2022-03-30,Diesel,East
5972,3277,Swift,67,1646578,2022-12-11,Hybrid,South
5973,3067,Ertiga,177,513388,2024-03-10,Petrol,North
5974,3600,XUV700,50,467957,2023-08-31,CNG,Central
5975,1949,XUV700,58,747983,2022-06-08,Petrol,South
5976,3195,Harrier,53,2909835,2023-06-20,Hybrid,South
5977,4179,Alto,91,2734558,2022-06-12,CNG,South
5978,1402,Creta,115,1079864,2022-10-13,Petrol,Central
5979,1595,Ertiga,118,607588,2024-05-14,Hybrid,West
5980,4554,Harrier,57,1188276,2022-02-24,CNG,East
5981,3414,City,86,1139783,2023-07-30,CNG,North
5982,4905,City,18,943737,2022-02-02,Diesel,North
5983,2437,XUV700,16,2223699,2023-07-12,Diesel,Central
5984,4380,i20,130,1049586,2024-01-01,Hybrid,North
5985,3849,Alto,13,2183331,2024-09-19,CNG,Central
5986,3965,XUV700,173,1246572,2024-03-11,Petrol,Central
5987,4906,Creta,80,687506,2022-07-15,CNG,East
5988,2157,Harrier,43,1083303,2023-03-24,Hybrid,East
5989,2742,Baleno,54,762895,2024-07-13,Petrol,Central
5990,2306,Creta,159,632505,2022-04-02,CNG,East
5991,4849,Baleno,137,2941418,2023-08-31,Petrol,West
5992,1072,Alto,73,619683,2022-10-13,Diesel,South
5993,1480,Harrier,48,1739455,2024-05-23,Petrol,North
5994,4423,City,18,539082,2022-04-12,Diesel,North
5995,1559,City,11,489359,2022-05-20,Petrol,North
5996,4397,Swift,190,1923728,2024-04-14,Diesel,North
5997,1744,City,84,1227159,2022-09-23,Hybrid,West
5998,2466,Ertiga,19,414787,2023-07-27,Petrol,West
5999,1099,Swift,100,779854,2023-06-19,CNG,South
6000,2082,Swift,116,1560065,2023-06-07,Hybrid,Central
6001,3555,City,90,544375,2022-01-16,Hybrid,East
6002,3305,XUV700,74,597874,2023-07-15,Petrol,South
6003,1412,i20,24,498782,2024-05-27,Hybrid,North
6004,4523,i20,13,715592,2022-12-02,Diesel,East
6005,2088,Ertiga,125,1192500,2024-06-28,Diesel,South
6006,3642,Seltos,116,2616114,2022-06-19,Petrol,North
6007,2177,XUV700,174,937028,2024-07-01,Hybrid,South
6008,3008,Seltos,181,1799053,2022-04-29,CNG,North
6009,3313,Baleno,157,1063151,2024-10-09,Petrol,North
6010,1820,XUV700,164,1100408,2022-01-10,Petrol,West
6011,4150,Harrier,71,2921063,2023-03-06,Hybrid,North
6012,4386,Seltos,126,2403521,2022-02-18,Diesel,South
6013,1661,Ertiga,145,1711057,2022-07-26,Hybrid,East
6014,3994,Ertiga,176,884188,2023-05-29,CNG,West
6015,1559,XUV700,152,980340,2022-02-06,CNG,East
6016,3964,Swift,182,1155667,2022-08-06,CNG,Central
6017,3938,Harrier,119,925759,2022-06-29,CNG,East
6018,2271,Alto,91,1963207,2022-05-10,Petrol,Central
6019,2813,Harrier,85,975482,2023-09-03,CNG,Central
6020,3915,Ertiga,108,1410736,2023-10-21,CNG,West
6021,1609,Baleno,127,865241,2022-12-25,CNG,East
6022,3461,Seltos,121,1637693,2023-09-19,Hybrid,North
6023,1024,Seltos,129,2616228,2024-10-24,Diesel,West
6024,3028,Baleno,195,2296096,2023-05-21,Diesel,West
6025,1283,Creta,6,868117,2024-03-28,Diesel,North
6026,2472,XUV700,78,2764960,2024-03-04,CNG,East
6027,3928,Ertiga,183,488859,2024-04-18,Hybrid,West
6028,1300,i20,38,1568381,2023-09-15,Petrol,Central
6029,2091,City,161,798595,2023-09-21,Hybrid,North
6030,2030,Baleno,116,2433740,2022-04-07,Petrol,South
6031,1816,Baleno,102,536063,2024-03-29,Hybrid,West
6032,4208,Harrier,8,1914122,2023-08-22,Diesel,Central
6033,4235,XUV700,78,2351142,2024-07-22,Diesel,East
6034,1082,XUV700,112,2069513,2023-03-05,CNG,East
6035,2920,i20,148,1017801,2023-06-27,Diesel,North
6036,4721,City,55,690503,2023-01-02,Diesel,Central
6037,4491,XUV700,48,2614212,2022-02-21,Diesel,North
6038,4144,Swift,184,1891094,2023-07-18,Hybrid,West
6039,4308,Ertiga,88,2585211,2023-05-14,Diesel,North
6040,3093,Swift,10,1652383,2024-09-03,Petrol,South
6041,1617,Creta,52,1402307,2022-11-19,CNG,North
6042,3975,Ertiga,178,807349,2023-07-10,Hybrid,North
6043,4871,Alto,34,2712763,2022-08-07,Petrol,West
6044,3309,Ertiga,164,1054932,2023-06-18,Hybrid,Central
6045,1175,Ertiga,61,1994735,2023-10-04,Diesel,South
6046,2189,i20,144,1323727,2023-06-03,Hybrid,North
6047,3704,Swift,79,2249205,2022-02-13,Hybrid,West
6048,1841,City,18,2572075,2022-03-06,CNG,West
6049,1369,Harrier,71,1026945,2022-09-03,Hybrid,West
6050,2818,i20,175,1016726,2024-09-13,Hybrid,Central
6051,3101,Ertiga,86,2446455,2022-06-07,CNG,North
6052,1689,Harrier,32,763053,2024-07-26,Hybrid,East
6053,4490,Seltos,43,762986,2024-04-04,Hybrid,South
6054,2779,Harrier,83,741576,2022-06-09,Petrol,East
6055,4578,Baleno,168,2251206,2024-03-28,Petrol,Central
6056,2364,i20,193,1941456,2024-10-01,Hybrid,North
6057,4198,i20,163,1934472,2022-03-16,Hybrid,East
6058,2432,Baleno,69,2974661,2022-05-18,Diesel,East
6059,4995,Seltos,50,811731,2023-04-24,Petrol,East
6060,1366,XUV700,12,1817033,2023-07-07,Diesel,South
6061,4342,XUV700,85,1208459,2023-01-22,Hybrid,North
6062,1643,XUV700,123,2248800,2023-04-17,Diesel,West
6063,4676,XUV700,58,655519,2022-11-05,Diesel,North
6064,3426,Swift,83,2840609,2024-06-05,CNG,East
6065,1072,Baleno,191,2712511,2023-12-02,CNG,North
6066,4994,Seltos,177,889775,2024-09-26,Hybrid,West
6067,4993,Ertiga,112,2348337,2024-08-09,Petrol,South
6068,3962,Creta,128,1079025,2024-02-25,Hybrid,North
6069,2271,i20,36,2790422,2022-11-01,Petrol,North
6070,1859,Harrier,54,1146732,2022-04-12,CNG,South
6071,4856,XUV700,47,761781,2024-02-14,Petrol,South
6072,1042,Harrier,115,527208,2023-07-26,Diesel,East
6073,3424,Creta,160,1428644,2022-05-28,Diesel,East
6074,2064,i20,124,2156172,2023-08-20,CNG,South
6075,3217,Alto,181,1643631,2024-09-04,Hybrid,West
6076,3259,City,160,1484731,2023-05-14,Petrol,East
6077,2516,Seltos,190,1414607,2022-06-04,Hybrid,West
6078,4751,Swift,165,1683053,2022-08-18,Petrol,South
6079,3086,Harrier,96,744705,2022-06-07,CNG,North
6080,1368,XUV700,107,525183,2024-07-11,Diesel,South
6081,3804,Baleno,120,1481784,2023-07-22,Diesel,South
6082,1150,Harrier,101,2514674,2022-10-26,Petrol,Central
6083,2134,i20,103,2915858,2024-02-05,Hybrid,South
6084,2503,Alto,166,1093371,2023-07-19,CNG,East
6085,2459,Seltos,158,2401151,2023-04-12,CNG,North
6086,2070,Baleno,186,2938122,2023-05-01,Hybrid,West
6087,2023,City,32,414040,2023-03-20,Diesel,Central
6088,2598,i20,66,1324550,2024-06-23,Hybrid,East
6089,3784,Alto,179,2929742,2024-05-12,Diesel,North
6090,3040,Baleno,11,746142,2024-07-14,Petrol,West
6091,2389,City,187,1684055,2022-10-19,CNG,North
6092,1068,Harrier,148,2583222,2024-01-22,Petrol,East
6093,3346,i20,37,1090328,2024-05-24,Hybrid,North
6094,1943,Ertiga,102,1242013,2023-10-25,Hybrid,South
6095,1801,City,49,2865827,2024-07-08,Petrol,North
6096,3343,Alto,19,2413069,2024-06-27,Hybrid,South
6097,3250,Ertiga,183,598554,2022-05-04,Hybrid,East
6098,1060,Ertiga,168,2083711,2022-03-09,Hybrid,Central
6099,1945,Swift,7,451377,2023-04-20,CNG,South
6100,4010,Alto,133,1348298,2022-12-24,CNG,North
6101,4901,Ertiga,42,2980448,2023-06-05,Diesel,North
6102,2337,Harrier,88,2161739,2024-04-12,CNG,North
6103,2184,i20,176,2355799,2023-09-16,Petrol,East
6104,1330,i20,135,1330993,2023-03-03,Petrol,West
6105,2551,Harrier,11,2547709,2024-10-05,CNG,North
6106,1337,Swift,177,2427519,2023-03-19,Petrol,North
6107,2629,Seltos,158,684618,2023-08-24,Hybrid,South
6108,2327,Swift,41,1139316,2024-02-01,CNG,Central
6109,2526,i20,3,1634834,2024-08-12,Diesel,North
6110,2673,Seltos,40,1089872,2023-05-02,Diesel,East
6111,2361,Swift,51,2311719,2024-01-09,CNG,West
6112,2573,Ertiga,32,902070,2023-10-10,Petrol,West
6113,3686,Seltos,48,1818447,2024-06-14,CNG,West
6114,1274,i20,71,401177,2022-01-05,CNG,East
6115,2187,Harrier,199,1973625,2023-09-24,Diesel,West
6116,4514,XUV700,148,1717178,2024-05-26,Hybrid,West
6117,3366,Ertiga,89,852914,2024-09-12,Hybrid,South
6118,3636,Ertiga,109,2814071,2022-01-26,CNG,West
6119,3551,XUV700,35,1109226,2022-06-11,Diesel,South
6120,4757,City,108,1599758,2024-01-15,Diesel,South
6121,3434,Creta,152,2474119,2023-06-17,CNG,South
6122,2993,Baleno,40,1542365,2024-06-01,CNG,East
6123,1869,Alto,52,2885344,2023-02-14,CNG,North
6124,3880,Swift,112,2427526,2024-05-04,Hybrid,Central
6125,2014,Creta,39,1521291,2024-06-19,CNG,West
6126,2911,Swift,68,2249857,2022-01-09,Diesel,Central
6127,1602,Creta,189,1256412,2022-02-19,CNG,North
6128,4821,Seltos,76,1883782,2023-03-18,Diesel,South
6129,2799,Harrier,65,2819162,2022-02-05,Diesel,South
6130,1690,Alto,62,1920139,2022-04-28,Petrol,South
6131,1493,Alto,2,2169033,2023-12-03,Diesel,South
6132,1489,Swift,134,1000296,2024-01-24,Petrol,West
6133,3768,XUV700,122,665245,2022-08-18,CNG,North
6134,4144,Seltos,75,1213422,2023-07-14,Petrol,North
6135,3556,City,171,2992569,2022-07-27,Hybrid,North
6136,1389,Alto,40,1745331,2022-08-27,Hybrid,Central
6137,4690,Baleno,89,1378999,2024-05-16,Hybrid,South
6138,4928,Swift,167,496265,2022-02-17,CNG,East
6139,1294,Ertiga,28,656146,2024-01-27,Diesel,North
6140,2392,Baleno,80,1412075,2023-06-01,Hybrid,Central
6141,3843,i20,63,1498463,2022-07-24,Petrol,West
6142,3912,Swift,192,510083,2022-03-31,CNG,South
6143,2717,Swift,140,1236960,2023-05-15,CNG,Central
6144,3596,Ertiga,41,2321647,2022-01-07,Petrol,East
6145,1648,Seltos,29,2579776,2022-11-18,Petrol,East
6146,2873,Ertiga,23,2304268,2022-09-25,CNG,West
6147,1567,Alto,80,1817213,2022-10-23,CNG,North
6148,4258,Harrier,51,2518795,2023-07-24,Diesel,North
6149,3900,Swift,112,1508828,2022-09-21,CNG,Central
6150,3817,i20,105,2850876,2022-03-31,Petrol,Central
6151,1444,XUV700,45,541406,2024-05-02,CNG,North
6152,4641,Swift,90,2596008,2023-05-03,CNG,North
6153,1362,Ertiga,150,1973416,2023-02-05,Petrol,Central
6154,3170,Creta,138,2112759,2022-12-23,Diesel,South
6155,2211,Swift,135,925148,2024-01-25,CNG,East
6156,1741,Swift,89,400290,2023-05-14,Hybrid,East
6157,3041,i20,15,1228849,2024-04-13,Hybrid,West
6158,1679,i20,77,799086,2023-03-11,Petrol,East
6159,3467,Swift,106,433397,2022-04-29,Petrol,Central
6160,4697,Creta,174,505311,2024-10-19,Petrol,South
6161,4323,Harrier,90,1683895,2022-12-14,Hybrid,Central
6162,2642,City,87,1039450,2023-06-23,Petrol,North
6163,2572,Creta,61,2463881,2023-06-14,Hybrid,North
6164,2358,Creta,108,2304624,2022-10-30,Diesel,East
6165,3139,Creta,61,478508,2022-07-21,Petrol,South
6166,4601,Harrier,51,467296,2022-06-05,CNG,West
6167,4937,Seltos,166,1657350,2022-01-14,Diesel,Central
6168,1062,Seltos,12,1124294,2024-01-26,Hybrid,West
6169,4733,Creta,77,2331169,2024-06-07,Petrol,West
6170,3559,City,112,2151634,2023-03-21,CNG,West
6171,2162,Ertiga,66,1655699,2022-05-02,Hybrid,West
6172,4769,Baleno,182,2163672,2022-07-03,Diesel,Central
6173,4256,Seltos,167,1197039,2023-11-02,CNG,North
6174,2228,XUV700,167,692150,2022-02-18,Diesel,Central
6175,3819,i20,115,740698,2022-06-30,Petrol,North
6176,4285,Harrier,30,2179288,2022-05-21,CNG,North
6177,1255,Harrier,105,1337998,2023-06-14,Petrol,Central
6178,1134,Baleno,176,2700591,2023-08-07,Hybrid,Central
6179,4644,Seltos,31,2478064,2023-04-16,Hybrid,Central
6180,1874,City,153,1126480,2022-05-23,Diesel,North
6181,1821,City,196,1091919,2023-12-08,Petrol,Central
6182,3135,i20,179,2125401,2022-10-21,Petrol,South
6183,4907,Creta,13,2842049,2023-02-26,CNG,East
6184,4035,Ertiga,191,1954794,2023-07-18,Hybrid,East
6185,4278,Seltos,128,1983054,2023-02-21,Petrol,South
6186,4200,City,170,2560546,2023-10-23,Petrol,East
6187,1822,Baleno,182,1913588,2024-07-01,Petrol,North
6188,4074,i20,101,2908927,2022-02-28,Hybrid,Central
6189,1973,Swift,67,682701,2024-10-12,Hybrid,Central
6190,3981,i20,80,2934149,2022-09-15,Hybrid,Central
6191,2777,City,184,2718677,2024-03-03,Diesel,South
6192,1120,Swift,103,2751099,2023-06-15,Hybrid,South
6193,4456,XUV700,19,1299648,2022-06-15,Hybrid,North
6194,2637,Alto,174,2501768,2022-01-04,Hybrid,South
6195,4109,i20,143,1089123,2022-01-03,CNG,Central
6196,2364,Baleno,32,883513,2023-02-22,CNG,North
6197,2007,Baleno,177,1086230,2022-12-28,Petrol,North
6198,1924,Ertiga,149,2767217,2024-06-24,CNG,Central
6199,1644,Creta,65,1752762,2023-01-04,Diesel,West
6200,3032,i20,198,2024073,2023-06-23,Diesel,Central
6201,3761,City,27,2172376,2024-05-29,Petrol,North
6202,3907,Alto,151,640763,2022-12-12,Petrol,West
6203,3068,Seltos,47,1764323,2024-01-01,Diesel,Central
6204,1241,City,12,2541529,2024-06-15,Diesel,Central
6205,3502,Baleno,85,1726503,2023-12-25,Diesel,West
6206,4010,XUV700,66,1719235,2023-07-18,Petrol,West
6207,3668,City,133,2317858,2022-07-21,Diesel,East
6208,3350,Harrier,137,1807496,2022-11-17,Petrol,West
6209,2619,Baleno,148,745508,2023-04-09,Diesel,South
6210,4666,i20,110,510532,2024-10-31,Diesel,West
6211,1802,XUV700,82,621586,2023-09-25,CNG,North
6212,1963,Harrier,125,1993800,2022-11-29,Diesel,West
6213,1068,Swift,63,2893466,2022-01-15,Petrol,Central
6214,2152,Alto,72,2947640,2022-08-18,Diesel,South
6215,1195,Baleno,98,2619195,2022-01-11,Hybrid,West
6216,3187,i20,73,2941707,2023-06-26,CNG,South
6217,4515,Harrier,71,1401992,2023-06-06,Diesel,East
6218,3330,Harrier,30,2770281,2024-02-06,Diesel,South
6219,3359,Creta,125,539355,2023-10-03,Hybrid,Central
6220,1745,Harrier,16,519635,2023-07-24,Hybrid,East
6221,4606,Alto,133,2281331,2023-02-09,Hybrid,West
6222,2688,XUV700,157,1256730,2023-12-08,Hybrid,South
6223,1276,XUV700,47,1810777,2024-07-17,Hybrid,East
6224,1060,Harrier,101,1977918,2023-08-16,Hybrid,West
6225,4390,i20,107,609884,2022-07-05,Diesel,West
6226,2913,Baleno,126,2044181,2024-06-13,Petrol,South
6227,3099,i20,22,1727191,2022-03-20,Diesel,South
6228,4927,Ertiga,185,2360030,2022-05-25,Diesel,East
6229,3200,Baleno,83,1948838,2022-01-14,Diesel,South
6230,2772,Swift,163,2158261,2022-01-02,CNG,West
6231,2334,Alto,60,2261535,2023-05-31,Petrol,Central
6232,2837,i20,198,1753970,2024-01-26,Petrol,East
6233,3591,Creta,188,1568493,2022-03-07,CNG,Central
6234,1566,XUV700,58,1198461,2022-09-03,Petrol,Central
6235,4935,Harrier,3,441583,2023-07-26,CNG,West
6236,4460,Baleno,162,2337069,2023-03-12,Diesel,Central
6237,2571,Harrier,45,2862396,2022-12-19,Petrol,North
6238,1621,Swift,50,1943388,2023-11-10,Diesel,East
6239,3025,Ertiga,2,862584,2023-01-18,Hybrid,West
6240,2200,Harrier,15,1516723,2023-04-15,Diesel,South
6241,4433,i20,165,2949704,2022-03-15,Petrol,West
6242,1313,Baleno,143,2852421,2022-01-26,Diesel,South
6243,3854,Creta,188,1525180,2024-04-14,Diesel,West
6244,3895,Swift,96,2553070,2023-09-20,CNG,North
6245,3144,City,85,784369,2024-02-13,Petrol,East
6246,3928,Alto,192,1447048,2024-10-05,Diesel,Central
6247,2236,Ertiga,111,993170,2022-09-23,CNG,West
6248,3876,i20,180,447259,2023-07-04,Petrol,East
6249,1136,Alto,23,1967769,2022-03-18,Hybrid,East
6250,2029,Creta,99,905765,2024-10-10,Diesel,East
6251,4058,Alto,37,2245543,2023-03-23,Diesel,East
6252,3156,XUV700,107,1335448,2023-05-21,Diesel,East
6253,3594,Baleno,41,1035765,2024-09-22,Diesel,Central
6254,4110,Alto,57,600772,2024-05-19,Diesel,Central
6255,1661,i20,97,2985926,2022-10-26,Hybrid,West
6256,3472,City,25,674582,2024-01-04,Hybrid,South
6257,3677,XUV700,110,2823640,2022-06-06,Petrol,West
6258,3308,XUV700,37,619712,2022-12-08,Petrol,East
6259,4497,Alto,40,1375509,2024-08-31,CNG,South
6260,1086,Ertiga,85,2567540,2024-06-12,CNG,West
6261,3512,Seltos,46,2820379,2024-07-05,CNG,South
6262,3123,Ertiga,188,2097229,2022-11-10,Hybrid,Central
6263,3518,Harrier,102,1391072,2023-04-20,Petrol,East
6264,3461,i20,98,1659459,2023-08-20,Petrol,South
6265,3872,Seltos,19,549865,2023-09-28,Hybrid,North
6266,3942,Baleno,91,1664102,2023-03-21,Petrol,East
6267,3773,XUV700,137,2568287,2023-02-21,Diesel,Central
6268,3504,i20,69,2117376,2023-03-15,Petrol,Central
6269,2308,Creta,5,1820064,2022-06-14,Petrol,West
6270,4310,Harrier,154,1759898,2023-02-24,Diesel,North
6271,2700,City,147,2698921,2024-09-14,CNG,South
6272,4670,Harrier,158,2971846,2023-04-27,CNG,West
6273,3700,i20,48,779928,2023-06-01,CNG,Central
6274,3719,Baleno,112,1880161,2022-03-23,Hybrid,South
6275,4629,XUV700,144,1069544,2022-04-29,Diesel,Central
6276,4443,Swift,199,1688459,2022-01-28,Diesel,Central
6277,1494,Swift,18,1913566,2024-02-20,Hybrid,North
6278,2647,i20,184,2878474,2023-05-13,Diesel,East
6279,2942,Alto,149,2117092,2023-06-21,Petrol,South
6280,2068,Ertiga,31,2892779,2023-06-03,CNG,North
6281,2424,Harrier,129,677818,2022-07-13,Diesel,Central
6282,4318,Baleno,131,1325812,2023-08-15,Diesel,Central
6283,4687,Harrier,25,1418645,2023-03-18,CNG,North
6284,1596,Creta,8,924864,2022-09-15,Hybrid,South
6285,1449,Swift,193,2642865,2022-04-23,CNG,Central
6286,1484,XUV700,62,1669475,2022-01-14,Hybrid,South
6287,1645,Creta,135,1424199,2024-06-29,Hybrid,North
6288,3667,XUV700,7,713051,2022-05-20,Petrol,Central
6289,4089,Harrier,136,834355,2023-11-28,CNG,West
6290,2629,Baleno,19,2057189,2024-05-19,Diesel,West
6291,1661,Swift,145,1112675,2022-07-08,Hybrid,Central
6292,1757,Harrier,139,493435,2022-03-23,Petrol,East
6293,1288,Swift,111,963195,2024-08-15,CNG,Central
6294,4485,i20,177,1659368,2024-06-16,Hybrid,Central
6295,1720,City,11,2922115,2024-08-24,Petrol,Central
6296,1637,City,41,1396005,2023-01-16,Diesel,North
6297,3282,XUV700,190,1893932,2023-12-23,Hybrid,Central
6298,3463,Harrier,114,979224,2022-11-25,Hybrid,Central
6299,3985,Seltos,180,2889910,2022-03-13,Diesel,North
6300,1498,Swift,194,408000,2022-05-13,Diesel,Central
6301,4021,Swift,196,1447882,2023-07-24,Diesel,West
6302,1633,Seltos,92,508407,2023-04-06,Hybrid,West
6303,2673,Alto,75,532157,2022-05-05,Petrol,Central
6304,3030,Harrier,67,1903855,2024-10-31,Petrol,North
6305,4067,Seltos,168,1072982,2024-07-29,Diesel,Central
6306,1114,City,5,1574766,2022-01-27,Petrol,Central
6307,3979,Swift,116,936296,2022-07-26,Diesel,South
6308,1673,City,150,2313506,2022-11-08,Diesel,East
6309,2736,Harrier,118,2749996,2023-01-17,CNG,North
6310,2257,Baleno,165,2610044,2022-10-23,Petrol,East
6311,4611,Baleno,11,713269,2023-02-06,Hybrid,South
6312,4082,XUV700,44,1589497,2022-05-02,CNG,East
6313,3253,City,181,572444,2024-01-21,Diesel,Central
6314,4750,City,77,1462343,2022-04-16,CNG,West
6315,3294,City,118,2971015,2024-03-01,Diesel,North
6316,4630,Alto,116,1886162,2022-03-13,Diesel,North
6317,3805,City,189,2072291,2023-07-22,Diesel,Central
6318,4198,Baleno,67,1339069,2022-03-17,Petrol,East
6319,1146,Alto,13,1632812,2023-12-23,Diesel,North
6320,3165,XUV700,92,762691,2024-10-06,Diesel,South
6321,4982,i20,11,468125,2022-08-16,Petrol,South
6322,4453,Creta,139,2998642,2023-03-29,Petrol,East
6323,1411,XUV700,85,2479014,2024-02-05,Diesel,South
6324,2687,Ertiga,85,1165378,2023-05-02,Petrol,West
6325,4655,Alto,135,1930011,2023-10-30,Hybrid,Central
6326,3410,Baleno,17,1471999,2024-04-09,Hybrid,North
6327,2532,Baleno,48,484693,2024-03-01,Diesel,Central
6328,1136,Harrier,142,2712929,2024-08-28,CNG,East
6329,4246,Swift,191,1974570,2023-05-05,Petrol,Central
6330,4360,City,192,1238185,2023-01-11,CNG,North
6331,4005,Baleno,97,1804475,2022-08-19,Hybrid,North
6332,4552,City,75,2276342,2023-12-03,Diesel,East
6333,1018,Seltos,193,1026889,2023-04-20,Hybrid,North
6334,3242,Swift,162,1237059,2022-08-14,Petrol,South
6335,3377,Seltos,137,736725,2022-05-23,Petrol,Central
6336,2959,City,77,1908719,2023-12-09,Diesel,West
6337,3222,Alto,128,2540499,2022-02-23,Petrol,West
6338,2001,Ertiga,37,2014085,2022-07-15,Petrol,West
6339,1448,Swift,30,2144712,2024-04-24,Petrol,East
6340,2948,Alto,169,760347,2022-10-25,CNG,West
6341,1945,Baleno,173,2522270,2023-06-21,Diesel,Central
6342,2377,Ertiga,47,1397197,2023-08-02,Diesel,North
6343,2522,i20,135,2623829,2023-05-15,Diesel,South
6344,1140,Baleno,142,1465597,2023-09-16,Petrol,West
6345,3805,Creta,48,1915684,2024-04-20,Petrol,West
6346,2920,XUV700,134,1418613,2022-07-25,Petrol,West
6347,3977,Swift,34,448215,2024-05-29,Diesel,South
6348,1092,Creta,101,663367,2023-02-12,CNG,Central
6349,1238,City,46,490162,2022-10-06,Hybrid,West
6350,1204,Swift,187,2481256,2023-11-08,Diesel,North
6351,3607,XUV700,70,1207958,2024-07-29,Diesel,East
6352,2456,Swift,136,1433438,2022-09-28,CNG,South
6353,1244,Alto,24,1487405,2023-03-17,Hybrid,Central
6354,1831,Seltos,67,1500438,2022-05-07,Hybrid,North
6355,4388,Harrier,4,813552,2023-05-02,Petrol,South
6356,3972,Alto,1,430796,2023-07-02,Hybrid,South
6357,1294,XUV700,34,1989682,2024-09-12,Petrol,East
6358,3687,Swift,109,1210920,2024-07-25,Diesel,East
6359,1855,Alto,9,2141888,2024-02-11,CNG,Central
6360,4353,Seltos,63,2318912,2022-01-19,Diesel,West
6361,3064,Creta,10,854673,2023-03-01,Hybrid,East
6362,1070,Alto,138,496931,2024-07-24,Diesel,Central
6363,2292,City,178,2426046,2022-02-27,CNG,South
6364,2348,Creta,44,1524096,2023-02-27,CNG,West
6365,4865,XUV700,118,958549,2024-04-23,Petrol,North
6366,1304,Creta,176,677851,2022-03-07,Diesel,South
6367,4522,Swift,6,2777305,2024-03-25,CNG,Central
6368,2030,Ertiga,121,942519,2024-06-20,CNG,North
6369,2337,Ertiga,152,2789121,2023-03-13,CNG,South
6370,1816,i20,95,809141,2024-02-29,CNG,East
6371,2126,City,111,925604,2022-08-23,Hybrid,Central
6372,1820,Swift,186,1545184,2023-11-06,Diesel,North
6373,1192,XUV700,105,2892394,2022-04-08,Diesel,East
6374,2776,Baleno,64,677433,2024-10-29,Diesel,North
6375,4645,Ertiga,184,2021750,2024-07-15,Hybrid,West
6376,1528,XUV700,140,1513596,2024-01-31,Hybrid,West
6377,3218,Creta,163,2453785,2023-03-03,CNG,Central
6378,4608,Alto,71,768205,2022-08-15,Hybrid,North
6379,1250,Ertiga,104,485643,2022-01-17,Petrol,West
6380,2788,Swift,89,1810547,2023-07-17,Hybrid,South
6381,4458,Ertiga,6,2887385,2022-08-16,CNG,South
6382,4278,Seltos,193,1952816,2023-12-07,Diesel,West
6383,3588,Seltos,110,989488,2023-10-31,Hybrid,West
6384,4700,Seltos,188,2740102,2022-09-11,Diesel,Central
6385,3026,City,112,1592443,2022-04-28,Diesel,Central
6386,3463,Ertiga,196,2714659,2022-02-19,Petrol,South
6387,3841,i20,157,2715335,2023-06-27,Petrol,East
6388,2403,XUV700,166,2165449,2022-11-23,Hybrid,North
6389,2167,Seltos,150,943293,2024-08-01,Diesel,East
6390,3072,Creta,127,510737,2023-08-25,CNG,Central
6391,4893,Swift,136,2189032,2022-04-12,Diesel,East
6392,3715,City,63,622316,2023-01-23,Diesel,Central
6393,2096,Harrier,141,2144188,2023-10-11,Petrol,East
6394,3679,Seltos,155,878706,2022-12-05,Petrol,South
6395,2847,XUV700,146,2724395,2022-07-03,Petrol,Central
6396,4904,Creta,18,531777,2022-02-25,Petrol,South
6397,4164,Swift,77,713654,2024-09-05,Hybrid,East
6398,1504,Alto,190,1232725,2023-07-26,Hybrid,West
6399,2621,Baleno,142,2353230,2023-12-18,Diesel,West
6400,3383,Creta,139,1419620,2024-10-04,Hybrid,North
6401,3472,i20,103,2910520,2022-08-04,CNG,West
6402,3546,Creta,117,2070255,2024-08-01,Diesel,North
6403,2387,Creta,17,1372634,2022-11-10,Diesel,East
6404,3994,i20,179,1385359,2022-08-21,CNG,North
6405,3677,Alto,14,460216,2024-01-15,Diesel,North
6406,4816,City,57,997987,2023-07-29,CNG,North
6407,2222,Ertiga,93,1710929,2024-06-06,Petrol,South
6408,1717,Swift,134,2895202,2022-09-04,Petrol,North
6409,4484,Creta,114,2921880,2023-03-18,Petrol,Central
6410,1338,Creta,185,2035349,2022-05-15,CNG,East
6411,1658,i20,132,2418039,2024-10-12,Hybrid,South
6412,1961,XUV700,139,1919774,2024-10-22,Hybrid,Central
6413,1428,Creta,109,731642,2022-06-10,Diesel,East
6414,4854,Creta,119,806244,2022-05-20,Petrol,South
6415,1898,i20,92,1762262,2022-10-31,Petrol,East
6416,1138,XUV700,11,804933,2022-05-05,Diesel,West
6417,4764,i20,99,1420602,2024-07-25,Petrol,East
6418,3989,City,8,2492174,2023-02-11,Petrol,West
6419,1541,Creta,114,1169893,2022-06-13,CNG,West
6420,3104,Seltos,187,1221644,2024-05-11,Diesel,East
6421,2255,Swift,149,2800396,2022-08-28,CNG,West
6422,3705,XUV700,65,2233920,2022-05-29,Petrol,South
6423,3482,Seltos,93,2423715,2023-08-07,Petrol,West
6424,1383,i20,152,976304,2023-05-20,Diesel,North
6425,3607,Creta,158,1698513,2023-06-09,Petrol,South
6426,1193,i20,104,1877167,2024-02-14,Hybrid,South
6427,4807,Ertiga,99,1599968,2023-12-02,CNG,South
6428,4719,Ertiga,84,1467877,2024-10-14,CNG,North
6429,3581,City,185,654531,2022-02-19,Hybrid,North
6430,3565,Creta,73,2402131,2024-08-15,Diesel,North
6431,3763,Creta,145,1098119,2023-11-26,Diesel,North
6432,3798,Seltos,59,909365,2022-01-26,Petrol,North
6433,3232,Harrier,31,1411684,2023-10-12,Diesel,Central
6434,2895,Creta,64,2596169,2022-01-11,Hybrid,Central
6435,3339,City,48,2495187,2024-03-18,Diesel,North
6436,4406,XUV700,23,652980,2022-01-11,Petrol,South
6437,1731,XUV700,198,2957794,2024-02-11,Hybrid,West
6438,3163,i20,158,2436991,2024-02-09,Petrol,West
6439,3872,Seltos,55,1610953,2024-08-30,CNG,Central
6440,4120,Alto,7,1523982,2023-02-11,CNG,North
6441,1684,Baleno,112,1184512,2024-04-21,Diesel,East
6442,1081,i20,106,1328220,2023-12-18,Hybrid,West
6443,3881,Creta,98,2414665,2022-12-25,Hybrid,West
6444,3380,i20,12,2232981,2023-07-08,Hybrid,South
6445,3604,Alto,60,769199,2022-10-12,Petrol,West
6446,3382,Baleno,52,2981108,2023-02-04,Hybrid,Central
6447,1531,Alto,155,446408,2023-01-23,Diesel,North
6448,2983,Alto,140,1485106,2024-02-23,CNG,North
6449,1220,Ertiga,141,2607199,2023-03-01,Diesel,West
6450,1634,XUV700,72,1409424,2024-10-26,CNG,East
6451,2769,Harrier,190,1246162,2023-03-17,CNG,Central
6452,4804,Creta,125,999911,2022-12-22,Diesel,West
6453,3370,City,157,1001946,2024-07-07,CNG,Central
6454,2874,Seltos,163,1250340,2024-02-04,CNG,East
6455,1002,i20,60,1792097,2023-07-08,Petrol,Central
6456,2717,Creta,157,1786298,2022-09-25,Diesel,Central
6457,1205,Ertiga,31,2523657,2024-09-18,Diesel,Central
6458,2855,XUV700,77,2585982,2022-03-05,Diesel,North
6459,1039,i20,76,1532628,2023-03-18,CNG,East
6460,3106,Seltos,61,1596360,2023-06-25,Hybrid,North
6461,3998,Harrier,2,429105,2023-04-15,Hybrid,South
6462,3621,Creta,161,2527534,2024-05-27,CNG,West
6463,1643,City,190,2847188,2023-12-13,Hybrid,North
6464,2530,XUV700,121,913875,2022-01-13,Hybrid,Central
6465,4643,Swift,59,419589,2022-08-10,CNG,South
6466,2907,Creta,40,1094961,2024-05-30,Diesel,East
6467,3890,Alto,177,782973,2024-04-18,Petrol,East
6468,4193,Alto,32,833891,2024-01-22,Diesel,North
6469,4550,City,38,565438,2022-09-27,Diesel,Central
6470,3666,Baleno,92,2894219,2024-01-02,Diesel,Central
6471,3143,City,88,2737537,2024-04-23,Petrol,East
6472,4930,XUV700,141,2144527,2023-09-08,Diesel,Central
6473,4485,Alto,85,1387647,2022-03-06,Hybrid,West
6474,4306,Harrier,182,2539123,2022-01-28,Petrol,North
6475,1897,Harrier,76,2977856,2022-08-25,Hybrid,North
6476,2085,Alto,128,1191091,2023-01-19,Petrol,Central
6477,2279,XUV700,13,1671089,2022-11-22,Hybrid,East
6478,3608,Ertiga,39,2208851,2022-03-26,Diesel,West
6479,3952,Seltos,23,594886,2024-01-19,Diesel,West
6480,3395,Seltos,110,1684664,2022-09-03,Diesel,West
6481,1670,XUV700,107,975463,2023-01-23,Hybrid,South
6482,4195,Swift,92,1962656,2024-07-17,Hybrid,Central
6483,2505,Seltos,142,2141211,2022-09-23,CNG,West
6484,3364,i20,145,938225,2024-01-31,Hybrid,Central
6485,4575,Seltos,24,2771639,2024-03-14,Petrol,East
6486,1718,i20,186,1495379,2022-08-16,Diesel,East
6487,2071,Alto,191,2430943,2022-08-28,Petrol,East
6488,4480,Ertiga,34,1906632,2023-01-23,CNG,South
6489,2955,City,179,2574221,2023-01-13,CNG,East
6490,2159,Ertiga,112,1891139,2022-07-31,Hybrid,Central
6491,4272,Seltos,138,2921724,2024-03-05,Diesel,North
6492,1249,Seltos,118,557438,2023-11-07,Petrol,North
6493,3361,XUV700,149,1265936,2023-10-11,CNG,Central
6494,2892,City,165,1590024,2022-06-20,CNG,North
6495,4439,Seltos,7,1408154,2024-03-19,Petrol,West
6496,4500,Baleno,90,2825550,2022-04-14,CNG,North
6497,2853,Baleno,13,1816100,2023-01-07,Petrol,South
6498,3854,Swift,80,2825137,2022-05-09,Diesel,East
6499,2503,Alto,30,880566,2022-08-08,Hybrid,North
6500,4385,i20,159,965972,2023-04-17,Petrol,North
6501,4571,Ertiga,133,954999,2024-09-14,Diesel,South
6502,4792,Alto,160,1625618,2023-08-31,Petrol,South
6503,4426,i20,16,828580,2022-04-04,CNG,North
6504,3532,i20,150,1835940,2022-04-16,Diesel,West
6505,2234,Creta,192,2004255,2023-09-04,Petrol,North
6506,4775,Seltos,172,940076,2024-04-28,Diesel,West
6507,1043,Swift,40,975343,2024-08-05,Petrol,East
6508,4612,Seltos,37,2087051,2024-05-03,Petrol,Central
6509,3618,Swift,78,868648,2023-03-05,Diesel,East
6510,1582,Alto,16,2452175,2022-10-29,Diesel,North
6511,4163,XUV700,43,2389645,2023-10-01,Diesel,North
6512,2288,XUV700,63,1272894,2022-03-12,CNG,West
6513,3942,Alto,15,2166141,2023-10-08,Hybrid,South
6514,1219,City,172,1461952,2023-06-09,Petrol,West
6515,2925,Baleno,137,1601523,2022-06-23,Petrol,South
6516,3972,i20,65,1234038,2022-03-31,Diesel,South
6517,4513,Swift,44,1264825,2023-01-03,Petrol,South
6518,3448,Harrier,20,2226911,2024-03-11,Hybrid,South
6519,4471,Seltos,119,1773716,2022-11-15,Hybrid,North
6520,3774,Alto,198,1187715,2024-04-03,Petrol,Central
6521,1990,i20,112,480456,2023-07-05,Petrol,Central
6522,3946,Swift,123,465783,2022-03-01,Diesel,East
6523,2812,Ertiga,161,2331390,2022-05-07,Hybrid,East
6524,4647,City,80,2429613,2022-03-24,Petrol,East
6525,1857,Seltos,100,679509,2024-08-03,Hybrid,West
6526,1803,XUV700,6,1822975,2023-08-09,Petrol,East
6527,1489,Alto,83,1303261,2023-10-09,CNG,East
6528,4556,XUV700,31,1088863,2024-06-08,Hybrid,East
6529,2780,Swift,66,738531,2023-07-28,CNG,North
6530,2493,XUV700,18,479942,2023-05-28,Diesel,East
6531,4645,Seltos,28,2118864,2022-03-06,Hybrid,Central
6532,3985,Baleno,68,2137317,2022-07-02,Petrol,North
6533,3891,i20,193,2752537,2024-04-14,Petrol,South
6534,2705,Baleno,114,1929946,2022-02-23,CNG,West
6535,4516,Alto,173,1688719,2022-08-24,Hybrid,North
6536,4340,Baleno,58,2113261,2024-06-07,Hybrid,North
6537,3314,Creta,175,1346950,2023-09-04,Hybrid,Central
6538,1053,i20,194,498975,2024-08-16,Diesel,East
6539,3575,Swift,180,1384670,2023-03-14,Hybrid,South
6540,4591,i20,164,1701775,2024-09-30,Diesel,Central
6541,1615,Creta,129,1247094,2023-11-25,Petrol,Central
6542,2082,Harrier,39,1446527,2024-08-20,CNG,North
6543,2848,Baleno,106,480249,2023-06-08,CNG,South
6544,4111,i20,1,2376664,2023-02-08,Hybrid,Central
6545,4308,XUV700,75,2481565,2022-12-09,CNG,West
6546,1954,Swift,88,2220407,2024-03-10,Hybrid,West
6547,3433,Ertiga,142,513094,2022-08-02,Petrol,Central
6548,2629,Alto,199,1410650,2024-10-20,Petrol,North
6549,3781,Alto,151,2761386,2022-11-18,Petrol,West
6550,3763,Alto,171,2257462,2024-02-23,CNG,North
6551,1649,i20,150,2027948,2024-05-05,Hybrid,East
6552,3347,Baleno,60,870459,2022-06-29,Diesel,East
6553,1394,i20,155,1113926,2023-01-15,Petrol,North
6554,4278,Seltos,184,853104,2024-07-21,Petrol,Central
6555,2359,XUV700,130,2069967,2023-03-26,Diesel,East
6556,3640,Ertiga,167,2662047,2022-05-11,Diesel,East
6557,4801,Ertiga,179,1349511,2024-06-22,CNG,West
6558,3561,XUV700,110,1290992,2022-11-26,Petrol,Central
6559,4249,Creta,19,2509898,2023-09-29,CNG,North
6560,3443,City,62,1036260,2022-02-22,Petrol,East
6561,1370,Seltos,71,2020959,2023-04-13,CNG,Central
6562,1857,Swift,195,2598635,2023-10-02,CNG,East
6563,1790,Ertiga,191,2923036,2023-02-17,Diesel,West
6564,1657,Alto,111,641411,2023-05-11,Hybrid,Central
6565,4389,i20,133,2093766,2023-01-03,Hybrid,South
6566,3783,Creta,72,626218,2023-06-23,Hybrid,West
6567,2392,City,78,1728467,2023-09-29,Petrol,North
6568,1383,XUV700,189,1350414,2023-05-30,Diesel,Central
6569,3109,Harrier,100,2003239,2023-04-26,Diesel,East
6570,4877,Swift,71,1327580,2023-02-18,Diesel,Central
6571,3552,City,7,1303044,2022-08-16,Petrol,North
6572,1238,Alto,50,1821261,2022-05-17,CNG,Central
6573,1194,City,46,566321,2024-03-01,CNG,East
6574,3725,Ertiga,72,606690,2024-04-14,Hybrid,West
6575,4293,i20,76,2487745,2023-04-17,Hybrid,West
6576,3108,XUV700,74,2451125,2023-06-02,Petrol,East
6577,2152,City,142,2948653,2022-11-01,Petrol,South
6578,4037,Swift,73,2425039,2023-10-17,Hybrid,South
6579,3732,City,102,865802,2022-06-30,CNG,West
6580,3015,Harrier,94,2818608,2022-01-30,CNG,North
6581,1155,Creta,69,579170,2024-08-29,Diesel,Central
6582,4988,Ertiga,65,935702,2024-02-04,Hybrid,East
6583,4449,i20,193,1857668,2022-02-09,Hybrid,North
6584,4693,Alto,185,568501,2022-07-06,CNG,Central
6585,4852,XUV700,62,1664439,2022-11-15,Diesel,West
6586,1922,XUV700,20,785537,2024-01-02,Hybrid,East
6587,3915,Creta,154,1160669,2024-06-10,CNG,North
6588,3950,Baleno,44,2755621,2022-11-20,CNG,Central
6589,4861,Baleno,195,1370413,2024-07-31,CNG,West
6590,2609,Alto,198,1032457,2023-10-18,Diesel,West
6591,4046,City,62,431528,2022-06-23,Diesel,Central
6592,4508,Harrier,107,903411,2023-11-16,CNG,South
6593,1974,XUV700,125,798169,2023-02-13,Diesel,South
6594,2230,City,45,1050016,2022-06-29,Diesel,Central
6595,3435,XUV700,11,2682039,2024-05-03,Diesel,Central
6596,4551,XUV700,162,1769841,2022-02-06,Diesel,Central
6597,2814,City,88,1690497,2023-02-10,Petrol,West
6598,3934,Creta,46,1732736,2023-06-23,Hybrid,East
6599,1837,Baleno,112,806464,2023-01-11,Hybrid,West
6600,3007,Seltos,81,2093048,2022-09-13,Diesel,West
6601,2363,Swift,32,2907644,2022-10-05,CNG,South
6602,4940,Creta,98,1020832,2022-09-06,Hybrid,Central
6603,3387,Ertiga,5,1398179,2023-11-24,Diesel,West
6604,1203,Harrier,191,2152212,2022-05-05,Hybrid,West
6605,1160,Harrier,29,2293459,2022-07-31,CNG,Central
6606,4611,Swift,48,2664238,2023-04-17,Diesel,East
6607,1391,Harrier,16,2412813,2024-01-19,CNG,South
6608,1768,City,153,2044845,2023-05-15,Hybrid,North
6609,4748,Harrier,72,995241,2024-03-21,Petrol,West
6610,3622,Seltos,29,2346678,2024-06-07,CNG,East
6611,3581,Harrier,180,2878135,2022-06-24,Diesel,North
6612,2093,XUV700,46,2028533,2022-11-13,Diesel,Central
6613,3940,Creta,153,2402507,2024-09-27,CNG,North
6614,1404,City,23,855486,2024-04-03,Petrol,Central
6615,1607,Baleno,162,1768983,2024-05-19,Hybrid,East
6616,4746,Harrier,195,1870595,2024-07-19,Hybrid,North
6617,2614,Alto,94,2535593,2024-06-05,Hybrid,South
6618,2540,Alto,114,1511903,2022-09-26,Hybrid,East
6619,3875,Alto,34,762605,2023-04-15,Hybrid,North
6620,4191,Harrier,160,2596251,2022-08-12,Diesel,West
6621,2837,Ertiga,117,2810331,2024-09-01,Diesel,North
6622,1689,XUV700,29,2869159,2024-06-25,CNG,North
6623,4759,i20,9,2772786,2024-04-09,CNG,South
6624,3949,Harrier,194,1213941,2022-08-26,Hybrid,East
6625,2240,Ertiga,185,952132,2022-03-16,Hybrid,West
6626,3103,i20,39,1863396,2023-05-15,Hybrid,East
6627,1365,Swift,135,2629430,2022-09-25,Petrol,East
6628,2722,Seltos,110,2349595,2024-09-13,CNG,West
6629,4575,XUV700,69,2837928,2023-12-24,Diesel,West
6630,4815,Harrier,136,2058789,2022-07-09,Hybrid,South
6631,4838,Creta,96,484533,2024-09-22,CNG,Central
6632,4996,City,119,762163,2023-07-20,Petrol,South
6633,1454,Creta,118,2740967,2024-09-19,Petrol,West
6634,1103,Creta,18,487165,2024-01-06,Hybrid,North
6635,1076,Swift,102,1482913,2022-06-05,Diesel,North
6636,1229,City,110,1360297,2023-11-04,CNG,East
6637,2937,Swift,82,2708365,2022-03-10,Diesel,East
6638,4329,i20,177,868085,2023-01-08,Hybrid,Central
6639,4335,Swift,105,448993,2022-02-24,Hybrid,Central
6640,3378,Alto,16,1003747,2022-03-26,Petrol,Central
6641,2205,Seltos,21,1352303,2024-07-29,Petrol,Central
6642,1892,Alto,138,1892452,2024-04-20,CNG,North
6643,4839,Harrier,106,2866902,2023-08-15,Hybrid,West
6644,2573,i20,132,1826320,2024-01-02,Hybrid,Central
6645,3735,Ertiga,44,1191754,2023-09-14,CNG,South
6646,3074,i20,123,1154719,2024-10-05,Diesel,Central
6647,4347,Ertiga,136,570947,2022-11-13,Petrol,North
6648,2675,Seltos,111,2011302,2023-09-17,Hybrid,East
6649,1298,Swift,117,576221,2022-09-09,Hybrid,South
6650,1956,Swift,126,1718295,2022-06-01,Diesel,Central
6651,3846,City,183,1542841,2024-06-28,Diesel,North
6652,2114,Harrier,19,1615428,2024-05-15,Diesel,East
6653,3527,Creta,64,1206244,2023-08-23,Petrol,Central
6654,3620,Baleno,40,968810,2024-10-03,CNG,North
6655,3505,i20,51,1912466,2024-08-28,Hybrid,North
6656,2474,i20,137,2749172,2024-10-01,Petrol,West
6657,1364,Harrier,158,2715399,2022-10-30,Diesel,North
6658,3906,Alto,56,1497542,2024-10-23,Hybrid,Central
6659,2698,XUV700,81,895911,2023-02-04,Hybrid,North
6660,1350,Harrier,172,1691364,2022-03-09,Petrol,South
6661,4726,Baleno,187,2160635,2022-06-03,Diesel,North
6662,4471,Swift,143,2668314,2024-10-11,Diesel,North
6663,3300,Ertiga,196,2785495,2022-07-01,CNG,South
6664,3828,Alto,70,1933569,2023-06-09,Diesel,Central
6665,2904,Alto,128,2439567,2022-07-08,Petrol,East
6666,3850,City,126,2672383,2022-01-20,CNG,West
6667,2011,Seltos,61,936976,2024-04-30,CNG,East
6668,3506,Baleno,80,1352261,2024-06-16,CNG,Central
6669,4770,Alto,121,656738,2022-01-10,CNG,Central
6670,3964,Baleno,101,2987173,2023-12-01,CNG,South
6671,1498,Harrier,151,1172455,2023-10-17,Petrol,East
6672,1949,Ertiga,77,1055423,2022-08-29,Hybrid,North
6673,2994,Ertiga,175,2312696,2022-06-01,Diesel,South
6674,4997,i20,145,1361285,2024-02-23,Hybrid,South
6675,3046,Swift,185,1681979,2022-07-07,Hybrid,West
6676,1507,i20,126,1594607,2023-04-09,Diesel,South
6677,2327,Alto,182,886676,2023-12-23,Diesel,East
6678,3548,Seltos,180,837474,2024-06-18,Hybrid,Central
6679,3850,i20,22,1705622,2023-12-07,Diesel,West
6680,3645,i20,83,2655691,2024-05-30,CNG,North
6681,1165,i20,167,1857848,2023-02-19,Diesel,East
6682,4486,Baleno,141,2822554,2023-08-01,Diesel,North
6683,3509,Harrier,78,503813,2022-11-06,CNG,South
6684,1919,Seltos,95,2262470,2024-10-22,CNG,East
6685,1113,Ertiga,109,456682,2022-11-13,CNG,West
6686,4504,City,194,2111567,2024-10-16,Diesel,West
6687,1991,Baleno,110,2259982,2023-01-03,CNG,North
6688,4427,Alto,52,1825812,2023-07-09,CNG,Central
6689,2951,Seltos,103,1811897,2023-08-28,Petrol,West
6690,4766,Ertiga,101,2348803,2024-07-24,Petrol,North
6691,3254,Seltos,142,2926404,2023-04-25,Diesel,Central
6692,4839,XUV700,63,1533190,2024-09-07,CNG,East
6693,2258,XUV700,199,1065634,2024-07-28,Diesel,West
6694,4513,i20,28,1303041,2022-01-14,Petrol,West
6695,4426,i20,46,2435575,2022-01-28,Petrol,North
6696,1514,XUV700,28,2883716,2022-05-22,CNG,West
6697,2231,City,2,741574,2023-08-13,Diesel,North
6698,1708,Ertiga,127,2524117,2023-04-18,Petrol,West
6699,4924,Alto,17,896368,2022-11-13,Hybrid,North
6700,4196,Swift,59,1085918,2023-03-21,CNG,West
6701,3185,Swift,180,984095,2022-10-23,Diesel,East
6702,1338,Baleno,132,1238952,2023-02-08,Hybrid,East
6703,3584,City,77,1885737,2024-01-22,CNG,North
6704,1067,City,131,2102894,2022-09-20,CNG,East
6705,2596,Alto,115,2055531,2024-04-26,Petrol,North
6706,2564,Seltos,165,1335209,2023-01-12,Diesel,North
6707,1382,Swift,97,2685303,2023-08-08,Petrol,South
6708,1018,Seltos,105,1890502,2024-03-09,Hybrid,East
6709,3730,Seltos,24,2366040,2023-04-16,Hybrid,South
6710,4521,City,35,662677,2024-01-02,Hybrid,South
6711,3121,Seltos,2,2001640,2024-08-29,Hybrid,West
6712,1572,Swift,33,1365806,2022-02-16,Hybrid,North
6713,3986,Ertiga,76,1512943,2024-08-04,Diesel,Central
6714,4736,Creta,86,2589686,2022-01-24,Diesel,South
6715,2299,Seltos,138,2862145,2024-04-10,CNG,West
6716,4119,Alto,81,2932796,2023-02-07,CNG,East
6717,3258,Harrier,62,1177275,2022-10-10,Diesel,Central
6718,3902,i20,43,2068487,2022-04-03,CNG,North
6719,2943,Alto,197,1027499,2023-11-17,Petrol,West
6720,1650,XUV700,121,2193834,2022-11-06,Diesel,Central
6721,2645,Swift,59,2239493,2024-06-06,Petrol,North
6722,1993,Harrier,9,2671898,2022-01-07,Hybrid,North
6723,3742,i20,77,1687852,2024-02-27,Hybrid,Central
6724,3587,Alto,188,2480278,2022-02-12,CNG,West
6725,4780,Harrier,63,497519,2023-12-26,Diesel,Central
6726,4262,Creta,52,2979943,2022-07-20,Hybrid,South
6727,2338,Swift,23,2151180,2024-06-13,CNG,North
6728,1900,Ertiga,30,1712195,2023-10-29,Petrol,East
6729,4634,Baleno,171,2024937,2023-07-02,Diesel,Central
6730,2684,City,196,1312536,2022-08-14,CNG,Central
6731,3827,Creta,21,870908,2023-09-25,Hybrid,North
6732,2585,XUV700,43,1497020,2024-08-03,Petrol,North
6733,2923,City,135,587920,2022-07-13,Petrol,Central
6734,2781,Ertiga,16,2125735,2023-06-22,CNG,East
6735,2136,Creta,23,1797578,2023-04-26,Diesel,North
6736,3217,i20,186,1644504,2023-03-06,CNG,North
6737,4539,Harrier,87,2465988,2024-08-02,Hybrid,South
6738,4749,Swift,31,611540,2024-06-29,Diesel,West
6739,2944,Harrier,121,1822617,2023-08-01,Hybrid,South
6740,2037,Seltos,69,837455,2022-04-21,Petrol,East
6741,2738,Alto,134,2338359,2022-07-31,Petrol,West
6742,1287,XUV700,115,982183,2024-04-30,Hybrid,Central
6743,4978,Seltos,193,1882735,2024-05-27,Hybrid,East
6744,3236,Seltos,59,2559711,2024-09-13,Petrol,East
6745,3961,XUV700,156,1341507,2024-09-22,CNG,South
6746,4226,Alto,146,1077861,2023-07-25,CNG,West
6747,2590,i20,77,693236,2023-10-28,CNG,East
6748,3741,Alto,138,1660167,2022-12-16,Hybrid,West
6749,2745,Swift,7,2264776,2024-07-18,Hybrid,Central
6750,3935,Harrier,37,2847120,2023-11-12,Petrol,West
6751,3518,i20,173,2806056,2022-09-08,Diesel,South
6752,2098,Baleno,86,2503628,2022-11-15,CNG,South
6753,3324,Harrier,16,1315848,2024-06-03,CNG,East
6754,1939,i20,116,498138,2022-07-08,CNG,West
6755,4716,Alto,118,1701609,2023-12-26,Petrol,South
6756,4414,XUV700,14,1556196,2022-03-20,Diesel,North
6757,2448,Alto,139,2525591,2023-06-30,Diesel,South
6758,1570,Baleno,87,403400,2024-07-12,Diesel,Central
6759,4582,i20,162,1538552,2023-09-11,CNG,North
6760,3904,Swift,188,2740457,2022-11-01,Hybrid,West
6761,2000,Alto,104,1473186,2022-07-18,CNG,East
6762,2205,i20,141,975644,2023-07-08,Diesel,North
6763,3505,Harrier,167,883055,2022-07-02,Petrol,South
6764,1917,Baleno,44,1231694,2023-08-30,Diesel,East
6765,2874,Swift,28,1950068,2022-03-24,CNG,East
6766,1832,i20,168,1712348,2022-04-03,Hybrid,East
6767,4135,Creta,16,1815788,2023-09-09,Diesel,East
6768,3886,Alto,50,1028337,2023-07-27,Hybrid,West
6769,4331,Baleno,115,2474135,2023-08-04,Diesel,West
6770,3240,Swift,156,984141,2024-09-27,Hybrid,West
6771,2678,Swift,68,1744778,2024-02-13,Hybrid,South
6772,1615,Seltos,92,2291170,2024-05-02,Diesel,West
6773,1405,City,121,1379898,2023-10-13,Petrol,East
6774,2749,Baleno,188,1598618,2024-03-02,CNG,North
6775,4825,Swift,140,1877110,2023-04-21,CNG,North
6776,3990,i20,16,1162435,2023-05-19,Diesel,North
6777,3768,Seltos,53,1412883,2022-08-19,Hybrid,North
6778,1092,City,182,449108,2024-05-27,CNG,North
6779,3477,Harrier,49,1172045,2023-11-21,Hybrid,Central
6780,1653,i20,164,2073298,2022-07-28,Petrol,North
6781,4505,Alto,62,1812764,2022-05-11,Diesel,North
6782,4475,City,84,1336388,2024-01-13,Petrol,North
6783,1433,Baleno,154,2818282,2023-01-19,Hybrid,South
6784,2135,Alto,56,1177499,2022-12-28,Hybrid,Central
6785,1374,Ertiga,120,1060667,2024-01-31,Diesel,North
6786,4130,Ertiga,90,2247912,2024-07-31,Hybrid,West
6787,2066,Baleno,150,2449497,2023-10-10,Diesel,South
6788,1206,Harrier,120,756858,2022-12-21,Diesel,Central
6789,1779,City,73,2950916,2022-04-10,Petrol,West
6790,2319,Seltos,69,2903950,2024-01-01,CNG,West
6791,2141,Creta,177,720109,2022-10-28,CNG,South
6792,1531,Swift,98,639027,2023-09-01,Hybrid,West
6793,4293,Creta,2,2153380,2024-05-31,CNG,East
6794,3213,Ertiga,53,2934312,2022-07-22,Hybrid,South
6795,3690,Ertiga,119,2689411,2022-04-22,CNG,South
6796,4227,Harrier,7,1533300,2023-01-16,Petrol,East
6797,4255,Creta,148,1980468,2024-01-25,CNG,South
6798,1089,Creta,158,636515,2024-08-11,Hybrid,West
6799,2117,Seltos,75,1956307,2024-03-06,Hybrid,West
6800,1012,Harrier,95,2917658,2022-12-03,CNG,West
6801,4020,Harrier,195,2996500,2022-08-10,Diesel,East
6802,2857,Baleno,187,2699963,2024-10-08,Petrol,West
6803,1804,Alto,194,1135558,2024-01-30,Diesel,East
6804,1944,Harrier,3,502318,2023-11-20,CNG,East
6805,3789,Harrier,184,511376,2022-04-28,Diesel,East
6806,2857,i20,79,2870654,2022-06-23,CNG,South
6807,4875,City,17,534577,2022-11-15,Hybrid,Central
6808,4509,City,112,2931846,2023-03-17,Diesel,East
6809,4609,XUV700,52,2380498,2023-02-19,Petrol,West
6810,2610,Creta,7,1766977,2024-10-24,Diesel,East
6811,3923,Swift,112,2493013,2024-08-07,Hybrid,North
6812,2959,Creta,133,2684282,2022-03-24,Hybrid,South
6813,4882,Baleno,54,1535571,2024-09-15,Hybrid,West
6814,4221,Baleno,61,2388283,2023-05-08,Diesel,South
6815,3707,Baleno,109,1017854,2022-01-06,Hybrid,South
6816,4079,Alto,16,1564074,2023-12-06,Hybrid,North
6817,2052,Swift,195,1010884,2022-12-13,Diesel,East
6818,1295,City,187,616382,2023-06-18,Diesel,West
6819,4033,Seltos,47,709061,2023-10-19,CNG,Central
6820,1925,City,48,2989282,2024-08-12,Diesel,South
6821,4792,Alto,121,525154,2023-03-27,Hybrid,Central
6822,1639,Baleno,64,1731650,2024-10-22,Petrol,Central
6823,3387,Alto,50,1003317,2024-07-06,Hybrid,East
6824,1627,City,41,2993699,2024-08-11,Hybrid,Central
6825,3486,Seltos,22,1716444,2022-08-02,Hybrid,West
6826,2167,XUV700,115,2562890,2024-06-18,Diesel,East
6827,1941,Swift,182,533099,2023-01-08,Petrol,Central
6828,1829,Alto,5,2478339,2023-10-15,Hybrid,East
6829,2770,City,145,1594455,2023-05-22,Diesel,West
6830,3566,Swift,101,463109,2024-09-09,CNG,South
6831,1975,City,78,2014713,2023-07-30,Petrol,North
6832,4116,City,41,662322,2022-11-29,Petrol,East
6833,1954,Seltos,92,2990651,2022-07-31,Diesel,North
6834,2262,XUV700,163,997009,2022-10-16,CNG,South
6835,1951,Swift,168,2229326,2023-09-02,Hybrid,West
6836,1943,Baleno,22,1050050,2022-06-15,CNG,South
6837,3202,Swift,176,1774816,2022-05-06,Petrol,North
6838,2204,Harrier,53,1962002,2022-10-01,Diesel,West
6839,4286,Baleno,93,632359,2023-09-07,CNG,Central
6840,3135,Swift,10,2380715,2022-10-03,Hybrid,Central
6841,4327,i20,146,1129438,2024-10-27,CNG,East
6842,2534,i20,49,2921710,2024-10-12,CNG,Central
6843,2096,City,71,2289688,2022-04-07,Diesel,North
6844,3978,Baleno,158,2313140,2022-10-04,Diesel,Central
6845,1178,Swift,19,2520811,2024-03-10,Petrol,East
6846,3259,City,55,1000240,2022-11-28,Diesel,West
6847,2828,Creta,188,1240210,2022-07-24,CNG,Central
6848,2257,City,21,498113,2022-04-13,Hybrid,East
6849,1464,Alto,26,848929,2024-09-30,Petrol,Central
6850,2774,i20,28,1125704,2024-08-12,Diesel,Central
6851,4294,Creta,167,2292789,2022-12-26,CNG,North
6852,3678,Ertiga,161,1290624,2022-02-08,CNG,East
6853,3872,Alto,40,2038806,2022-11-03,Petrol,East
6854,4335,Baleno,29,2333308,2024-06-02,Petrol,South
6855,2230,City,20,2939585,2023-06-04,Diesel,South
6856,3654,i20,20,1639981,2024-05-27,Diesel,East
6857,1884,XUV700,74,2333539,2022-02-15,Hybrid,North
6858,4805,i20,140,1314065,2022-07-13,Petrol,Central
6859,3413,Seltos,120,1406224,2022-09-06,Petrol,West
6860,3323,i20,97,1376360,2024-10-09,CNG,Central
6861,3427,XUV700,120,2021345,2022-07-26,Hybrid,West
6862,4814,XUV700,25,1654305,2022-04-25,Diesel,North
6863,2332,City,153,487743,2022-08-27,Hybrid,South
6864,2654,Baleno,4,679708,2023-07-20,Hybrid,East
6865,4339,XUV700,4,2021467,2024-01-06,CNG,North
6866,1944,i20,137,2335411,2023-05-23,Petrol,West
6867,4856,Baleno,143,2104449,2022-06-04,Petrol,East
6868,4135,Swift,26,2231655,2023-04-06,Petrol,West
6869,3857,i20,79,673468,2024-03-01,Diesel,Central
6870,4421,Harrier,90,2838525,2023-10-16,Petrol,Central
6871,1924,City,71,2037043,2022-11-13,Hybrid,Central
6872,2938,Alto,160,658590,2023-03-27,Hybrid,East
6873,1493,City,76,1442841,2023-07-31,Petrol,South
6874,2546,XUV700,99,1966874,2023-05-11,Hybrid,South
6875,4169,Ertiga,180,2376952,2022-12-28,Diesel,West
6876,2969,Seltos,127,2627199,2023-04-02,Petrol,South
6877,2094,Harrier,32,935646,2022-05-09,Diesel,South
6878,3411,XUV700,9,645258,2024-03-22,Petrol,West
6879,3617,i20,78,1999367,2024-05-22,Diesel,West
6880,2825,Baleno,13,1397899,2022-12-16,Diesel,West
6881,1762,Harrier,184,1234337,2023-10-07,Diesel,East
6882,3323,Ertiga,124,553306,2023-03-28,Hybrid,West
6883,1049,Alto,172,2704839,2022-04-19,Diesel,East
6884,4429,Baleno,96,2397055,2023-07-31,CNG,East
6885,3775,Seltos,83,863095,2022-08-29,Diesel,East
6886,1905,Creta,158,863380,2023-08-14,Diesel,West
6887,3975,Seltos,144,2585256,2023-08-01,Diesel,South
6888,1563,City,140,1129877,2022-11-21,Diesel,South
6889,1782,Harrier,194,893467,2023-01-06,Petrol,West
6890,3532,City,18,710541,2022-04-15,Hybrid,South
6891,4155,XUV700,141,1878216,2022-04-08,Hybrid,West
6892,4970,Swift,93,1417258,2022-04-06,Hybrid,East
6893,4876,XUV700,24,713419,2022-02-15,Petrol,Central
6894,4709,Alto,102,1071377,2024-06-08,Diesel,North
6895,3040,Harrier,140,2576524,2022-01-31,Diesel,West
6896,2831,Swift,60,1528298,2023-02-12,Hybrid,East
6897,1583,Baleno,60,1757908,2023-12-17,CNG,Central
6898,2319,Swift,100,2363169,2023-10-06,Diesel,East
6899,1235,Alto,1,955404,2023-11-29,Diesel,North
6900,3103,i20,43,1878508,2024-08-30,Diesel,South
6901,2942,City,55,2818034,2023-12-02,Petrol,South
6902,1359,Ertiga,168,2631858,2024-05-25,Diesel,East
6903,2930,XUV700,192,2022230,2024-06-24,Hybrid,North
6904,1109,Harrier,34,789078,2024-03-19,Diesel,East
6905,1191,Alto,34,1157370,2023-08-22,Hybrid,South
6906,1903,Creta,176,745270,2024-08-24,CNG,East
6907,2116,Ertiga,161,1522713,2023-09-25,Petrol,Central
6908,1861,Alto,196,2009283,2022-05-15,CNG,North
6909,3615,Creta,158,1198289,2022-11-24,Diesel,South
6910,2083,Creta,110,2600205,2022-07-18,CNG,East
6911,1649,Creta,84,2672253,2023-11-14,Diesel,North
6912,1038,i20,90,879130,2022-05-04,Hybrid,East
6913,4611,Swift,79,2167150,2024-01-24,Diesel,South
6914,4120,Seltos,71,646877,2023-01-17,Petrol,North
6915,4491,XUV700,71,1736378,2023-07-25,CNG,South
6916,1636,Creta,114,2258275,2024-03-08,Diesel,Central
6917,2036,Alto,29,2870294,2024-06-09,Hybrid,Central
6918,1035,Baleno,151,742033,2022-06-25,CNG,West
6919,3148,Baleno,162,2170989,2023-01-15,Petrol,North
6920,4865,Harrier,143,585070,2022-06-14,Diesel,Central
6921,4157,City,97,2622665,2024-02-03,Petrol,West
6922,4587,Creta,53,2941899,2023-09-07,Hybrid,North
6923,4294,Alto,145,1048180,2022-06-22,CNG,South
6924,2361,Creta,64,2812712,2024-02-02,CNG,East
6925,2983,i20,61,2645456,2023-09-11,CNG,East
6926,1165,City,185,2130404,2023-10-27,Hybrid,South
6927,3430,Creta,108,597128,2024-05-08,Diesel,Central
6928,2879,XUV700,37,649336,2023-07-10,Diesel,East
6929,4966,Baleno,135,1300441,2023-09-29,Diesel,South
6930,4447,Creta,8,885679,2022-08-03,Petrol,West
6931,4542,XUV700,78,2815255,2022-05-24,Hybrid,West
6932,3837,XUV700,68,959190,2023-09-11,CNG,South
6933,4713,Swift,21,2534758,2024-10-04,Hybrid,North
6934,1030,XUV700,189,2583617,2022-12-20,Hybrid,Central
6935,4446,City,94,882929,2022-10-08,Hybrid,Central
6936,1010,Baleno,75,1318289,2024-04-16,CNG,South
6937,3011,Harrier,157,1784399,2023-01-25,CNG,East
6938,4373,i20,153,780929,2022-09-22,Petrol,Central
6939,3143,Baleno,186,2223821,2022-01-06,Hybrid,Central
6940,4261,Alto,142,413635,2024-07-01,Diesel,West
6941,3500,Harrier,78,2049382,2022-06-17,Petrol,West
6942,3239,XUV700,66,1628404,2022-12-21,CNG,West
6943,1485,Creta,182,2515693,2022-06-22,CNG,Central
6944,2289,Swift,195,469064,2024-04-29,Petrol,Central
6945,2447,Harrier,158,2664551,2022-04-29,Diesel,Central
6946,4199,Alto,146,2412968,2022-06-23,Hybrid,East
6947,3285,Alto,54,1473522,2024-08-16,Hybrid,East
6948,2943,Harrier,100,2336249,2022-05-09,Diesel,East
6949,4426,Swift,21,1342060,2022-07-06,Hybrid,North
6950,2963,XUV700,53,2996810,2024-06-11,CNG,Central
6951,4183,City,83,765589,2023-08-21,Petrol,Central
6952,2851,Alto,144,1301841,2022-07-29,Diesel,South
6953,2469,XUV700,156,2100144,2024-10-05,Petrol,South
6954,2366,City,4,2874907,2024-01-20,Hybrid,North
6955,4216,City,55,1669225,2023-06-16,Hybrid,South
6956,4136,Alto,15,1318339,2024-08-09,CNG,East
6957,4318,Harrier,64,828963,2023-07-14,CNG,North
6958,3782,City,193,1098645,2022-08-16,Hybrid,North
6959,1990,Creta,112,1362388,2023-07-20,Hybrid,North
6960,4561,Baleno,144,1857896,2023-09-06,CNG,West
6961,1824,i20,118,2512079,2022-03-30,CNG,South
6962,2462,Alto,20,1584169,2024-03-25,Diesel,Central
6963,3153,Ertiga,64,2803382,2022-09-07,CNG,West
6964,3228,City,33,2560418,2022-08-13,Diesel,East
6965,3231,Seltos,81,2679752,2024-06-21,Diesel,West
6966,1225,Creta,197,1955276,2024-08-28,Petrol,East
6967,1776,Ertiga,126,1891397,2023-11-04,CNG,Central
6968,3837,XUV700,69,1607725,2022-06-17,Diesel,Central
6969,4980,i20,186,2746459,2022-04-20,Petrol,South
6970,2112,Swift,167,2350218,2022-10-24,Petrol,West
6971,1687,City,164,1879137,2022-08-31,CNG,Central
6972,1529,Swift,94,2910370,2022-07-28,CNG,East
6973,4442,i20,68,710584,2024-10-24,Petrol,Central
6974,1971,Creta,87,2205962,2022-09-18,Diesel,South
6975,1935,Creta,21,1265356,2023-01-15,CNG,East
6976,4984,i20,63,2618563,2022-04-06,Petrol,North
6977,2422,Creta,85,2026829,2024-02-08,Petrol,South
6978,3153,City,134,943979,2024-04-08,Diesel,South
6979,2294,i20,24,2304186,2024-07-14,Hybrid,North
6980,2998,Alto,111,2949196,2023-09-12,Diesel,Central
6981,3878,Seltos,181,850836,2022-09-17,Petrol,South
6982,2526,XUV700,95,2830420,2024-04-10,Diesel,North
6983,1678,Baleno,83,1013595,2023-07-04,CNG,North
6984,4596,Harrier,102,644636,2023-12-01,Petrol,South
6985,3896,Seltos,78,1246677,2023-12-10,Diesel,West
6986,4103,Baleno,178,1294585,2024-10-28,Diesel,South
6987,3440,Harrier,124,1687897,2023-07-17,Diesel,West
6988,1039,Swift,140,2542714,2023-01-08,Diesel,Central
6989,3707,Seltos,184,559306,2022-08-10,Petrol,North
6990,4289,Ertiga,120,1796042,2023-06-15,Diesel,East
6991,4802,Seltos,15,633708,2022-12-16,CNG,South
6992,4028,Creta,83,808914,2022-01-31,Hybrid,East
6993,2105,City,168,2151545,2022-01-22,Hybrid,Central
6994,1844,City,169,2405837,2024-01-24,Hybrid,South
6995,2743,Baleno,197,655644,2022-08-02,CNG,East
6996,3248,Creta,197,989522,2023-12-13,Hybrid,Central
6997,1446,Swift,6,993684,2022-05-20,Petrol,West
6998,4915,City,67,1607513,2024-08-22,Petrol,Central
6999,4499,XUV700,161,2728296,2023-02-13,CNG,South
7000,4109,Swift,171,2463371,2023-03-14,CNG,South
7001,2234,Creta,122,2699986,2024-03-07,Petrol,South
7002,3491,Creta,149,1002542,2022-01-13,CNG,Central
7003,2350,Baleno,84,1034480,2023-05-16,CNG,South
7004,3808,Alto,193,1575234,2023-06-18,Petrol,Central
7005,1226,City,111,2685196,2024-05-10,Petrol,North
7006,1047,Creta,145,1638984,2022-03-17,Diesel,North
7007,4089,Creta,136,983291,2023-01-01,Diesel,North
7008,3959,XUV700,64,1301839,2024-04-20,Hybrid,East
7009,2462,Seltos,126,1489229,2024-06-05,CNG,North
7010,2830,Seltos,28,792647,2023-05-14,Petrol,North
7011,4779,Creta,98,1173621,2023-11-30,Hybrid,Central
7012,1186,Swift,141,1706002,2023-11-11,Diesel,Central
7013,3392,XUV700,13,1626680,2022-07-22,CNG,South
7014,3271,Swift,166,977823,2023-03-22,Hybrid,South
7015,3877,Harrier,153,2216930,2023-06-02,CNG,South
7016,3535,Alto,190,1293270,2022-05-12,Hybrid,Central
7017,2932,Seltos,151,2164463,2022-04-01,CNG,Central
7018,3924,Seltos,86,656653,2023-04-17,CNG,North
7019,1848,XUV700,21,2382451,2023-05-17,Petrol,West
7020,3032,i20,182,2023839,2024-01-31,CNG,Central
7021,2252,Swift,63,2714570,2023-01-22,Diesel,West
7022,2413,City,158,1215468,2024-10-27,Petrol,Central
7023,1978,XUV700,196,978044,2023-08-21,CNG,Central
7024,2612,Baleno,111,1017027,2024-06-26,Diesel,East
7025,2016,i20,76,671449,2024-05-16,Diesel,West
7026,3235,Ertiga,73,2964717,2023-10-19,Hybrid,East
7027,2881,Swift,160,2825732,2022-12-08,Petrol,North
7028,1269,i20,152,665891,2024-10-21,Petrol,East
7029,2630,XUV700,7,2673248,2023-04-09,Hybrid,East
7030,1309,City,72,1733965,2023-04-07,Hybrid,North
7031,4203,Baleno,129,2997190,2024-03-29,Hybrid,West
7032,3043,Alto,131,858825,2023-04-19,Petrol,South
7033,2574,i20,104,2612090,2024-06-06,Diesel,Central
7034,2095,Alto,28,1647681,2024-07-27,Diesel,West
7035,4864,Creta,43,2950114,2023-01-03,CNG,North
7036,3892,Seltos,97,1928340,2023-12-24,Petrol,East
7037,2695,Harrier,46,2636711,2022-10-20,Petrol,South
7038,4258,Seltos,1,1145773,2023-07-22,Hybrid,East
7039,3533,Ertiga,166,969855,2024-05-23,Petrol,Central
7040,4262,City,102,1644497,2024-08-18,Petrol,North
7041,2445,Baleno,35,2700277,2023-08-12,Diesel,South
7042,3167,Alto,54,1165480,2022-09-17,Petrol,West
7043,1219,XUV700,24,2346717,2024-06-26,Diesel,West
7044,1052,Alto,156,1708803,2022-07-03,Diesel,North
7045,2757,City,22,2223629,2022-05-27,Petrol,North
7046,2474,XUV700,16,1424052,2023-08-15,Diesel,East
7047,4483,XUV700,13,1060975,2024-10-14,Hybrid,South
7048,2666,Ertiga,100,2048868,2023-03-16,Diesel,Central
7049,2260,City,100,2680220,2022-08-17,Petrol,North
7050,3805,i20,62,2903446,2024-01-02,Hybrid,South
7051,3785,Seltos,171,2158711,2024-08-04,Hybrid,North
7052,1719,Creta,87,928878,2024-01-10,Petrol,North
7053,1405,Alto,78,1611624,2023-01-13,CNG,West
7054,3655,i20,160,2144588,2024-08-11,Diesel,South
7055,4068,Creta,67,881468,2023-08-23,Diesel,West
7056,3469,Baleno,91,433430,2022-01-23,CNG,West
7057,3759,Harrier,185,1500815,2022-10-20,Hybrid,South
7058,3294,Alto,193,1240345,2023-04-21,CNG,West
7059,1071,Ertiga,197,1285404,2024-08-09,Petrol,East
7060,2853,Creta,177,2852572,2023-03-27,CNG,Central
7061,3232,XUV700,33,802693,2024-06-16,Hybrid,Central
7062,3053,i20,115,2672429,2022-10-12,Petrol,East
7063,2229,Seltos,19,2438076,2023-08-13,Petrol,North
7064,2567,Ertiga,164,2710161,2022-05-02,Petrol,West
7065,4682,Alto,198,1811557,2023-05-26,Diesel,Central
7066,3953,City,124,1864686,2022-01-02,Diesel,South
7067,1386,i20,143,2337758,2024-06-10,Petrol,North
7068,2791,Ertiga,120,2688143,2024-03-09,CNG,Central
7069,1698,Harrier,97,1945650,2023-09-21,Diesel,West
7070,4147,Alto,24,1164173,2023-04-06,Hybrid,Central
7071,2200,Baleno,27,2237926,2024-08-09,Diesel,West
7072,1826,Seltos,177,1237795,2024-08-29,CNG,North
7073,2822,Baleno,75,2079679,2024-09-08,Diesel,East
7074,1348,Creta,23,1371789,2024-03-24,CNG,West
7075,2278,City,161,504726,2022-02-23,CNG,West
7076,4908,Creta,41,1256495,2022-04-19,Diesel,North
7077,4773,Seltos,56,2778395,2022-10-07,CNG,North
7078,1307,i20,157,1868073,2024-04-19,CNG,South
7079,4416,Creta,159,701577,2024-04-16,Hybrid,North
7080,2150,City,193,439875,2022-07-23,Petrol,Central
7081,2960,Swift,98,1060492,2023-06-29,Petrol,West
7082,3334,Swift,146,1019220,2022-11-05,Diesel,East
7083,1765,Ertiga,6,2671463,2023-06-12,CNG,North
7084,1724,Ertiga,180,985179,2024-10-05,Diesel,West
7085,3809,Alto,40,2866262,2023-09-09,Diesel,East
7086,2619,Ertiga,193,2852639,2022-01-31,Petrol,South
7087,4558,Harrier,42,2090159,2022-04-10,CNG,Central
7088,1382,Ertiga,196,1173380,2023-10-29,Diesel,South
7089,4477,Harrier,32,1737916,2024-03-14,Diesel,North
7090,3435,Ertiga,10,2709753,2023-05-10,Petrol,Central
7091,1524,Baleno,69,1240281,2023-04-16,Petrol,South
7092,4628,XUV700,9,635010,2024-01-12,Petrol,West
7093,3686,Harrier,69,641943,2024-01-04,Diesel,North
7094,3985,i20,189,570100,2024-09-24,CNG,South
7095,4697,Alto,139,742625,2022-11-27,Petrol,Central
7096,1275,Seltos,99,1400609,2022-09-09,Petrol,Central
7097,3547,Harrier,196,488915,2024-10-21,CNG,East
7098,3764,Creta,74,1311222,2023-06-02,Diesel,Central
7099,1336,XUV700,103,438877,2022-03-14,Diesel,Central
7100,2973,Baleno,123,2126761,2022-06-05,CNG,North
7101,3979,Swift,102,948136,2023-12-24,Petrol,Central
7102,1480,Baleno,8,1433809,2022-03-10,Hybrid,East
7103,4968,Ertiga,177,806885,2023-04-16,CNG,Central
7104,1910,Alto,152,1720595,2023-05-07,Hybrid,East
7105,2996,XUV700,161,742533,2022-10-27,Diesel,West
7106,4344,Creta,19,2597243,2024-07-06,Diesel,East
7107,4991,Harrier,2,2206888,2023-12-14,Hybrid,North
7108,4129,Baleno,55,1612930,2024-01-21,Petrol,South
7109,2351,XUV700,139,1682477,2023-02-11,Hybrid,South
7110,3033,Harrier,17,1139896,2024-07-27,Petrol,West
7111,2754,Alto,170,2069202,2023-08-03,CNG,North
7112,1108,Seltos,61,2573257,2023-08-05,Diesel,West
7113,4350,Swift,131,1277234,2024-03-09,Diesel,West
7114,4757,Alto,86,2303748,2023-06-13,Hybrid,Central
7115,1327,Ertiga,35,473301,2022-05-17,CNG,Central
7116,2799,City,103,2442312,2022-08-07,Hybrid,North
7117,1314,Seltos,66,2915296,2023-06-02,Hybrid,South
7118,4545,Ertiga,1,842126,2022-05-12,Hybrid,East
7119,2134,Baleno,135,2279907,2023-07-14,Petrol,Central
7120,3746,Seltos,148,1758585,2024-07-16,Diesel,North
7121,1780,Ertiga,171,438182,2022-11-28,Diesel,North
7122,4300,Seltos,119,963397,2022-11-15,Hybrid,South
7123,2520,Alto,134,2108110,2024-09-06,Petrol,North
7124,1155,XUV700,55,2907429,2024-10-30,Diesel,North
7125,2496,Swift,100,989812,2022-06-16,Petrol,South
7126,2724,Swift,21,593180,2022-05-27,CNG,Central
7127,4343,Ertiga,51,2178557,2024-07-27,Petrol,South
7128,1886,Ertiga,174,1297004,2023-03-21,Petrol,West
7129,4073,Seltos,163,2394561,2022-03-11,CNG,Central
7130,3805,Baleno,100,2024802,2024-04-12,Diesel,West
7131,1721,Ertiga,8,1931925,2024-07-07,Diesel,North
7132,4582,Seltos,68,726994,2023-09-08,Petrol,West
7133,1912,i20,107,1836913,2022-11-15,Petrol,South
7134,4357,Swift,144,1405284,2022-02-05,CNG,South
7135,1870,Ertiga,67,823817,2022-09-12,CNG,East
7136,1012,Alto,199,1417069,2024-08-19,Diesel,North
7137,3655,Creta,192,2547476,2022-12-01,Diesel,South
7138,1497,Seltos,2,2125200,2022-10-25,CNG,Central
7139,2756,Swift,1,1265858,2023-04-23,Petrol,South
7140,3285,Ertiga,186,967140,2023-04-17,CNG,Central
7141,2117,XUV700,1,1365411,2024-08-19,Diesel,North
7142,4409,Seltos,102,2649282,2023-04-15,Petrol,East
7143,3828,Baleno,115,1748072,2024-02-06,Hybrid,East
7144,2194,Ertiga,135,1715741,2023-08-13,Hybrid,West
7145,3004,Seltos,88,1209046,2024-03-02,CNG,South
7146,3653,Ertiga,197,1769851,2023-01-21,Diesel,North
7147,3708,City,92,574022,2024-07-30,Petrol,West
7148,2647,Creta,18,2671644,2023-03-22,Hybrid,North
7149,2590,Harrier,88,926919,2022-04-09,Petrol,North
7150,3896,Harrier,160,2110281,2023-10-17,Petrol,West
7151,3983,City,173,2865696,2024-10-23,Petrol,North
7152,2490,Seltos,33,447674,2024-07-22,Petrol,West
7153,3675,Baleno,73,1841043,2024-03-27,CNG,South
7154,1142,Ertiga,177,1475420,2023-10-23,Petrol,West
7155,2224,Seltos,161,1520412,2022-08-20,Hybrid,South
7156,4251,XUV700,199,1439540,2023-08-23,Hybrid,East
7157,3761,Baleno,196,1060959,2024-07-08,CNG,West
7158,4435,XUV700,28,1102733,2022-12-26,Hybrid,East
7159,3526,City,87,1443876,2024-05-21,Petrol,West
7160,1564,Alto,53,2501410,2023-07-10,Hybrid,North
7161,3518,Harrier,44,584343,2022-09-07,Diesel,East
7162,3431,Harrier,80,2009920,2023-08-19,Petrol,Central
7163,2715,Ertiga,183,679405,2022-05-19,CNG,Central
7164,3973,Creta,138,781317,2024-09-16,Diesel,Central
7165,1416,City,14,1201573,2024-06-28,Hybrid,East
7166,2848,Seltos,103,1537660,2022-01-12,Diesel,South
7167,3355,City,36,493219,2024-09-06,Hybrid,West
7168,3696,Seltos,34,943080,2022-09-30,Hybrid,North
7169,2717,City,88,2403708,2023-05-03,Hybrid,North
7170,2390,Alto,146,715244,2023-06-22,CNG,East
7171,4072,i20,16,2621270,2024-09-11,Diesel,Central
7172,2067,Creta,165,1647518,2023-08-11,CNG,North
7173,3786,Seltos,41,793983,2024-02-27,Hybrid,North
7174,2866,Creta,25,429570,2024-07-09,Petrol,South
7175,2121,Baleno,126,608345,2024-10-30,Petrol,North
7176,4791,City,8,1920700,2022-08-31,CNG,North
7177,2288,Ertiga,112,1409925,2024-03-08,Petrol,West
7178,4871,Swift,94,1043859,2022-09-14,Diesel,North
7179,2806,Baleno,84,2583278,2022-11-06,Petrol,West
7180,3187,XUV700,146,913852,2023-05-31,Petrol,Central
7181,2504,Harrier,68,767533,2023-09-28,Hybrid,South
7182,4308,Swift,176,2296588,2024-03-07,Diesel,North
7183,4021,Alto,198,2720918,2022-02-09,Diesel,South
7184,2016,City,67,1075918,2023-08-04,Petrol,South
7185,1952,i20,146,2687085,2022-01-01,Hybrid,South
7186,3951,Alto,111,1963678,2022-03-20,Petrol,East
7187,1071,Seltos,18,1172604,2023-09-12,Petrol,West
7188,2690,Swift,56,814666,2023-05-16,CNG,South
7189,4261,Harrier,151,1092289,2024-09-04,Hybrid,Central
7190,2291,Ertiga,35,1785842,2023-05-01,CNG,North
7191,2344,i20,134,2493178,2023-04-23,Petrol,South
7192,3154,Creta,118,2987878,2022-11-29,Petrol,South
7193,4303,City,26,1650283,2022-01-30,Hybrid,North
7194,4113,Seltos,61,678531,2023-12-28,Diesel,Central
7195,4773,City,88,1300797,2022-06-22,Petrol,South
7196,1882,Alto,15,422319,2024-03-02,Petrol,South
7197,1138,Swift,91,1327613,2023-04-13,CNG,Central
7198,3662,Alto,32,860108,2023-12-24,CNG,South
7199,4754,Swift,140,1872964,2023-02-01,Hybrid,Central
7200,3910,Ertiga,133,811200,2022-05-05,CNG,South
7201,3320,Harrier,64,1607108,2023-11-27,Diesel,North
7202,2504,Creta,199,2017313,2023-06-11,Petrol,Central
7203,3463,Ertiga,86,1568823,2024-10-23,CNG,North
7204,3553,Baleno,155,1928785,2023-06-20,Diesel,North
7205,1732,Harrier,45,1462125,2023-08-24,Petrol,South
7206,2748,Ertiga,35,2506973,2024-09-14,Petrol,Central
7207,4924,i20,26,2246081,2023-08-29,Diesel,East
7208,1423,City,23,1455858,2023-12-01,Petrol,North
7209,4478,Alto,141,2468464,2022-05-19,Diesel,North
7210,2591,Harrier,131,2703007,2022-01-10,Diesel,North
7211,1389,i20,29,2507923,2022-05-10,CNG,South
7212,1341,Alto,194,723636,2023-02-05,Hybrid,South
7213,1945,Baleno,64,1361229,2023-10-04,Diesel,North
7214,1613,XUV700,156,2717506,2023-03-13,CNG,South
7215,1492,Harrier,164,2496834,2022-02-27,Petrol,South
7216,1191,i20,113,2509388,2023-12-01,CNG,South
7217,1498,Alto,134,2795217,2023-02-12,Diesel,West
7218,1821,Alto,139,2783872,2023-02-04,CNG,Central
7219,2735,Ertiga,166,2628390,2022-12-22,Hybrid,South
7220,2256,Swift,118,2642876,2022-04-09,Petrol,West
7221,2968,Ertiga,162,1861430,2023-06-02,CNG,West
7222,1226,i20,67,2761181,2022-04-18,Petrol,South
7223,2394,Seltos,108,2724124,2022-06-01,Diesel,West
7224,3186,City,174,611316,2024-06-24,Hybrid,East
7225,3903,Harrier,86,1547779,2024-04-29,Hybrid,West
7226,1816,Ertiga,29,2401096,2024-01-19,CNG,Central
7227,4220,Alto,60,1906602,2022-01-27,Petrol,West
7228,4186,Alto,54,542841,2022-04-29,Petrol,South
7229,2473,XUV700,93,1923275,2023-12-24,CNG,North
7230,2086,Harrier,69,836363,2022-04-10,CNG,East
7231,1103,XUV700,117,2110385,2022-01-03,CNG,West
7232,2874,City,9,2205372,2024-03-16,CNG,East
7233,1870,Baleno,126,1030747,2022-10-31,Hybrid,Central
7234,1667,Ertiga,77,2767432,2022-06-26,CNG,West
7235,3042,Creta,10,2202599,2022-03-25,Petrol,West
7236,1272,i20,102,1258418,2022-09-20,Diesel,East
7237,2029,i20,196,1229431,2023-04-03,Petrol,West
7238,4218,Baleno,58,489567,2023-02-13,CNG,West
7239,3231,Harrier,113,2266060,2022-07-25,Hybrid,North
7240,2051,Ertiga,180,854497,2024-03-30,CNG,East
7241,2573,City,162,1853138,2024-10-11,Diesel,South
7242,4190,Swift,106,1259035,2024-03-12,CNG,South
7243,1292,XUV700,35,1130585,2024-06-13,Diesel,Central
7244,4442,Baleno,103,2449417,2024-05-22,CNG,North
7245,4315,Swift,103,1292503,2023-01-23,Hybrid,East
7246,4651,XUV700,161,2521424,2024-06-12,Petrol,East
7247,4797,Baleno,160,2894131,2024-02-06,Diesel,North
7248,4289,i20,183,1478651,2024-10-28,Petrol,North
7249,3224,i20,97,2263700,2023-03-26,CNG,Central
7250,4370,Alto,136,1084208,2022-12-08,Petrol,South
7251,4747,XUV700,174,782314,2024-05-09,Hybrid,East
7252,3105,Creta,142,2724501,2022-05-01,Hybrid,North
7253,2292,City,136,1467844,2022-10-29,Petrol,East
7254,1307,Seltos,106,2885183,2024-08-18,Petrol,South
7255,4641,Harrier,71,572692,2024-06-02,Hybrid,East
7256,4359,Harrier,77,1938999,2024-05-30,Diesel,East
7257,1976,XUV700,54,2328282,2022-08-22,Diesel,North
7258,4176,Baleno,21,1968893,2022-03-07,Hybrid,North
7259,2251,Baleno,111,696181,2022-08-18,Hybrid,North
7260,2270,Seltos,75,478434,2024-07-10,Diesel,South
7261,3747,City,14,1597326,2022-02-20,Petrol,West
7262,2517,Ertiga,2,1433201,2023-10-21,Petrol,South
7263,3130,City,189,2259168,2023-01-22,CNG,North
7264,2209,Ertiga,108,1982247,2024-01-23,Diesel,Central
7265,3299,Seltos,145,504882,2023-05-08,Hybrid,East
7266,2378,Ertiga,78,1604212,2022-02-10,CNG,East
7267,2773,Creta,48,2188697,2024-08-03,Petrol,East
7268,4943,Alto,91,1500132,2022-03-27,Diesel,East
7269,2719,City,136,2975850,2022-10-23,CNG,Central
7270,3042,Ertiga,184,1345784,2023-03-01,Petrol,North
7271,1795,i20,17,1098142,2022-07-08,Hybrid,West
7272,1896,Creta,197,1892215,2022-06-10,Petrol,East
7273,2961,City,12,1605943,2023-12-14,Petrol,West
7274,1209,Ertiga,166,2595388,2023-01-16,Diesel,South
7275,3863,i20,146,1299856,2022-09-01,Hybrid,South
7276,4879,Seltos,26,2729296,2022-07-02,Diesel,East
7277,3656,Seltos,37,1808865,2023-06-28,Hybrid,North
7278,3494,XUV700,70,645117,2024-02-18,CNG,Central
7279,3507,Harrier,169,1786007,2024-08-05,Petrol,East
7280,1967,Swift,79,2947321,2022-04-03,Diesel,South
7281,1471,i20,170,867680,2023-01-03,Hybrid,South
7282,4791,XUV700,90,713224,2022-06-08,Diesel,West
7283,3417,Creta,41,1120290,2023-02-02,Petrol,Central
7284,3947,Ertiga,175,2388730,2023-03-14,Petrol,East
7285,4563,City,142,765861,2023-01-08,CNG,North
7286,1922,Baleno,129,1340716,2022-11-02,Hybrid,West
7287,1136,i20,17,423038,2024-09-11,Hybrid,Central
7288,1366,Swift,183,2308638,2024-09-08,CNG,West
7289,3959,Baleno,53,1208883,2022-11-25,CNG,North
7290,1183,Alto,118,1993385,2022-12-09,Hybrid,South
7291,4659,Swift,109,2197240,2023-12-25,Hybrid,East
7292,4358,XUV700,159,520631,2022-06-07,Diesel,East
7293,3519,Swift,190,1256395,2022-12-16,Hybrid,North
7294,2398,Ertiga,136,2099271,2023-12-27,Diesel,East
7295,3701,City,158,1817556,2022-12-31,Diesel,East
7296,3796,Creta,77,1729492,2022-01-15,Diesel,West
7297,1536,Baleno,80,559135,2022-06-02,Diesel,North
7298,4582,Swift,194,2340304,2023-06-16,Petrol,West
7299,3849,Ertiga,45,1630500,2024-08-24,CNG,East
7300,2602,Seltos,18,2626357,2024-05-04,CNG,Central
7301,2273,Swift,99,574830,2023-04-14,Hybrid,Central
7302,3967,Swift,173,2839621,2024-05-28,CNG,West
7303,3557,Harrier,147,599538,2023-08-19,CNG,South
7304,3677,Baleno,68,674518,2023-01-02,Petrol,South
7305,4049,Harrier,83,2548137,2023-10-03,Diesel,North
7306,2096,Harrier,50,1735503,2024-05-11,Diesel,Central
7307,2305,City,25,1857355,2024-06-12,Diesel,Central
7308,1915,Ertiga,166,1753913,2023-08-12,CNG,West
7309,4431,Harrier,121,661204,2022-04-02,CNG,East
7310,4081,Swift,164,2556183,2023-04-03,Hybrid,North
7311,4282,XUV700,68,1491739,2023-01-22,Petrol,West
7312,4906,XUV700,56,2856084,2023-01-06,Petrol,South
7313,1151,Seltos,39,1685505,2022-07-03,Hybrid,East
7314,2028,XUV700,63,1015250,2024-02-11,Hybrid,North
7315,2218,Seltos,128,815886,2022-07-24,Hybrid,East
7316,2977,XUV700,135,686464,2024-08-11,Diesel,South
7317,4354,Alto,122,2778289,2022-06-21,Diesel,West
7318,3511,Seltos,186,2552482,2024-04-04,Diesel,West
7319,4184,i20,59,826207,2022-08-10,Diesel,Central
7320,1270,Baleno,48,1102856,2023-09-07,Hybrid,West
7321,2186,Baleno,133,1463319,2022-06-16,Hybrid,Central
7322,1459,Baleno,36,2314551,2022-05-22,Hybrid,West
7323,1104,Ertiga,88,2608040,2022-05-05,Diesel,North
7324,4764,City,25,1555394,2022-03-31,Diesel,South
7325,4627,Creta,173,2568661,2022-11-07,CNG,East
7326,4353,City,19,1663654,2024-08-09,Hybrid,South
7327,2710,Seltos,135,1936504,2022-08-04,Petrol,South
7328,3209,City,186,619888,2024-06-01,Petrol,Central
7329,3398,XUV700,66,2494616,2024-01-31,CNG,Central
7330,1433,Seltos,80,833647,2022-04-06,Diesel,North
7331,3899,City,167,2553588,2023-12-11,Hybrid,East
7332,1139,City,125,2781141,2022-05-29,Diesel,West
7333,2494,Harrier,146,2532207,2024-07-16,Diesel,West
7334,4203,Alto,103,2555964,2023-12-16,Petrol,South
7335,1086,Ertiga,129,2591187,2024-06-01,Petrol,North
7336,2711,Seltos,191,654948,2022-12-24,Hybrid,East
7337,3230,Creta,131,2860134,2023-08-11,Hybrid,West
7338,3415,Baleno,127,2224154,2022-11-12,Diesel,South
7339,1128,Swift,21,1350894,2024-06-03,Diesel,North
7340,2269,i20,126,2001264,2023-03-26,CNG,East
7341,4672,City,124,2575273,2024-04-24,Diesel,South
7342,2601,Baleno,158,2088627,2022-03-31,CNG,South
7343,1669,XUV700,11,537948,2023-06-25,Diesel,North
7344,4970,i20,22,2938472,2022-06-25,Diesel,North
7345,4449,Alto,111,2358191,2023-10-10,Diesel,North
7346,1148,Baleno,125,2969503,2024-06-19,Hybrid,North
7347,1984,Harrier,57,1801495,2023-11-18,Hybrid,East
7348,1851,Baleno,89,2092789,2023-01-29,Hybrid,North
7349,2456,Alto,131,1468954,2023-05-19,CNG,North
7350,1627,Baleno,158,657447,2024-08-13,CNG,North
7351,4797,City,128,2332054,2022-04-10,Hybrid,East
7352,2492,Baleno,45,2467078,2023-03-01,CNG,West
7353,3493,Harrier,36,1141584,2024-06-24,Hybrid,South
7354,3044,Ertiga,87,507014,2023-05-11,Petrol,Central
7355,4552,Alto,118,1963869,2023-10-13,Hybrid,South
7356,1883,Harrier,72,2003660,2024-09-24,Petrol,East
7357,3341,Seltos,192,1503637,2022-05-20,Diesel,North
7358,2788,Baleno,182,1809936,2022-11-16,CNG,East
7359,4214,Creta,68,2324370,2023-01-04,CNG,West
7360,1249,Baleno,178,2492894,2022-10-24,Hybrid,Central
7361,3925,Alto,103,1453478,2024-03-06,Diesel,West
7362,1947,i20,159,1710142,2023-05-16,Diesel,North
7363,1974,Harrier,29,722743,2022-09-16,Diesel,East
7364,2325,Creta,187,1824032,2022-01-18,Diesel,East
7365,4096,Seltos,164,1095896,2022-04-20,CNG,North
7366,3836,XUV700,105,2052472,2022-11-27,Hybrid,North
7367,1983,Seltos,73,748097,2024-08-03,Hybrid,Central
7368,1888,Harrier,119,2875623,2022-09-25,Petrol,West
7369,3937,i20,85,2306987,2023-03-11,CNG,North
7370,4972,Harrier,195,503146,2023-03-26,Petrol,North
7371,3117,Swift,89,955281,2022-10-24,Diesel,West
7372,3672,Creta,89,596868,2023-12-20,Hybrid,North
7373,1874,i20,76,1565323,2024-10-17,Petrol,Central
7374,4183,Creta,139,2010743,2022-07-03,CNG,Central
7375,4435,Harrier,116,1714608,2023-02-16,Hybrid,West
7376,2326,Ertiga,139,1718146,2022-11-16,CNG,South
7377,1470,Creta,154,2726797,2024-01-11,Hybrid,Central
7378,2987,Swift,53,1196479,2024-03-15,CNG,East
7379,1090,City,142,1597687,2023-02-21,CNG,East
7380,1529,i20,64,1352805,2024-05-31,Hybrid,South
7381,1660,Swift,138,838330,2024-03-01,CNG,Central
7382,1738,Swift,31,1967361,2022-03-31,CNG,North
7383,3773,XUV700,36,1207798,2024-01-29,Diesel,South
7384,1871,Ertiga,10,813961,2023-07-28,Hybrid,North
7385,2686,Baleno,26,586342,2024-08-20,Petrol,East
7386,1191,Ertiga,20,1066713,2024-07-24,Hybrid,South
7387,2986,Alto,125,1211512,2023-03-02,Hybrid,Central
7388,4623,XUV700,44,2515940,2024-06-01,Diesel,East
7389,4313,Harrier,62,1352473,2024-02-25,Petrol,Central
7390,3185,Harrier,79,2886757,2023-06-19,Petrol,North
7391,1344,Seltos,9,2109595,2022-10-12,Petrol,Central
7392,4251,Baleno,71,1744641,2023-09-14,CNG,South
7393,2008,Alto,90,1059521,2023-05-19,CNG,North
7394,4783,Creta,24,2196475,2022-02-15,CNG,South
7395,3550,Ertiga,140,909240,2023-06-21,Petrol,North
7396,1202,i20,60,1211414,2022-03-03,Hybrid,South
7397,1572,Swift,84,1255446,2022-12-02,Hybrid,East
7398,1191,Creta,120,1635558,2022-07-30,Petrol,South
7399,3052,Seltos,78,2655396,2023-02-04,Petrol,East
7400,2913,Ertiga,16,1044344,2023-12-10,Diesel,West
7401,4308,i20,29,2834992,2022-12-13,CNG,Central
7402,2716,Seltos,160,588876,2023-01-12,CNG,North
7403,1310,Swift,119,2073614,2024-03-31,CNG,Central
7404,3596,XUV700,35,870683,2024-07-07,Diesel,East
7405,3103,Baleno,43,2200642,2022-02-13,Diesel,East
7406,1442,XUV700,96,856323,2024-03-10,Diesel,East
7407,2260,i20,119,2818222,2024-02-26,Petrol,South
7408,1869,XUV700,53,997425,2024-01-03,Diesel,Central
7409,4932,i20,20,896571,2024-08-25,Hybrid,East
7410,4268,Alto,115,2305346,2023-10-14,Petrol,West
7411,1584,Alto,8,1821414,2023-06-06,Petrol,East
7412,2594,City,122,1390890,2022-04-21,CNG,Central
7413,3799,City,42,775865,2023-08-31,CNG,East
7414,2537,XUV700,77,1913576,2024-06-14,Diesel,East
7415,4520,Harrier,70,1498699,2023-06-08,Hybrid,North
7416,1359,XUV700,111,1112856,2022-05-26,Petrol,East
7417,2723,XUV700,16,2705560,2022-09-21,Petrol,Central
7418,3866,Harrier,69,2222584,2023-04-13,Petrol,North
7419,3077,Baleno,53,2325849,2024-05-21,CNG,North
7420,2802,Ertiga,173,838345,2024-08-16,CNG,East
7421,3011,Harrier,179,2854290,2023-11-10,Hybrid,East
7422,3155,i20,6,1809709,2024-01-28,CNG,West
7423,1843,Ertiga,123,2058672,2024-07-07,Hybrid,Central
7424,2625,Swift,33,2293931,2023-07-29,CNG,Central
7425,3764,Baleno,15,1465928,2023-12-07,Hybrid,South
7426,1890,Swift,14,856994,2024-04-13,CNG,South
7427,2991,City,167,598641,2024-03-24,CNG,Central
7428,2982,Creta,63,2995747,2023-02-03,Diesel,East
7429,1959,Alto,5,2518797,2023-08-25,Diesel,North
7430,2468,Swift,121,2235653,2022-11-24,Diesel,West
7431,3940,Seltos,90,1742495,2023-01-30,Hybrid,East
7432,2461,XUV700,107,659806,2023-07-02,Hybrid,North
7433,1731,i20,180,2768567,2024-07-07,Hybrid,Central
7434,4961,Swift,16,1880996,2022-03-18,Hybrid,East
7435,1605,Swift,99,556284,2024-10-14,Diesel,West
7436,3504,Creta,166,2870117,2022-05-09,Petrol,South
7437,1614,City,53,2913849,2023-06-03,CNG,North
7438,4806,XUV700,77,1948388,2022-10-31,CNG,East
7439,3745,XUV700,93,2984397,2023-12-26,Hybrid,West
7440,3004,Creta,181,2592163,2024-06-30,Diesel,East
7441,2719,Harrier,174,1954698,2024-03-26,Petrol,Central
7442,4566,Creta,98,1903233,2024-08-31,Diesel,North
7443,1673,Seltos,98,2570901,2024-03-29,CNG,Central
7444,2270,Ertiga,143,2299755,2022-12-29,Hybrid,Central
7445,3590,Seltos,59,2499055,2024-03-19,Hybrid,South
7446,2587,Creta,178,566416,2023-07-24,Diesel,Central
7447,3904,Alto,137,1430531,2024-08-27,Hybrid,West
7448,2611,Harrier,26,1797254,2022-12-19,Petrol,North
7449,1896,Alto,3,1046990,2023-09-02,CNG,South
7450,2462,Seltos,100,1204751,2023-04-13,Petrol,East
7451,1277,XUV700,47,1809639,2024-07-12,Diesel,Central
7452,1551,Seltos,5,1076801,2023-01-23,CNG,East
7453,2636,Baleno,62,2835474,2024-01-29,Petrol,South
7454,3158,City,84,2921471,2023-03-18,Petrol,East
7455,3432,i20,133,542582,2023-05-31,Petrol,West
7456,4904,Baleno,138,1396442,2024-04-22,CNG,South
7457,1760,Creta,80,2306999,2022-02-14,CNG,North
7458,4262,Swift,63,2144308,2023-12-24,Hybrid,North
7459,4561,Alto,25,468309,2024-01-26,Diesel,North
7460,3741,Ertiga,44,1622698,2022-07-22,Hybrid,North
7461,2449,Baleno,153,1699529,2023-06-23,Diesel,South
7462,1404,Harrier,158,951665,2023-01-21,CNG,South
7463,2358,Alto,14,2817632,2023-09-22,Petrol,South
7464,2232,Baleno,86,2834608,2024-08-25,Hybrid,Central
7465,1021,XUV700,171,1281373,2024-01-08,CNG,South
7466,1677,i20,156,721373,2022-12-26,CNG,South
7467,3658,Seltos,19,1434448,2024-09-09,CNG,South
7468,3028,Seltos,102,969457,2022-07-24,Hybrid,North
7469,2231,Baleno,170,703166,2024-09-17,CNG,West
7470,3055,Creta,20,2563695,2023-01-01,Diesel,North
7471,3749,Harrier,79,1279387,2022-09-10,Diesel,West
7472,4758,Creta,139,1655358,2022-03-19,Petrol,West
7473,2808,Alto,182,1848995,2024-02-08,Hybrid,West
7474,1528,City,98,2271500,2023-09-24,Hybrid,North
7475,3037,i20,121,1280957,2024-09-13,Hybrid,Central
7476,3649,i20,152,1148227,2023-02-21,Hybrid,East
7477,2676,Seltos,198,1799239,2022-11-08,Hybrid,Central
7478,1656,i20,17,1504215,2022-07-16,CNG,North
7479,1165,Creta,156,2461351,2024-09-23,CNG,West
7480,1848,Harrier,50,2013549,2022-09-17,Diesel,East
7481,1495,Harrier,183,617501,2023-08-19,Hybrid,Central
7482,1589,Seltos,10,823133,2023-06-18,Hybrid,South
7483,1428,Baleno,149,1437592,2022-01-24,Hybrid,Central
7484,3821,Harrier,58,2517856,2024-07-31,Diesel,North
7485,1162,Creta,162,2330696,2024-07-11,Hybrid,East
7486,3413,Swift,95,2948889,2023-11-10,Hybrid,South
7487,4597,Baleno,107,1758103,2022-04-20,CNG,East
7488,2262,City,171,1652390,2022-03-31,Diesel,East
7489,1071,Ertiga,139,2239724,2022-02-06,CNG,Central
7490,4516,XUV700,33,1373774,2024-04-01,Petrol,West
7491,1654,i20,186,2598076,2024-09-19,Hybrid,Central
7492,4893,i20,46,812136,2023-07-26,Petrol,South
7493,4580,Swift,189,442928,2023-08-07,Hybrid,North
7494,4866,Baleno,190,882216,2022-11-03,Petrol,Central
7495,1268,Seltos,129,1945413,2022-03-03,CNG,West
7496,2776,Creta,149,2248595,2022-11-01,Diesel,West
7497,3462,Swift,62,2236203,2022-06-28,Petrol,Central
7498,2268,XUV700,192,787855,2023-06-24,CNG,South
7499,2015,Harrier,87,2219028,2024-07-20,Petrol,West
7500,3722,Seltos,73,1302414,2024-07-20,Petrol,West
7501,2083,Ertiga,184,2126374,2024-04-24,Diesel,South
7502,1005,Seltos,1,1992873,2024-01-20,CNG,South
7503,4780,Swift,21,2603324,2024-01-09,Diesel,South
7504,1981,City,22,2757378,2024-03-07,Hybrid,South
7505,3617,Swift,182,1700081,2024-01-17,Diesel,Central
7506,4888,Swift,4,2504716,2023-09-19,Diesel,Central
7507,1406,Swift,65,1155537,2023-03-29,Petrol,East
7508,4288,Seltos,179,2590847,2024-04-10,Petrol,East
7509,2953,Swift,63,2728105,2024-01-28,Petrol,East
7510,3073,Baleno,143,618371,2024-05-10,CNG,West
7511,4886,Seltos,36,1723288,2024-03-29,Diesel,South
7512,4076,Harrier,29,2066403,2023-01-16,Hybrid,Central
7513,1985,Baleno,180,1709091,2023-10-11,Petrol,Central
7514,4603,XUV700,174,2830143,2022-09-03,Hybrid,South
7515,1389,Harrier,69,2273323,2022-09-08,Diesel,East
7516,1709,Ertiga,157,2089947,2023-07-19,Diesel,West
7517,3618,i20,111,1496226,2024-06-27,Diesel,Central
7518,2471,Seltos,175,1513003,2024-03-31,Hybrid,North
7519,1753,i20,153,1008657,2023-12-16,Hybrid,West
7520,3193,Seltos,144,494957,2023-04-17,Hybrid,West
7521,2411,Harrier,100,1681448,2022-05-02,Diesel,East
7522,3832,Ertiga,41,739460,2024-02-20,Diesel,South
7523,2272,Creta,193,2012735,2024-01-18,Petrol,North
7524,1525,Creta,197,1685447,2022-05-01,CNG,East
7525,2485,Baleno,148,618091,2022-05-19,Hybrid,South
7526,3060,Swift,197,2615134,2022-03-28,CNG,North
7527,3950,Swift,164,1697244,2022-05-10,Hybrid,Central
7528,3431,Creta,186,667560,2022-09-09,Hybrid,North
7529,1555,Harrier,48,415251,2024-02-26,CNG,East
7530,3934,Ertiga,130,1441750,2022-02-16,CNG,North
7531,4470,Baleno,157,2431527,2023-05-16,Hybrid,North
7532,1018,Harrier,144,1899476,2023-03-01,Diesel,North
7533,1574,Swift,163,2216012,2024-08-22,Petrol,Central
7534,4562,Baleno,111,2756615,2024-01-01,Hybrid,South
7535,3798,i20,62,917656,2022-04-21,Petrol,North
7536,2003,Alto,107,2814118,2022-05-15,Diesel,West
7537,3466,XUV700,106,1647652,2023-09-02,Diesel,East
7538,4408,Baleno,132,1110660,2024-09-13,Petrol,West
7539,3466,Swift,113,443655,2023-03-04,Hybrid,South
7540,2938,Harrier,68,2368107,2022-07-18,Petrol,East
7541,2939,i20,179,1537667,2023-07-14,Hybrid,South
7542,2635,XUV700,89,2640168,2022-09-16,CNG,East
7543,2698,XUV700,161,662459,2023-12-26,Hybrid,West
7544,4999,Baleno,78,2707893,2023-11-05,CNG,West
7545,3169,XUV700,152,2595986,2022-05-17,CNG,Central
7546,1431,i20,75,817484,2024-07-04,Petrol,South
7547,3091,Ertiga,25,2081762,2024-07-24,CNG,West
7548,2895,Harrier,156,1382048,2023-01-16,Petrol,East
7549,2943,Baleno,7,2348810,2022-08-26,Petrol,North
7550,2340,XUV700,113,1903580,2023-11-19,Diesel,North
7551,3428,Ertiga,36,1810091,2023-04-03,Petrol,North
7552,1144,Harrier,10,1809751,2022-03-23,Diesel,Central
7553,4398,Seltos,113,2317171,2023-08-18,Diesel,West
7554,3410,Ertiga,36,2298504,2023-10-16,Petrol,South
7555,2073,Seltos,18,491897,2023-02-07,Hybrid,South
7556,2088,Seltos,134,2066126,2024-04-01,Hybrid,Central
7557,3402,Ertiga,135,2963828,2022-07-07,Petrol,East
7558,1799,XUV700,102,1529661,2023-05-08,CNG,West
7559,4235,Seltos,140,1769572,2022-09-12,Petrol,West
7560,4212,XUV700,169,1129358,2023-03-01,CNG,East
7561,3873,XUV700,191,2827009,2023-04-30,Hybrid,East
7562,2151,Harrier,25,2743749,2023-03-12,CNG,West
7563,3445,City,181,1681030,2022-06-29,Petrol,West
7564,2956,i20,33,835952,2024-06-19,CNG,North
7565,3927,XUV700,87,2464063,2023-10-06,Diesel,South
7566,1462,Harrier,73,1135016,2022-05-19,Diesel,North
7567,2774,Alto,6,778482,2024-02-26,Petrol,North
7568,3045,Seltos,190,2500100,2022-04-12,Petrol,South
7569,4907,Baleno,194,2106456,2023-04-13,Petrol,Central
7570,1807,XUV700,137,2701029,2022-10-10,Hybrid,Central
7571,1186,Ertiga,67,1838014,2022-01-18,Hybrid,Central
7572,2743,Seltos,144,462976,2024-01-26,Hybrid,Central
7573,1731,Seltos,93,544408,2023-11-18,Diesel,East
7574,2935,Alto,108,915501,2023-08-24,CNG,North
7575,2213,Baleno,183,1441556,2023-03-09,Diesel,East
7576,2411,Harrier,168,1295446,2023-01-11,CNG,East
7577,1428,Alto,26,1596394,2024-10-07,CNG,South
7578,3905,i20,38,2227465,2023-12-17,Petrol,Central
7579,2307,Seltos,163,1254224,2024-10-20,Petrol,West
7580,4935,XUV700,196,2239366,2024-01-07,Hybrid,Central
7581,3284,XUV700,187,1066699,2022-08-09,Petrol,North
7582,2217,Alto,142,2256253,2022-09-11,Diesel,East
7583,2310,i20,175,1053312,2024-01-06,Diesel,North
7584,1770,Creta,103,1692435,2024-04-05,Diesel,East
7585,1757,Swift,199,461086,2022-01-30,Petrol,East
7586,1135,Ertiga,42,586179,2024-02-26,Petrol,East
7587,1791,Ertiga,179,1652313,2022-01-10,CNG,West
7588,4854,Creta,147,1628437,2023-03-06,CNG,Central
7589,1170,Seltos,66,2211584,2023-11-29,Petrol,East
7590,3206,Harrier,175,1358077,2022-05-04,Diesel,South
7591,3248,Baleno,193,2946176,2022-02-20,Petrol,East
7592,4558,Creta,42,626805,2023-02-02,Hybrid,Central
7593,2580,i20,38,2103060,2022-11-10,Hybrid,Central
7594,1961,XUV700,141,1953036,2023-10-10,Diesel,West
7595,4847,Swift,106,2675316,2023-05-29,Hybrid,East
7596,3630,Seltos,172,2318056,2023-05-17,Petrol,South
7597,4575,Swift,152,2976849,2023-06-14,Petrol,West
7598,1875,Baleno,96,1949051,2023-11-28,CNG,West
7599,3418,XUV700,158,1890200,2024-01-04,Hybrid,East
7600,1102,i20,70,1308694,2024-05-09,Hybrid,East
7601,2001,Ertiga,38,1141207,2023-02-23,Hybrid,West
7602,2148,Baleno,97,1513700,2022-07-13,Hybrid,West
7603,4384,Creta,108,2794905,2022-11-08,Diesel,West
7604,4023,Ertiga,119,2377219,2024-09-22,Diesel,North
7605,3845,Ertiga,151,638242,2023-12-23,Petrol,West
7606,2481,i20,74,843376,2023-04-21,Hybrid,Central
7607,4301,Creta,57,2154723,2023-08-07,CNG,South
7608,1657,Alto,110,2657176,2022-04-27,Petrol,South
7609,3929,Baleno,79,1177309,2022-09-21,Petrol,East
7610,2220,Harrier,151,1951126,2022-01-21,Diesel,West
7611,4956,City,36,477538,2023-04-22,Petrol,South
7612,3780,XUV700,57,2283486,2023-07-03,CNG,South
7613,1422,i20,129,1511101,2024-08-05,Hybrid,Central
7614,3619,XUV700,3,2042112,2024-10-17,Petrol,Central
7615,4681,Baleno,14,2626362,2022-07-25,CNG,North
7616,1170,Creta,34,1382595,2023-09-23,Diesel,North
7617,4453,Harrier,70,701970,2022-06-28,Diesel,South
7618,3220,City,69,1375389,2024-06-06,Hybrid,East
7619,3710,Swift,179,681472,2022-12-08,Petrol,South
7620,1452,Harrier,104,1531823,2023-03-16,CNG,East
7621,3397,i20,29,2240914,2022-10-17,Diesel,South
7622,4973,XUV700,48,713556,2023-07-11,CNG,Central
7623,2975,Harrier,94,2056213,2023-10-11,Diesel,West
7624,2657,Seltos,79,1181105,2022-07-27,Diesel,South
7625,3541,Creta,117,1326657,2022-09-29,Hybrid,North
7626,3667,Creta,144,1936916,2023-02-19,CNG,East
7627,4075,Seltos,185,910866,2023-01-19,CNG,East
7628,4164,Ertiga,138,484388,2024-06-09,CNG,South
7629,3966,Ertiga,147,775102,2023-10-22,Diesel,East
7630,3053,Baleno,67,1337116,2022-09-04,Hybrid,North
7631,1287,Alto,164,2528059,2023-02-18,CNG,Central
7632,2641,Swift,132,2592859,2023-12-16,Petrol,West
7633,4217,Seltos,75,791329,2022-06-30,CNG,West
7634,4854,Baleno,161,874200,2024-08-01,Diesel,East
7635,2447,XUV700,28,1059326,2024-06-11,Hybrid,South
7636,2913,Seltos,121,507412,2022-03-02,CNG,East
7637,1607,Alto,9,1076761,2022-06-15,CNG,North
7638,1456,Seltos,134,2649763,2024-10-05,CNG,South
7639,2764,Alto,123,1512110,2023-10-17,Petrol,Central
7640,2225,Alto,49,2533707,2022-12-17,Diesel,North
7641,2235,Alto,91,2997803,2022-09-20,Petrol,Central
7642,2029,Creta,125,1721190,2022-05-04,Petrol,South
7643,3671,Harrier,76,1763644,2024-07-20,Diesel,Central
7644,3423,Creta,150,1680164,2022-05-19,Diesel,North
7645,4962,Baleno,104,2471251,2024-05-09,CNG,North
7646,1446,Creta,176,2293962,2022-05-14,Diesel,East
7647,1834,Creta,149,786651,2024-03-29,CNG,South
7648,4177,XUV700,33,1929405,2024-10-14,Petrol,West
7649,4722,Seltos,184,1616407,2023-04-02,CNG,West
7650,1810,Creta,157,1725455,2023-03-14,Diesel,Central
7651,2424,City,53,971299,2023-11-11,CNG,West
7652,4167,Alto,40,1297153,2023-10-09,Petrol,West
7653,2411,Seltos,18,1164669,2023-09-14,Diesel,North
7654,1958,Ertiga,175,2360381,2022-01-24,Diesel,North
7655,2475,XUV700,13,2795967,2024-03-19,Hybrid,North
7656,3896,Harrier,155,785052,2024-07-23,CNG,West
7657,1808,XUV700,190,903771,2023-01-05,CNG,Central
7658,1978,Alto,74,1150793,2024-09-23,CNG,South
7659,4972,Seltos,96,764118,2022-06-20,Petrol,East
7660,3463,Harrier,105,2224351,2022-08-10,Petrol,Central
7661,1725,Swift,173,2321822,2023-03-19,Diesel,North
7662,4575,i20,131,538192,2024-05-11,Diesel,Central
7663,3501,XUV700,150,1456435,2023-01-11,Petrol,South
7664,4362,Harrier,155,2396691,2022-10-08,CNG,North
7665,4605,Baleno,183,2468040,2023-12-14,CNG,South
7666,2216,Harrier,67,576549,2024-08-15,Petrol,East
7667,3197,i20,33,2256193,2024-03-21,CNG,Central
7668,2903,Alto,2,1424017,2024-04-06,Petrol,East
7669,3806,Seltos,75,2975058,2023-05-01,CNG,West
7670,1778,Swift,174,1040006,2022-12-01,CNG,Central
7671,1972,Baleno,74,2036770,2024-01-12,Hybrid,West
7672,3810,Harrier,161,469745,2023-02-14,Diesel,South
7673,4049,City,186,488915,2022-02-23,CNG,West
7674,2538,Creta,135,811219,2023-12-02,CNG,South
7675,2416,Alto,143,2457042,2022-12-15,Petrol,East
7676,4387,XUV700,26,1688040,2024-09-01,Hybrid,North
7677,3123,XUV700,139,2588239,2023-01-28,Hybrid,East
7678,1598,i20,128,1264348,2023-07-08,Petrol,West
7679,4341,Alto,166,1982571,2024-04-26,Petrol,South
7680,1224,Baleno,27,1079739,2022-03-22,Petrol,West
7681,2553,Ertiga,135,2316439,2024-04-05,CNG,North
7682,3160,Swift,129,2483294,2024-01-14,Petrol,Central
7683,3298,Baleno,21,2577900,2022-06-26,Diesel,Central
7684,4304,Swift,79,1528435,2023-05-26,Petrol,Central
7685,1840,Seltos,158,1772299,2022-05-19,CNG,West
7686,2814,Seltos,94,1305309,2023-04-18,Diesel,Central
7687,1713,Alto,8,472884,2023-06-26,CNG,South
7688,2106,Alto,83,1121471,2022-07-13,Diesel,North
7689,1124,XUV700,3,1095299,2023-05-01,Diesel,East
7690,4246,Creta,55,654557,2024-03-15,Diesel,South
7691,2092,i20,143,2613658,2022-09-04,CNG,North
7692,4118,Creta,36,2981295,2023-09-22,Diesel,East
7693,3931,Baleno,6,2060807,2023-03-14,Hybrid,Central
7694,2279,XUV700,121,1901776,2022-03-14,Hybrid,East
7695,2750,Swift,42,2868525,2024-01-24,CNG,West
7696,1029,Ertiga,50,1092669,2024-04-10,Hybrid,West
7697,3328,Harrier,112,2189716,2022-04-04,Diesel,Central
7698,3971,City,146,1368170,2023-03-11,Petrol,Central
7699,3017,Seltos,50,794283,2023-04-02,Petrol,South
7700,4308,Creta,30,472445,2022-08-17,Diesel,South
7701,4319,i20,39,2856197,2022-01-30,Hybrid,West
7702,3415,Ertiga,116,583863,2022-12-01,Diesel,North
7703,1494,Ertiga,140,1605773,2023-10-22,Petrol,South
7704,4096,Seltos,59,2288717,2023-07-23,Petrol,North
7705,2609,City,76,703204,2022-06-26,CNG,West
7706,1717,Alto,172,2139520,2024-04-03,Petrol,South
7707,4561,Ertiga,132,2135538,2023-07-22,CNG,North
7708,2016,Baleno,164,2349033,2023-02-13,Hybrid,North
7709,4565,Baleno,48,1956887,2024-02-16,Diesel,South
7710,2337,Alto,142,1991763,2022-03-18,CNG,Central
7711,1605,Swift,81,600660,2024-07-21,Diesel,East
7712,1374,XUV700,49,2415490,2023-09-28,CNG,Central
7713,3686,Alto,67,2115949,2023-06-24,Hybrid,East
7714,2960,City,77,2484451,2022-01-12,Hybrid,North
7715,2048,Baleno,137,1813744,2022-06-18,CNG,South
7716,2357,Ertiga,21,2402574,2024-04-10,CNG,West
7717,4426,Baleno,105,924966,2023-03-25,Hybrid,South
7718,1115,Harrier,72,1965955,2023-03-25,Diesel,Central
7719,3095,XUV700,16,1085712,2023-03-03,Hybrid,East
7720,4809,i20,144,1232229,2024-08-13,Diesel,South
7721,2801,Harrier,28,1063819,2024-07-04,CNG,East
7722,3146,Swift,179,1749614,2023-09-23,Diesel,Central
7723,2482,Seltos,184,2983583,2022-08-14,CNG,Central
7724,2546,Harrier,80,1808922,2023-03-23,Diesel,South
7725,2620,Swift,57,1789483,2022-07-22,CNG,West
7726,3452,Swift,110,470442,2024-08-25,Petrol,West
7727,4285,i20,52,407898,2023-11-06,Petrol,East
7728,1684,Seltos,174,2809648,2023-09-26,Hybrid,South
7729,3950,Creta,166,2399964,2022-01-16,Hybrid,North
7730,3550,Alto,84,2831176,2023-09-10,CNG,Central
7731,4792,Ertiga,48,782762,2023-03-16,Diesel,East
7732,2471,City,127,1818114,2024-08-28,CNG,Central
7733,3941,City,169,1166876,2023-01-27,Petrol,East
7734,2599,City,98,1990306,2023-12-25,Petrol,South
7735,3305,Creta,118,2815732,2024-01-06,CNG,East
7736,3891,Alto,187,2743599,2022-08-08,Petrol,East
7737,3168,City,93,1962057,2024-10-28,Hybrid,North
7738,1809,Alto,67,1962070,2023-03-22,CNG,East
7739,1977,Ertiga,74,2626086,2022-01-14,Hybrid,West
7740,3101,City,84,1882712,2023-01-22,Hybrid,East
7741,4066,Seltos,194,1570327,2023-10-04,Hybrid,East
7742,2354,Swift,155,900499,2022-08-13,Petrol,South
7743,1783,City,160,2231273,2022-08-23,Diesel,East
7744,1240,Alto,184,1489739,2024-09-26,Diesel,North
7745,2778,Swift,10,2393873,2023-12-12,Diesel,South
7746,2553,i20,168,1975355,2024-03-02,Hybrid,Central
7747,1482,City,145,1273174,2023-03-13,CNG,West
7748,2012,City,186,1507958,2023-08-04,Hybrid,West
7749,1186,Harrier,118,2314472,2023-11-18,Hybrid,Central
7750,2881,Swift,97,2574248,2022-12-31,CNG,East
7751,3703,City,6,1455587,2022-09-26,Diesel,North
7752,3309,Seltos,167,2977988,2022-03-19,Diesel,North
7753,1952,Ertiga,18,2410598,2022-07-08,Diesel,North
7754,2387,Swift,72,2108798,2023-11-02,Hybrid,North
7755,1490,Ertiga,89,2273126,2022-12-24,Hybrid,East
7756,1430,XUV700,42,655178,2024-08-16,Petrol,Central
7757,1238,Alto,4,1250281,2022-12-02,Diesel,Central
7758,3351,i20,20,1395722,2024-06-21,Hybrid,West
7759,3345,Harrier,28,2673527,2022-12-07,Petrol,Central
7760,1075,Seltos,168,2620945,2024-04-13,Hybrid,North
7761,4771,i20,193,1818635,2023-07-21,Hybrid,East
7762,2356,Harrier,104,415096,2022-03-13,Diesel,South
7763,2923,i20,44,728035,2023-02-15,CNG,South
7764,4046,i20,23,1857492,2024-06-16,Hybrid,North
7765,2781,Baleno,185,1767582,2024-04-17,Hybrid,West
7766,3689,Alto,47,2391276,2023-10-06,Hybrid,South
7767,4545,Creta,13,497186,2022-01-21,Diesel,North
7768,1826,Harrier,144,708762,2024-10-21,Hybrid,East
7769,4994,Seltos,183,528081,2023-11-09,Petrol,South
7770,3330,Swift,95,2320552,2023-08-26,Diesel,North
7771,1590,i20,193,546451,2022-03-29,Petrol,South
7772,3119,i20,16,978886,2022-01-17,Diesel,East
7773,4334,Harrier,119,2801316,2024-07-31,Hybrid,Central
7774,3750,XUV700,165,2912783,2024-04-03,Hybrid,Central
7775,2902,Creta,180,902550,2023-01-18,Petrol,East
7776,2910,i20,117,2466463,2023-10-02,Petrol,East
7777,1574,City,10,1711664,2023-03-29,Diesel,Central
7778,4047,Baleno,122,1750162,2024-03-26,Diesel,East
7779,1891,Ertiga,38,658153,2022-11-06,CNG,East
7780,3059,Baleno,44,1623137,2024-07-19,CNG,East
7781,1140,Creta,95,2149197,2023-05-07,CNG,Central
7782,2789,City,74,2779430,2024-01-30,Hybrid,Central
7783,4626,Baleno,182,2459579,2022-01-01,Petrol,South
7784,1016,Ertiga,113,2832010,2022-02-10,Petrol,Central
7785,2086,Swift,51,863920,2023-11-03,CNG,South
7786,1252,Alto,52,1088014,2022-07-31,CNG,Central
7787,1464,Swift,198,601599,2022-10-31,Diesel,West
7788,1375,Alto,92,1718866,2023-11-22,CNG,South
7789,2827,XUV700,59,1560764,2023-09-08,Petrol,East
7790,4028,XUV700,13,1912618,2023-06-07,Diesel,West
7791,1519,XUV700,169,2161486,2022-01-25,CNG,Central
7792,2860,Baleno,12,1922172,2024-03-18,Hybrid,Central
7793,1089,XUV700,50,1972040,2022-01-25,CNG,West
7794,1719,Alto,57,2198354,2023-08-19,Hybrid,North
7795,3851,Swift,178,768599,2022-04-18,CNG,East
7796,3843,Harrier,119,1441597,2022-06-29,Diesel,South
7797,1629,i20,57,1806101,2024-05-30,Hybrid,West
7798,2884,Alto,182,631948,2022-05-11,Hybrid,South
7799,4246,Swift,194,1627697,2023-08-26,Diesel,Central
7800,1075,Swift,8,768499,2024-01-23,Hybrid,North
7801,4684,i20,106,2945648,2024-01-29,Diesel,North
7802,1925,City,191,1403438,2022-06-17,CNG,South
7803,4734,Harrier,137,1544173,2022-08-11,Diesel,Central
7804,3447,City,188,606691,2023-04-14,Diesel,North
7805,2805,City,120,1074451,2022-10-05,Diesel,East
7806,1969,Swift,63,2376013,2022-07-09,Diesel,Central
7807,2094,Ertiga,72,2884849,2023-06-15,Petrol,West
7808,3028,Seltos,131,1726597,2023-09-13,Hybrid,West
7809,4251,Alto,13,1352085,2022-08-06,CNG,West
7810,4195,Baleno,137,2963720,2022-08-24,Diesel,East
7811,2404,City,52,932639,2022-06-17,Petrol,Central
7812,4364,XUV700,62,808864,2024-02-19,Petrol,South
7813,3844,Baleno,119,1768268,2022-07-12,CNG,South
7814,1194,Creta,109,509538,2022-08-30,Hybrid,Central
7815,4982,Ertiga,8,1803717,2024-03-01,CNG,East
7816,1227,Baleno,95,2691047,2023-03-31,Diesel,Central
7817,4502,i20,125,1690085,2022-07-12,Hybrid,South
7818,2459,Seltos,173,2472975,2023-01-27,Hybrid,Central
7819,4858,Harrier,53,1361984,2023-08-24,CNG,West
7820,1460,i20,63,2929385,2022-04-03,CNG,Central
7821,1617,City,95,2447057,2022-12-15,Hybrid,North
7822,4092,Ertiga,81,1679757,2023-05-28,CNG,Central
7823,1063,Ertiga,57,486967,2024-07-12,Hybrid,South
7824,3212,City,182,552996,2022-04-16,CNG,South
7825,3074,Seltos,147,959152,2024-09-18,Hybrid,South
7826,4382,Swift,67,1723213,2023-12-18,Diesel,West
7827,4059,Baleno,46,405337,2024-02-27,Petrol,South
7828,1284,XUV700,94,1511857,2024-04-02,CNG,North
7829,2683,City,138,638913,2024-07-05,Hybrid,Central
7830,3328,XUV700,113,2734950,2024-05-03,Petrol,East
7831,1837,Baleno,93,1648966,2023-11-14,Petrol,South
7832,1830,Seltos,146,1134694,2024-10-19,Petrol,Central
7833,2187,Swift,140,1730604,2024-08-08,CNG,West
7834,4969,Harrier,49,2506226,2022-02-13,CNG,Central
7835,3965,Seltos,23,2524059,2023-08-26,Diesel,South
7836,1223,XUV700,62,1667173,2023-09-25,CNG,South
7837,1783,Ertiga,11,766867,2022-04-02,CNG,South
7838,4217,Ertiga,73,932912,2024-01-29,CNG,North
7839,4012,Creta,118,655160,2024-01-01,Petrol,Central
7840,1949,Alto,184,2638679,2024-08-11,Diesel,East
7841,4939,i20,88,2740960,2022-12-03,Petrol,North
7842,4101,i20,89,1590842,2023-12-01,Diesel,East
7843,1044,City,55,2256630,2024-07-13,CNG,South
7844,2810,XUV700,153,1368473,2023-11-11,Hybrid,East
7845,1470,i20,9,473106,2024-08-24,CNG,East
7846,3081,i20,12,1470063,2022-09-21,Petrol,North
7847,3700,Seltos,139,400617,2022-04-15,Petrol,North
7848,4498,Harrier,113,787529,2022-08-12,Petrol,Central
7849,1829,XUV700,166,1555389,2024-09-04,Diesel,East
7850,2909,Creta,156,2085885,2022-04-25,Petrol,North
7851,3268,Harrier,8,1061645,2024-06-09,Hybrid,Central
7852,2891,Creta,175,957512,2023-12-30,Hybrid,East
7853,3581,XUV700,36,2423306,2022-02-03,CNG,East
7854,1691,Swift,125,1773159,2024-06-13,Diesel,South
7855,2390,Swift,50,2417547,2023-04-07,Diesel,North
7856,1931,i20,107,2075042,2023-03-25,CNG,West
7857,1840,City,9,1781229,2024-04-08,Petrol,North
7858,4814,Ertiga,188,1136415,2023-02-09,Petrol,South
7859,4058,Seltos,67,1888909,2022-11-29,CNG,Central
7860,2938,i20,53,1695339,2022-08-28,CNG,North
7861,2573,Alto,82,1963328,2022-08-16,CNG,East
7862,3629,Swift,110,712362,2024-01-03,CNG,West
7863,4187,i20,145,661312,2024-06-09,Diesel,Central
7864,3286,Ertiga,53,2403564,2022-06-15,Diesel,North
7865,4406,Creta,156,1753308,2023-08-08,Petrol,Central
7866,3488,Creta,114,413302,2024-01-07,Diesel,East
7867,1147,Baleno,63,1897552,2023-08-21,Diesel,West
7868,2032,Seltos,143,1976098,2023-08-16,Diesel,East
7869,2311,City,19,1639273,2023-12-28,CNG,West
7870,1387,Creta,124,2380319,2024-07-13,Diesel,Central
7871,4121,Baleno,86,1180638,2023-10-11,Petrol,North
7872,2873,Swift,70,2043667,2023-03-23,Diesel,West
7873,4588,Creta,47,1897115,2022-04-07,CNG,East
7874,1915,City,199,543618,2023-01-14,Diesel,West
7875,2878,i20,108,960725,2023-11-01,Hybrid,Central
7876,3685,Ertiga,176,1012277,2023-09-23,Petrol,Central
7877,4658,Alto,20,2347252,2023-12-09,Diesel,Central
7878,4748,Creta,37,2776555,2023-05-18,Petrol,North
7879,1277,Alto,130,1314958,2022-10-15,CNG,Central
7880,2977,Alto,192,2297682,2023-01-04,Petrol,North
7881,2859,Alto,36,2702494,2022-03-06,Hybrid,South
7882,4036,Harrier,133,1173913,2022-06-11,Hybrid,West
7883,4371,Alto,64,2493508,2023-08-20,Petrol,East
7884,2825,Harrier,7,622202,2024-07-15,CNG,North
7885,3636,Ertiga,198,1095361,2023-07-25,Petrol,North
7886,2833,Alto,120,2523156,2024-08-31,Diesel,East
7887,3696,Baleno,22,2248178,2023-10-24,Diesel,West
7888,1617,Alto,46,2339259,2023-04-26,Petrol,Central
7889,2630,XUV700,168,875710,2022-09-26,Diesel,West
7890,3182,Seltos,189,679986,2024-01-06,Diesel,North
7891,1579,Baleno,110,1933403,2023-07-21,CNG,Central
7892,2170,City,46,2303716,2023-02-10,Petrol,South
7893,1489,Creta,28,1576714,2024-02-04,Diesel,East
7894,3525,Ertiga,87,1358070,2024-05-15,Petrol,West
7895,2182,Ertiga,35,2504888,2023-01-25,Petrol,Central
7896,1383,XUV700,129,2021122,2023-07-01,Diesel,East
7897,1162,XUV700,157,758948,2024-01-12,CNG,West
7898,3488,XUV700,9,2278483,2023-08-09,CNG,North
7899,2876,XUV700,9,2017375,2024-05-23,Hybrid,North
7900,2212,XUV700,22,2351896,2022-02-12,Petrol,North
7901,3462,Swift,191,2516500,2024-05-29,Hybrid,South
7902,2362,i20,194,456057,2024-06-29,CNG,North
7903,2630,Ertiga,186,1824079,2023-08-30,Diesel,North
7904,2204,XUV700,70,1566191,2022-08-26,Diesel,North
7905,1287,Creta,183,2997545,2023-12-20,CNG,Central
7906,2857,Swift,141,1379712,2024-01-12,CNG,East
7907,1186,Baleno,147,818070,2023-02-08,Petrol,South
7908,2907,Baleno,161,1420266,2022-08-02,Hybrid,West
7909,2161,Harrier,65,1728752,2024-04-25,Hybrid,South
7910,1129,i20,188,2232110,2022-05-12,CNG,East
7911,3241,Baleno,140,1608920,2022-01-09,Petrol,North
7912,3363,XUV700,43,769798,2022-06-02,Diesel,North
7913,4856,Ertiga,17,2794405,2023-03-07,CNG,West
7914,2887,Harrier,68,2990510,2023-04-28,Hybrid,South
7915,1143,Seltos,29,1760742,2022-11-01,Petrol,South
7916,1015,Swift,183,968525,2022-10-11,Petrol,West
7917,4373,Seltos,135,1377154,2023-04-17,Petrol,South
7918,3470,Seltos,44,2437093,2024-09-19,Hybrid,South
7919,1244,XUV700,133,1657448,2022-07-09,Petrol,South
7920,1926,Seltos,188,1494880,2023-05-27,Diesel,West
7921,4178,Seltos,134,2744040,2022-12-09,Hybrid,West
7922,4159,Baleno,7,1984683,2023-12-16,CNG,East
7923,3176,City,174,1455075,2023-11-11,Petrol,South
7924,1906,Harrier,185,2112698,2023-04-16,Hybrid,East
7925,1886,Seltos,54,2331836,2024-01-11,CNG,Central
7926,1340,i20,46,1074608,2023-05-28,CNG,Central
7927,3051,Creta,138,1290781,2022-05-25,Diesel,South
7928,4398,Harrier,4,1100304,2023-07-13,CNG,North
7929,2433,i20,195,2705093,2024-03-02,Diesel,Central
7930,4950,Creta,153,1827385,2022-12-26,Hybrid,North
7931,1305,Seltos,91,1710142,2022-10-12,Diesel,East
7932,1907,City,61,1282620,2024-02-04,Hybrid,South
7933,3654,Alto,166,2079806,2023-08-07,Hybrid,East
7934,4792,Ertiga,160,2510222,2023-12-28,Petrol,East
7935,4296,i20,151,2064256,2024-08-17,Diesel,West
7936,2371,Seltos,111,1093167,2024-01-13,Hybrid,South
7937,4039,Harrier,37,2938401,2023-10-16,Petrol,West
7938,1320,Baleno,3,2915580,2022-12-24,Diesel,East
7939,1558,Seltos,13,2501778,2023-08-10,Diesel,North
7940,2204,Alto,162,1497846,2022-02-09,CNG,South
7941,3665,Seltos,88,2296513,2024-06-20,Petrol,South
7942,3758,Seltos,193,2499444,2022-09-30,CNG,Central
7943,2409,Ertiga,76,778936,2024-04-08,Hybrid,North
7944,2641,Baleno,8,1201291,2023-09-15,Diesel,North
7945,4863,i20,83,823801,2023-04-03,Hybrid,East
7946,4843,XUV700,9,2448423,2022-08-22,Petrol,East
7947,2131,XUV700,156,2894187,2022-07-16,Diesel,East
7948,3578,Harrier,78,2083850,2023-06-20,Hybrid,Central
7949,3457,City,124,1430593,2024-07-26,Diesel,North
7950,4367,Seltos,146,1920569,2022-05-27,CNG,West
7951,1817,Harrier,42,2642371,2023-07-28,Petrol,North
7952,2194,City,41,1140712,2022-01-30,Petrol,West
7953,4402,i20,198,646522,2022-04-17,Petrol,South
7954,3540,i20,161,2994171,2023-01-25,Diesel,West
7955,4266,Baleno,89,2827846,2024-05-28,Hybrid,South
7956,1011,XUV700,77,2638997,2023-02-10,Hybrid,East
7957,1194,XUV700,54,1073241,2024-10-31,Petrol,North
7958,3537,Harrier,164,459593,2023-08-07,Diesel,East
7959,3842,Ertiga,97,2653779,2022-12-13,Diesel,North
7960,3928,XUV700,98,703565,2024-03-07,Diesel,West
7961,3229,Ertiga,56,2058336,2022-04-29,Hybrid,North
7962,4009,Ertiga,100,558404,2023-06-04,Petrol,West
7963,4888,i20,145,706732,2024-01-03,Hybrid,North
7964,1655,Baleno,10,1539067,2022-03-21,CNG,South
7965,2921,Harrier,44,2583568,2023-02-23,Diesel,West
7966,4387,Creta,130,1756878,2023-08-07,CNG,East
7967,3741,Harrier,142,2412545,2023-12-13,Petrol,East
7968,3077,Ertiga,169,2283089,2022-08-22,Petrol,East
7969,2619,City,130,2423066,2022-09-18,Hybrid,East
7970,4749,City,19,2815252,2024-07-21,Petrol,South
7971,4867,Baleno,80,2565638,2023-10-19,Petrol,South
7972,4864,i20,89,584764,2022-03-19,Hybrid,Central
7973,2119,i20,1,2282163,2024-01-12,Hybrid,Central
7974,4452,Ertiga,130,741885,2023-11-03,Hybrid,Central
7975,1777,Ertiga,27,1313736,2022-01-30,Hybrid,Central
7976,1443,Alto,2,1081867,2023-03-14,Petrol,North
7977,1297,Alto,179,407661,2022-03-04,CNG,West
7978,1807,Ertiga,138,567261,2022-06-06,Hybrid,East
7979,2760,XUV700,19,1679942,2023-07-23,Petrol,North
7980,1844,Harrier,141,2714000,2024-07-31,Petrol,South
7981,2015,XUV700,176,2859082,2024-02-16,Petrol,East
7982,2384,i20,114,1592139,2022-09-11,Petrol,West
7983,2397,Creta,56,2268418,2024-10-03,Petrol,West
7984,1553,Harrier,184,593101,2024-05-22,Hybrid,South
7985,3350,XUV700,178,2843625,2022-07-18,Hybrid,East
7986,1420,XUV700,95,406504,2024-05-30,Diesel,Central
7987,2269,Swift,173,1804681,2022-01-06,Diesel,East
7988,4791,Harrier,187,1366710,2024-03-31,Hybrid,East
7989,2260,Creta,167,1412786,2022-09-05,Hybrid,West
7990,4605,Baleno,149,2200445,2022-01-04,Hybrid,South
7991,1184,Baleno,183,2752088,2023-05-28,CNG,East
7992,1467,XUV700,57,550362,2024-04-17,Hybrid,North
7993,3801,Ertiga,102,2998858,2023-05-21,Petrol,North
7994,3410,Creta,169,1945152,2022-01-31,CNG,South
7995,2306,Creta,70,2732510,2023-12-10,CNG,Central
7996,2576,i20,82,2237280,2024-06-04,Petrol,East
7997,1335,City,49,537213,2024-01-18,Petrol,East
7998,3209,Swift,172,727124,2022-03-20,Diesel,West
7999,4231,i20,163,1261129,2022-08-31,Petrol,East
8000,2497,Creta,91,548192,2023-05-16,Hybrid,Central
