ServiceID,CustomerID,CarModel,ServiceRating,ServiceCost,ComplaintType,ServiceDate
1,4754,Creta,2,9064,High Service Cost,2023-12-17
2,1274,XUV700,3,14941,Scratches,2023-11-14
3,4878,i20,2,11638,Engine Noise,2024-02-19
4,2899,Baleno,5,4699,Late Delivery,2023-12-09
5,4743,Baleno,2,2339,Scratches,2022-09-07
6,1751,Swift,3,4421,AC Problem,2023-12-08
7,4648,Harrier,2,6980,Scratches,2022-01-04
8,3264,i20,1,8400,AC Problem,2023-03-25
9,2582,i20,5,14138,No Issue,2024-06-05
10,4468,Alto,1,4563,Late Delivery,2023-05-26
11,4145,Creta,1,5339,High Service Cost,2024-06-16
12,3001,XUV700,5,5999,Late Delivery,2022-02-15
13,1675,Creta,5,11572,Late Delivery,2022-11-27
14,1709,Alto,4,6942,High Service Cost,2022-05-06
15,1922,XUV700,3,4355,Late Delivery,2023-08-08
16,4399,Creta,1,14130,No Issue,2022-12-16
17,1407,Alto,1,10793,AC Problem,2022-10-05
18,1147,i20,5,11863,Engine Noise,2022-11-26
19,2109,Swift,5,4779,Late Delivery,2023-04-23
20,4592,Baleno,2,7917,Engine Noise,2023-05-25
21,1502,Harrier,1,13957,No Issue,2024-01-27
22,2788,Ertiga,1,4538,No Issue,2024-07-11
23,3279,City,5,10830,Late Delivery,2022-01-31
24,4959,Seltos,1,4685,Scratches,2023-07-05
25,3545,Alto,3,6075,Late Delivery,2023-11-07
26,3470,Seltos,4,6802,Engine Noise,2022-12-22
27,2490,Creta,5,3374,No Issue,2024-08-18
28,3294,City,5,9175,Engine Noise,2022-09-24
29,2393,Baleno,1,7350,Engine Noise,2022-10-17
30,4584,Creta,4,3726,High Service Cost,2022-03-04
31,4850,Baleno,4,10848,No Issue,2022-06-19
32,1104,XUV700,5,9792,No Issue,2022-01-13
33,3281,Swift,5,9980,Engine Noise,2023-10-11
34,2481,Alto,5,7315,AC Problem,2023-01-24
35,2280,Swift,3,9049,No Issue,2024-01-06
36,3522,Alto,1,8607,AC Problem,2022-12-23
37,2616,Creta,3,4962,AC Problem,2023-09-25
38,4706,Ertiga,5,10102,Late Delivery,2022-07-17
39,4051,Swift,4,6913,High Service Cost,2022-06-06
40,2195,City,1,4875,Late Delivery,2022-09-27
41,4890,Swift,1,2579,Scratches,2022-03-03
42,2296,XUV700,5,10351,Scratches,2023-05-13
43,4942,Creta,5,5572,AC Problem,2024-01-08
44,1758,Harrier,5,11681,Engine Noise,2022-04-27
45,1874,City,5,4895,AC Problem,2024-07-03
46,4959,Alto,5,14120,Scratches,2024-09-08
47,4265,Baleno,5,12737,Late Delivery,2023-12-19
48,1111,Harrier,1,2463,Scratches,2024-05-17
49,3070,Harrier,3,12581,Engine Noise,2022-10-28
50,3984,Creta,4,10699,No Issue,2022-11-23
51,4965,i20,5,7783,High Service Cost,2024-08-07
52,3362,Alto,4,11499,Engine Noise,2024-01-03
53,1201,Swift,1,8294,Engine Noise,2023-06-06
54,4572,Swift,4,3021,Engine Noise,2024-10-24
55,1617,Baleno,1,12814,Late Delivery,2022-06-30
56,3653,Harrier,2,4933,No Issue,2023-05-01
57,1994,Creta,3,4942,Engine Noise,2023-06-16
58,1024,Ertiga,2,14983,No Issue,2023-12-12
59,1656,Creta,1,8356,AC Problem,2022-04-06
60,2531,City,2,8728,Engine Noise,2024-02-29
61,2389,Seltos,1,5393,Late Delivery,2022-03-30
62,1530,XUV700,2,13035,Engine Noise,2024-08-04
63,4793,Seltos,1,2665,AC Problem,2024-07-11
64,2617,Harrier,3,8331,Scratches,2023-06-08
65,1045,Alto,3,5643,Late Delivery,2022-01-28
66,2058,i20,3,2767,Engine Noise,2022-10-02
67,3249,XUV700,1,12422,Engine Noise,2023-07-09
68,2558,Seltos,4,10575,Engine Noise,2023-04-10
69,1364,i20,2,14312,Scratches,2022-04-09
70,3517,City,2,3337,Scratches,2023-10-17
71,4371,Baleno,2,12277,Engine Noise,2023-03-29
72,3824,Ertiga,2,6397,Scratches,2022-10-19
73,3463,Ertiga,3,14234,Engine Noise,2024-10-14
74,2369,City,4,6059,Scratches,2022-10-28
75,2372,City,2,11584,No Issue,2022-06-23
76,3746,i20,4,4147,AC Problem,2022-01-30
77,3857,i20,1,3411,Engine Noise,2022-09-08
78,3237,City,1,12898,AC Problem,2023-09-13
79,4474,Harrier,2,8589,Engine Noise,2022-12-10
80,4823,Seltos,5,12007,High Service Cost,2024-09-29
81,1348,Harrier,3,6150,High Service Cost,2022-12-12
82,1372,City,2,9663,Late Delivery,2023-06-20
83,2662,Swift,3,12823,No Issue,2022-12-10
84,4576,Harrier,2,8898,No Issue,2024-05-16
85,4362,Swift,3,4174,Late Delivery,2022-03-27
86,4975,XUV700,5,6051,High Service Cost,2022-09-01
87,1984,City,5,5392,Late Delivery,2024-02-19
88,1986,i20,1,5467,High Service Cost,2022-01-06
89,3158,Swift,2,14440,Engine Noise,2024-08-20
90,2578,Swift,5,11364,AC Problem,2023-01-16
91,2526,Seltos,5,9570,Late Delivery,2024-02-18
92,4372,Harrier,2,10417,Scratches,2022-05-04
93,3693,Alto,2,12931,AC Problem,2023-05-16
94,2036,Alto,1,3333,High Service Cost,2022-01-10
95,1522,XUV700,5,2418,Engine Noise,2024-08-28
96,4173,Baleno,3,14802,Scratches,2023-08-19
97,2989,Seltos,2,6384,Scratches,2023-04-02
98,3244,Seltos,2,12440,No Issue,2023-09-04
99,2414,XUV700,2,7638,High Service Cost,2023-12-28
100,3102,i20,2,6968,Engine Noise,2023-08-20
101,3230,City,5,12906,High Service Cost,2024-10-25
102,2042,Ertiga,3,4816,Engine Noise,2022-10-14
103,1362,City,1,2167,AC Problem,2022-07-26
104,4845,Ertiga,4,7009,High Service Cost,2023-07-04
105,3520,Seltos,5,11890,AC Problem,2023-11-23
106,1008,City,5,11510,Scratches,2024-06-29
107,3707,Harrier,4,5082,No Issue,2023-12-15
108,3072,Creta,4,4404,AC Problem,2024-05-31
109,2329,i20,2,12186,Late Delivery,2023-08-23
110,4655,Swift,3,4178,High Service Cost,2024-08-09
111,2457,Alto,5,8459,Scratches,2022-08-31
112,3020,i20,5,6699,Late Delivery,2023-10-22
113,2445,Alto,1,5385,AC Problem,2024-09-23
114,4905,Harrier,4,8629,Late Delivery,2024-08-28
115,2080,Seltos,4,2110,Late Delivery,2023-10-13
116,4605,Alto,5,7409,AC Problem,2024-06-04
117,1823,Seltos,4,10438,Scratches,2022-04-13
118,4619,Ertiga,2,14699,AC Problem,2024-02-09
119,4250,Baleno,1,12812,Engine Noise,2022-05-28
120,3115,Swift,5,14737,Late Delivery,2024-03-29
121,4567,Seltos,1,7741,No Issue,2024-10-06
122,2024,i20,2,12177,Engine Noise,2023-11-01
123,1047,City,1,3444,Scratches,2024-02-08
124,2440,XUV700,4,11671,Late Delivery,2023-02-23
125,4735,Seltos,5,12983,Scratches,2024-02-16
126,1944,Swift,1,6220,Scratches,2023-06-17
127,4268,Ertiga,3,7834,Late Delivery,2024-06-26
128,4641,Creta,5,13180,Scratches,2022-08-16
129,4119,i20,1,4307,No Issue,2024-09-16
130,2976,City,5,2534,No Issue,2022-06-27
131,2983,XUV700,1,10271,High Service Cost,2023-04-13
132,1354,Alto,1,6367,Late Delivery,2023-09-14
133,4305,Harrier,4,7975,Late Delivery,2022-06-05
134,4057,City,1,5636,Late Delivery,2022-09-17
135,1436,Ertiga,3,10593,High Service Cost,2023-01-31
136,1699,Swift,4,5124,AC Problem,2024-07-21
137,2917,XUV700,3,14559,No Issue,2022-09-17
138,3673,Baleno,3,2895,No Issue,2022-09-28
139,1089,Swift,2,8371,Late Delivery,2023-02-16
140,1368,Seltos,3,8077,Scratches,2023-01-28
141,3986,i20,1,5763,Engine Noise,2022-07-14
142,2192,XUV700,5,14658,Engine Noise,2023-01-02
143,2386,Swift,4,5896,Late Delivery,2024-06-12
144,4993,Swift,4,4759,Late Delivery,2023-08-17
145,4002,City,4,4239,No Issue,2023-07-16
146,2896,Baleno,5,11171,No Issue,2023-06-21
147,4248,Ertiga,3,5094,Scratches,2023-07-26
148,3547,Seltos,2,11767,No Issue,2022-11-04
149,1703,Harrier,1,14173,Engine Noise,2023-08-05
150,3180,Creta,4,3359,Engine Noise,2023-10-28
151,3219,Swift,1,3553,No Issue,2023-07-14
152,2553,Swift,3,4535,Engine Noise,2023-07-20
153,3810,Ertiga,2,10178,AC Problem,2022-10-04
154,3488,Seltos,4,11379,Engine Noise,2023-04-07
155,4032,Creta,3,6067,Engine Noise,2023-09-14
156,1111,Alto,2,3383,Engine Noise,2022-01-15
157,2063,Swift,4,13432,High Service Cost,2022-02-11
158,1101,Creta,3,9680,Late Delivery,2022-01-20
159,2392,Seltos,1,4395,Scratches,2023-10-09
160,2197,i20,5,6861,High Service Cost,2023-08-30
161,4897,Ertiga,4,5283,Scratches,2022-04-03
162,1340,Creta,2,3908,High Service Cost,2022-03-22
163,1919,Seltos,2,12816,High Service Cost,2023-10-20
164,2947,Alto,5,12769,Scratches,2023-05-10
165,3861,XUV700,5,5161,Late Delivery,2022-01-26
166,1195,Ertiga,3,11229,No Issue,2023-10-18
167,2607,Creta,5,2018,High Service Cost,2023-04-01
168,2205,Creta,4,7201,Late Delivery,2022-11-10
169,4824,Harrier,5,7880,No Issue,2022-12-18
170,2824,Ertiga,4,10812,Scratches,2024-07-11
171,4394,Swift,1,9686,High Service Cost,2022-10-30
172,2136,Swift,5,7951,No Issue,2022-11-23
173,4923,Baleno,1,7382,Late Delivery,2022-05-03
174,2698,i20,2,13803,No Issue,2022-06-27
175,2574,Creta,5,14123,Scratches,2024-10-28
176,4306,XUV700,2,11705,No Issue,2022-01-02
177,1504,Alto,1,4384,Engine Noise,2023-07-02
178,2966,Creta,2,4333,High Service Cost,2023-09-23
179,4142,XUV700,1,6349,Late Delivery,2023-04-27
180,3266,XUV700,3,4644,AC Problem,2023-07-25
181,2540,Baleno,1,13748,Late Delivery,2023-11-23
182,2776,Alto,3,9368,High Service Cost,2022-08-09
183,3212,Creta,2,11493,High Service Cost,2022-02-18
184,4584,Harrier,1,13598,Engine Noise,2024-08-09
185,3428,Baleno,3,13473,Engine Noise,2022-12-26
186,2207,Ertiga,1,10829,Late Delivery,2024-01-22
187,2926,Baleno,4,3263,AC Problem,2023-10-02
188,3416,Baleno,4,2918,No Issue,2022-04-03
189,4519,i20,2,6915,AC Problem,2023-11-22
190,3055,Creta,4,2680,High Service Cost,2023-06-23
191,4691,Creta,5,13055,Engine Noise,2023-10-01
192,2405,City,3,2472,Engine Noise,2022-04-08
193,4453,Baleno,5,11984,Engine Noise,2023-02-22
194,3013,Alto,4,10032,No Issue,2022-10-27
195,1447,Alto,2,9929,Late Delivery,2023-07-14
196,2720,Harrier,5,12935,AC Problem,2024-02-23
197,4867,XUV700,2,6324,Late Delivery,2024-03-25
198,2177,XUV700,1,7958,Engine Noise,2022-04-20
199,1033,Creta,5,13671,No Issue,2023-06-11
200,1496,i20,1,5470,No Issue,2023-05-19
201,3911,Alto,5,9370,Late Delivery,2023-08-29
202,3069,Seltos,3,11899,High Service Cost,2022-08-07
203,2403,City,2,13856,Engine Noise,2022-05-09
204,4219,i20,1,6144,No Issue,2023-08-27
205,4981,Seltos,4,6822,High Service Cost,2023-07-09
206,3710,XUV700,5,7808,Scratches,2024-02-21
207,2602,Ertiga,1,5011,AC Problem,2023-04-27
208,2938,Swift,5,13358,Engine Noise,2022-09-05
209,1589,Swift,5,12357,AC Problem,2024-08-01
210,4815,Seltos,5,14897,Scratches,2022-04-02
211,2574,i20,1,3097,Late Delivery,2023-06-13
212,1676,XUV700,1,14324,Late Delivery,2023-05-29
213,2122,Swift,5,13593,AC Problem,2023-03-16
214,4712,Creta,4,11641,Late Delivery,2024-04-12
215,3042,Seltos,2,14474,AC Problem,2023-03-15
216,4602,City,5,9551,No Issue,2023-09-23
217,3318,Baleno,4,12698,No Issue,2023-09-21
218,3008,Ertiga,2,13230,High Service Cost,2024-08-26
219,1000,Creta,5,10969,Scratches,2024-07-20
220,3334,Seltos,2,11524,Late Delivery,2024-10-29
221,3020,Seltos,5,3449,Late Delivery,2022-05-22
222,4251,Swift,1,13655,No Issue,2024-07-13
223,1938,Alto,5,7450,No Issue,2023-12-06
224,2279,Alto,5,4899,No Issue,2024-07-12
225,4245,Baleno,5,6503,Engine Noise,2022-10-15
226,1853,Swift,5,6166,Scratches,2022-09-24
227,1049,Alto,4,7563,Scratches,2024-07-15
228,2555,Alto,3,12388,Engine Noise,2022-08-13
229,3664,Harrier,4,3460,Late Delivery,2024-08-22
230,3237,City,4,7381,AC Problem,2022-06-18
231,2774,City,1,14062,AC Problem,2022-11-19
232,4114,Baleno,5,11572,High Service Cost,2022-04-05
233,4588,XUV700,4,13148,High Service Cost,2022-12-28
234,3807,Alto,2,11520,Late Delivery,2024-08-16
235,1065,Alto,5,9710,High Service Cost,2023-11-01
236,3443,Ertiga,1,8298,No Issue,2023-05-26
237,2274,Baleno,1,11331,Scratches,2022-09-24
238,1127,City,2,9092,AC Problem,2024-03-10
239,3744,Baleno,1,5122,No Issue,2022-05-13
240,1187,Alto,5,3095,High Service Cost,2022-12-15
241,2206,Swift,3,14186,High Service Cost,2023-07-01
242,2606,Alto,3,11855,Scratches,2024-02-02
243,1577,Alto,4,7031,AC Problem,2022-09-25
244,3888,XUV700,1,13000,No Issue,2024-10-02
245,1761,i20,5,13065,Scratches,2022-09-23
246,1666,i20,2,14430,AC Problem,2022-06-19
247,4483,Alto,2,11382,High Service Cost,2022-04-27
248,1932,Alto,5,5141,AC Problem,2023-03-10
249,3126,XUV700,5,7087,Scratches,2022-03-29
250,2042,Swift,2,7117,Scratches,2024-08-21
251,4549,Ertiga,1,13783,High Service Cost,2022-08-22
252,2970,i20,4,11378,Scratches,2023-09-01
253,4852,Ertiga,4,11790,No Issue,2023-06-14
254,1044,Baleno,4,5358,High Service Cost,2022-08-26
255,4845,Creta,5,8057,Scratches,2022-12-30
256,2245,Swift,2,7463,Late Delivery,2023-02-13
257,3176,Alto,2,13516,No Issue,2024-09-29
258,1617,Baleno,2,10897,No Issue,2022-08-06
259,1762,Swift,2,5880,No Issue,2023-02-07
260,2656,Ertiga,2,14544,AC Problem,2022-12-11
261,4301,Ertiga,3,4889,Engine Noise,2023-04-29
262,1792,i20,5,11721,High Service Cost,2022-04-23
263,2250,XUV700,5,9921,Engine Noise,2022-08-07
264,4993,Ertiga,3,9638,Scratches,2022-06-10
265,3444,Alto,4,9456,High Service Cost,2024-10-27
266,3322,Baleno,1,14907,AC Problem,2024-10-21
267,1137,Seltos,5,14155,No Issue,2022-04-09
268,4244,Creta,5,3848,No Issue,2023-08-22
269,2350,City,3,5576,AC Problem,2022-11-11
270,3830,Harrier,5,11738,No Issue,2022-08-14
271,3262,City,5,5801,No Issue,2023-04-24
272,3275,City,4,7869,Scratches,2023-05-06
273,3154,City,3,12798,Late Delivery,2022-08-11
274,3206,XUV700,5,14225,AC Problem,2023-06-04
275,2917,Alto,2,2344,High Service Cost,2022-08-31
276,2159,Baleno,3,4426,Late Delivery,2022-03-29
277,4834,Ertiga,4,6227,AC Problem,2024-09-09
278,3077,Swift,1,3234,High Service Cost,2023-04-25
279,2121,Alto,5,6812,AC Problem,2022-11-05
280,1608,Creta,2,11810,No Issue,2023-10-17
281,1768,XUV700,2,6172,AC Problem,2023-06-24
282,1783,XUV700,1,11355,Engine Noise,2022-03-31
283,3929,Swift,3,13391,Scratches,2024-10-06
284,4594,Seltos,4,7028,High Service Cost,2022-11-09
285,3970,City,5,10945,No Issue,2022-06-29
286,3389,XUV700,5,3590,Engine Noise,2023-07-03
287,1167,Ertiga,5,14354,No Issue,2022-01-02
288,4282,Ertiga,2,6567,Scratches,2022-08-14
289,1683,Baleno,3,14438,Engine Noise,2024-08-14
290,4909,Ertiga,1,14291,AC Problem,2022-12-30
291,3679,XUV700,3,5089,High Service Cost,2024-06-03
292,4256,Ertiga,4,12763,AC Problem,2024-08-07
293,3479,Ertiga,4,6351,High Service Cost,2022-04-26
294,4495,Creta,1,13298,AC Problem,2022-04-24
295,1038,Alto,2,14877,High Service Cost,2023-08-18
296,1979,Creta,1,12078,High Service Cost,2023-04-24
297,3434,i20,4,14610,Engine Noise,2023-12-21
298,3816,City,2,14740,Scratches,2022-04-17
299,1790,Alto,3,14095,Engine Noise,2022-11-11
300,1741,Baleno,4,13100,High Service Cost,2022-03-16
301,2474,Creta,2,6454,Scratches,2023-11-13
302,4186,Harrier,2,8195,Late Delivery,2022-07-06
303,3448,City,5,8866,Late Delivery,2022-12-05
304,4375,City,3,7858,AC Problem,2024-04-04
305,4674,Alto,2,6128,Engine Noise,2022-02-22
306,4380,Creta,1,11543,High Service Cost,2022-09-14
307,4644,Seltos,3,2435,AC Problem,2022-02-15
308,2126,i20,3,9140,Late Delivery,2022-01-15
309,2750,XUV700,4,5490,Late Delivery,2024-04-28
310,1101,Harrier,3,14179,No Issue,2023-09-20
311,2930,Creta,3,6944,No Issue,2022-01-12
312,1654,Baleno,5,4860,AC Problem,2022-01-01
313,4161,Creta,3,14364,AC Problem,2022-03-18
314,4189,Alto,2,8723,Scratches,2023-06-26
315,4210,Harrier,1,3073,Scratches,2024-09-22
316,3950,XUV700,5,12681,High Service Cost,2024-06-20
317,2326,i20,5,10861,Late Delivery,2024-04-20
318,1751,Baleno,5,7317,Engine Noise,2022-02-19
319,4719,Baleno,5,10654,Engine Noise,2024-10-26
320,2540,City,4,2376,No Issue,2022-03-16
321,2232,Alto,5,4593,Scratches,2022-12-12
322,3134,Alto,4,2435,High Service Cost,2022-11-29
323,2985,Swift,4,11212,No Issue,2023-11-09
324,1858,Swift,3,10915,No Issue,2024-04-23
325,1318,Ertiga,1,7391,High Service Cost,2024-04-30
326,4860,Harrier,3,4939,High Service Cost,2022-09-25
327,1966,XUV700,4,9743,AC Problem,2024-01-26
328,3934,Alto,3,12394,Late Delivery,2023-08-22
329,1632,Creta,2,10182,High Service Cost,2023-09-04
330,4316,Creta,5,14556,High Service Cost,2023-11-29
331,4941,Creta,5,5623,No Issue,2022-10-05
332,2113,Swift,4,4207,No Issue,2023-11-16
333,4549,Creta,3,7495,Engine Noise,2022-11-14
334,3699,Baleno,2,6215,AC Problem,2024-06-23
335,4183,XUV700,2,13577,Engine Noise,2022-05-23
336,4978,City,2,8491,Engine Noise,2022-06-03
337,1949,City,4,4093,High Service Cost,2023-01-13
338,3000,i20,3,4516,Late Delivery,2024-01-31
339,2417,Alto,2,13645,No Issue,2023-06-18
340,2910,Swift,2,4669,Scratches,2023-09-29
341,1239,Baleno,3,7490,Late Delivery,2024-04-05
342,4343,Baleno,3,7099,AC Problem,2023-11-24
343,3190,Harrier,5,14218,Scratches,2024-02-26
344,4001,Harrier,1,3144,AC Problem,2022-06-11
345,2742,i20,1,5008,High Service Cost,2023-04-11
346,1118,XUV700,2,3312,AC Problem,2022-10-05
347,1595,Seltos,3,12751,Scratches,2023-04-17
348,4971,Ertiga,5,5629,AC Problem,2022-05-21
349,3015,XUV700,4,9505,AC Problem,2024-03-20
350,2274,Creta,1,8524,Engine Noise,2024-04-13
351,4349,Creta,1,14853,AC Problem,2023-12-04
352,1162,Ertiga,3,9555,No Issue,2022-06-19
353,1653,Ertiga,4,10049,Late Delivery,2022-08-07
354,1349,Alto,1,11219,Engine Noise,2022-02-03
355,1030,City,5,14278,No Issue,2022-10-12
356,3505,Swift,1,3936,AC Problem,2022-09-22
357,4909,Creta,3,6847,Engine Noise,2024-05-02
358,3138,Alto,3,3615,Late Delivery,2022-01-07
359,3175,Seltos,4,6296,High Service Cost,2022-01-23
360,3826,Seltos,1,8105,Scratches,2023-06-19
361,4619,Swift,4,14543,High Service Cost,2022-03-10
362,1969,i20,1,10390,AC Problem,2022-01-13
363,1847,City,2,4120,AC Problem,2022-09-15
364,1791,Seltos,1,11142,Scratches,2023-12-21
365,4796,Swift,3,4735,Scratches,2024-08-05
366,1508,City,3,12458,AC Problem,2023-10-07
367,3983,i20,2,11951,Late Delivery,2023-02-18
368,1744,Alto,1,11648,Late Delivery,2023-10-27
369,1739,Alto,1,2406,High Service Cost,2024-01-06
370,2904,Baleno,3,10986,No Issue,2023-03-16
371,4881,Swift,2,13032,No Issue,2022-04-19
372,3038,Harrier,3,3116,High Service Cost,2023-03-06
373,1236,Alto,2,7783,Scratches,2022-12-12
374,3006,Creta,3,3103,Late Delivery,2023-01-16
375,2556,i20,5,8351,High Service Cost,2023-07-28
376,4679,Creta,1,6187,No Issue,2024-02-14
377,2012,i20,4,4579,Scratches,2022-06-07
378,4024,i20,5,4130,No Issue,2023-09-15
379,4070,Ertiga,3,14697,Scratches,2023-07-04
380,2074,XUV700,2,12683,No Issue,2023-12-25
381,2872,Swift,4,12369,AC Problem,2023-10-11
382,2846,Harrier,2,6866,Engine Noise,2023-11-01
383,1468,Ertiga,2,5942,Scratches,2022-05-14
384,2915,Baleno,1,6279,Scratches,2023-12-02
385,1387,Ertiga,3,4712,Scratches,2023-08-14
386,4133,i20,1,2364,Engine Noise,2022-07-25
387,2366,Creta,2,10387,Engine Noise,2022-05-28
388,4224,XUV700,1,14497,No Issue,2023-05-23
389,1735,Harrier,5,14422,Late Delivery,2023-06-14
390,1653,XUV700,2,7503,AC Problem,2022-07-10
391,3088,XUV700,2,14881,No Issue,2023-02-10
392,2509,Harrier,5,5654,Scratches,2022-03-29
393,1952,Swift,2,6599,Scratches,2023-08-30
394,4749,City,4,14764,AC Problem,2022-10-01
395,2725,City,4,7416,No Issue,2024-09-20
396,3856,City,3,14731,High Service Cost,2022-03-02
397,2580,XUV700,3,12923,Late Delivery,2022-03-23
398,4791,Alto,1,12362,Engine Noise,2024-06-02
399,1381,Baleno,1,3985,Late Delivery,2023-06-20
400,1095,Baleno,5,12733,High Service Cost,2023-11-03
401,1911,Baleno,5,14182,No Issue,2024-06-17
402,1786,Ertiga,2,14677,No Issue,2022-04-18
403,1292,Alto,3,12302,Scratches,2024-10-18
404,4306,Creta,3,14157,AC Problem,2023-01-31
405,1340,i20,3,13672,No Issue,2024-08-16
406,1718,Ertiga,3,4567,High Service Cost,2023-06-13
407,4004,Ertiga,1,6340,No Issue,2022-11-30
408,3585,Ertiga,4,8308,No Issue,2022-08-15
409,2373,City,5,10153,High Service Cost,2022-11-17
410,3919,Seltos,5,6379,Engine Noise,2022-12-08
411,4278,Alto,3,14084,Late Delivery,2022-01-18
412,1959,Swift,3,3911,No Issue,2023-09-25
413,4562,City,1,2710,Late Delivery,2023-05-08
414,3428,i20,1,6090,Late Delivery,2024-03-22
415,4212,Baleno,5,7243,Scratches,2022-09-27
416,3906,Harrier,3,3590,Engine Noise,2024-09-25
417,3646,Seltos,3,14942,Late Delivery,2022-05-15
418,3977,Seltos,5,3340,Scratches,2023-05-27
419,2914,Ertiga,1,2821,High Service Cost,2023-02-05
420,4681,Swift,5,12436,High Service Cost,2023-10-07
421,4094,i20,1,14572,High Service Cost,2022-03-20
422,3809,Baleno,1,3616,AC Problem,2023-09-13
423,3411,i20,1,13372,AC Problem,2022-06-16
424,4833,Harrier,3,14058,High Service Cost,2023-11-16
425,4219,Creta,5,14402,High Service Cost,2024-04-24
426,3613,Seltos,1,2752,Scratches,2023-04-06
427,1968,Baleno,4,12123,Engine Noise,2024-03-10
428,3874,Harrier,1,9037,Engine Noise,2024-02-11
429,2939,Ertiga,1,12745,Scratches,2022-06-23
430,3030,Alto,1,8934,Scratches,2023-08-10
431,2574,Alto,2,9985,AC Problem,2023-07-08
432,1504,Ertiga,4,10522,No Issue,2022-06-16
433,2869,XUV700,3,5043,Late Delivery,2022-07-17
434,3032,Swift,5,9371,AC Problem,2023-03-16
435,3265,Baleno,5,10023,AC Problem,2023-07-13
436,2882,Harrier,5,14241,High Service Cost,2023-05-29
437,3529,Creta,3,10858,AC Problem,2024-05-05
438,4487,i20,1,5386,AC Problem,2023-02-18
439,3984,Swift,4,8408,Late Delivery,2023-05-06
440,3796,XUV700,5,9456,No Issue,2023-06-26
441,2348,Baleno,2,6677,Engine Noise,2022-09-08
442,1835,Swift,2,10882,High Service Cost,2024-01-23
443,4926,Baleno,4,3703,AC Problem,2023-11-15
444,4860,XUV700,5,5077,AC Problem,2022-09-02
445,4808,City,1,8787,Engine Noise,2023-05-03
446,1488,Alto,5,14569,Scratches,2022-02-05
447,2431,Ertiga,1,4337,Late Delivery,2023-01-04
448,4215,Creta,5,4252,Engine Noise,2024-08-16
449,3847,XUV700,2,7678,No Issue,2022-09-15
450,3258,Seltos,3,4951,Engine Noise,2023-05-16
451,3713,Harrier,4,12571,High Service Cost,2023-10-16
452,1258,City,1,9815,High Service Cost,2023-12-21
453,2250,City,3,11448,Late Delivery,2023-04-24
454,3022,XUV700,1,7833,Scratches,2022-08-28
455,2617,Creta,4,10223,AC Problem,2023-01-03
456,4960,Creta,3,10383,High Service Cost,2024-09-08
457,3419,Swift,3,6502,No Issue,2022-05-29
458,2414,XUV700,4,12842,Late Delivery,2024-01-02
459,1991,Baleno,4,10024,High Service Cost,2023-02-05
460,3135,Harrier,1,7702,No Issue,2023-08-17
461,1399,Harrier,3,4082,AC Problem,2022-10-15
462,1308,Harrier,4,5969,Engine Noise,2022-05-14
463,1003,Seltos,1,7339,AC Problem,2022-08-13
464,2196,Harrier,5,7737,No Issue,2023-09-29
465,2567,City,4,8119,AC Problem,2023-08-31
466,4817,XUV700,3,4379,Late Delivery,2024-04-28
467,3273,Ertiga,5,9163,High Service Cost,2024-06-18
468,3386,Harrier,4,14304,Scratches,2024-04-05
469,2229,i20,2,11045,Scratches,2024-07-06
470,2125,Alto,3,4056,No Issue,2023-02-15
471,3105,City,3,8323,No Issue,2023-01-09
472,2804,City,1,8146,No Issue,2022-03-26
473,2173,Harrier,2,11493,High Service Cost,2022-03-25
474,4323,City,4,3827,Scratches,2023-04-27
475,4550,Baleno,2,6262,Scratches,2022-09-29
476,3603,Alto,4,7393,Late Delivery,2022-01-06
477,4499,XUV700,1,3616,Late Delivery,2023-06-03
478,2565,i20,5,14314,Engine Noise,2022-01-14
479,1918,i20,2,10309,High Service Cost,2024-10-23
480,1523,Swift,3,12978,No Issue,2024-03-27
481,4562,Baleno,4,4399,Late Delivery,2023-05-02
482,1525,Creta,2,8796,Engine Noise,2024-03-07
483,2315,Harrier,4,11488,Engine Noise,2023-05-02
484,4116,City,2,2316,Scratches,2024-07-25
485,4271,i20,3,7521,High Service Cost,2023-02-10
486,1023,Alto,4,13792,High Service Cost,2023-04-08
487,3810,Ertiga,4,3719,AC Problem,2022-05-12
488,2654,City,5,11263,No Issue,2023-05-21
489,4458,Harrier,1,11231,High Service Cost,2023-09-25
490,2613,Ertiga,2,11685,AC Problem,2022-08-24
491,4506,Creta,3,5776,No Issue,2022-01-23
492,1241,XUV700,5,3306,High Service Cost,2023-09-06
493,1202,Ertiga,5,4061,Scratches,2023-03-28
494,1236,Baleno,1,11563,AC Problem,2022-10-01
495,1950,Seltos,3,10558,Engine Noise,2024-10-21
496,4069,Baleno,2,14515,High Service Cost,2023-10-23
497,1293,Harrier,4,11843,High Service Cost,2022-06-15
498,4419,Seltos,1,13636,Scratches,2023-02-14
499,2110,i20,4,14081,Late Delivery,2022-10-24
500,1209,XUV700,5,2735,No Issue,2024-07-25
501,1787,i20,4,13804,Late Delivery,2024-09-29
502,2632,Seltos,2,14240,Engine Noise,2022-04-06
503,4073,i20,2,5476,Late Delivery,2023-07-25
504,3276,Swift,4,5131,Engine Noise,2024-06-18
505,1409,i20,4,2866,No Issue,2022-05-21
506,4314,City,1,10851,Scratches,2023-07-17
507,3817,XUV700,2,5123,Engine Noise,2024-10-10
508,1962,Seltos,4,9317,No Issue,2024-02-06
509,2491,Ertiga,3,12051,AC Problem,2024-04-12
510,1457,i20,1,8799,Scratches,2022-06-26
511,3601,i20,1,7780,Late Delivery,2023-09-07
512,3260,Seltos,1,4365,Late Delivery,2023-10-16
513,2831,XUV700,1,5732,Engine Noise,2023-02-25
514,2928,Alto,4,14903,High Service Cost,2022-01-30
515,1385,Swift,5,2488,AC Problem,2022-05-22
516,2435,Harrier,3,14938,High Service Cost,2022-08-11
517,4586,XUV700,5,3979,AC Problem,2024-05-09
518,1527,i20,5,12923,Scratches,2024-04-09
519,2411,Harrier,4,4171,Late Delivery,2023-05-26
520,4350,Harrier,1,10897,No Issue,2024-10-23
521,1989,Seltos,1,6554,AC Problem,2022-04-08
522,1101,Seltos,4,9700,Scratches,2024-09-14
523,2612,Swift,4,10096,Engine Noise,2023-04-05
524,1389,Baleno,2,9920,AC Problem,2022-09-23
525,2225,Creta,1,7776,Engine Noise,2024-10-08
526,4638,Alto,3,9459,Scratches,2024-07-31
527,4792,City,2,7261,No Issue,2023-01-19
528,2415,Ertiga,5,6772,Late Delivery,2022-05-31
529,1840,Alto,1,14190,Late Delivery,2023-07-25
530,2377,i20,4,11603,No Issue,2022-08-06
531,2616,Harrier,4,4693,Late Delivery,2023-08-18
532,2779,Seltos,4,10369,AC Problem,2024-07-29
533,1234,XUV700,1,9717,High Service Cost,2024-01-26
534,1113,i20,3,11550,High Service Cost,2022-10-27
535,4029,Swift,4,6631,No Issue,2022-11-27
536,2983,i20,1,13793,High Service Cost,2024-02-01
537,4138,Baleno,5,14124,AC Problem,2023-05-28
538,1808,Seltos,2,3695,Scratches,2024-07-16
539,2063,Seltos,1,5293,Late Delivery,2022-04-07
540,4804,City,1,3637,AC Problem,2022-03-31
541,3150,City,4,4905,Scratches,2022-06-01
542,1410,Alto,2,12567,No Issue,2023-12-27
543,2318,City,2,6696,AC Problem,2022-04-18
544,2588,Baleno,4,14957,AC Problem,2022-06-13
545,1807,i20,3,5485,High Service Cost,2023-03-27
546,2587,Creta,1,13011,Scratches,2024-03-28
547,2060,Ertiga,4,9346,Scratches,2022-09-05
548,1066,i20,3,8121,Engine Noise,2024-08-12
549,3450,Creta,4,10072,Scratches,2023-04-30
550,2697,Creta,5,6918,High Service Cost,2023-03-18
551,3253,Alto,3,12528,Late Delivery,2023-05-15
552,1340,i20,3,13612,Late Delivery,2024-09-11
553,2857,Seltos,2,9454,Late Delivery,2022-10-06
554,4977,Alto,1,9406,High Service Cost,2023-06-08
555,2075,Creta,4,3089,Late Delivery,2024-04-08
556,3473,City,4,8859,AC Problem,2023-05-03
557,1955,Seltos,1,12353,AC Problem,2022-08-12
558,1208,XUV700,1,5924,Late Delivery,2024-09-11
559,2537,XUV700,2,8110,No Issue,2024-05-11
560,3010,Swift,1,3827,No Issue,2022-04-11
561,4712,Seltos,5,11811,Engine Noise,2024-02-05
562,4249,Baleno,2,9019,AC Problem,2023-11-06
563,3723,Seltos,3,12515,Engine Noise,2023-03-08
564,2888,Alto,1,7036,Scratches,2023-07-03
565,4093,Swift,3,7421,Scratches,2023-01-25
566,1368,Alto,2,13124,AC Problem,2022-07-30
567,2762,Harrier,5,2785,AC Problem,2024-02-02
568,1993,Alto,5,8853,Scratches,2022-07-27
569,1081,Harrier,1,5936,Engine Noise,2024-09-12
570,2187,Ertiga,5,13153,Late Delivery,2024-02-11
571,1376,XUV700,4,5058,Scratches,2024-06-30
572,1002,Swift,2,7665,Late Delivery,2023-09-17
573,1683,City,5,5662,Late Delivery,2024-02-24
574,4189,City,2,13906,Engine Noise,2023-08-23
575,4727,Baleno,2,8727,No Issue,2023-07-21
576,1763,i20,4,6850,AC Problem,2024-05-08
577,4466,Alto,1,7770,No Issue,2022-01-04
578,1265,Swift,2,9853,High Service Cost,2023-05-11
579,3482,Baleno,4,14767,No Issue,2023-01-14
580,3729,Creta,5,13689,Scratches,2022-12-22
581,1724,City,3,10208,Engine Noise,2023-04-13
582,3840,Alto,1,14334,Late Delivery,2023-03-14
583,2250,Harrier,3,8173,Engine Noise,2024-04-07
584,3423,i20,4,10106,AC Problem,2023-12-02
585,2285,Creta,2,14679,High Service Cost,2024-10-08
586,3413,i20,4,3063,High Service Cost,2022-02-15
587,1766,Seltos,1,2915,High Service Cost,2023-09-01
588,3475,Creta,1,14107,Late Delivery,2022-02-18
589,2031,Seltos,5,3691,High Service Cost,2022-04-30
590,2953,XUV700,4,10475,AC Problem,2022-09-30
591,2064,Swift,1,8202,High Service Cost,2024-10-20
592,2901,Creta,4,5005,High Service Cost,2024-10-14
593,4328,City,5,7103,AC Problem,2022-07-03
594,3690,XUV700,5,5401,AC Problem,2022-12-11
595,3611,City,4,3749,Late Delivery,2024-03-30
596,2125,Ertiga,1,9430,High Service Cost,2023-04-04
597,2242,Creta,2,3377,Scratches,2022-08-13
598,3291,Ertiga,2,12024,Engine Noise,2023-11-21
599,3892,City,5,13317,High Service Cost,2023-01-10
600,1938,City,1,14045,High Service Cost,2024-06-29
601,1302,Seltos,5,9851,Engine Noise,2022-08-28
602,1369,Seltos,5,13568,High Service Cost,2024-04-17
603,1850,Harrier,5,4366,AC Problem,2024-07-12
604,3322,i20,5,6816,High Service Cost,2023-10-30
605,3117,City,4,3068,Scratches,2022-04-24
606,1046,Creta,4,10007,AC Problem,2024-09-27
607,3164,XUV700,1,4409,No Issue,2023-08-28
608,4661,Alto,1,8905,Late Delivery,2022-07-19
609,3564,Baleno,3,7580,Late Delivery,2023-05-02
610,4325,City,2,6102,Engine Noise,2023-12-18
611,1831,Creta,4,7378,Scratches,2022-03-25
612,3666,Harrier,1,8231,Late Delivery,2024-07-29
613,1755,City,5,14247,Engine Noise,2022-09-25
614,4244,Ertiga,4,13452,Engine Noise,2023-04-10
615,4007,Swift,2,12694,Engine Noise,2024-03-31
616,2452,i20,4,6637,Late Delivery,2022-08-06
617,3083,Ertiga,2,7479,No Issue,2024-09-16
618,1904,Harrier,3,7076,Engine Noise,2022-02-14
619,3454,Creta,1,2368,High Service Cost,2022-06-09
620,4487,Harrier,2,7126,No Issue,2024-02-19
621,2708,Baleno,3,6774,No Issue,2023-07-10
622,3459,City,4,4433,High Service Cost,2023-11-13
623,3535,Baleno,1,6778,Late Delivery,2024-03-04
624,4763,Swift,2,2395,Late Delivery,2023-11-03
625,1778,Creta,2,2539,Scratches,2022-08-07
626,2790,Swift,1,4667,Late Delivery,2023-05-31
627,2938,XUV700,4,3170,Scratches,2024-10-16
628,1831,XUV700,4,3307,Engine Noise,2023-12-02
629,4392,Seltos,5,8731,Late Delivery,2022-05-22
630,2096,Swift,4,5675,Late Delivery,2022-12-12
631,4640,Baleno,1,3530,High Service Cost,2022-10-30
632,2601,Baleno,3,3497,Engine Noise,2023-04-13
633,1643,Baleno,1,5813,AC Problem,2022-12-12
634,1412,Ertiga,2,4757,AC Problem,2024-04-13
635,4843,Harrier,5,6671,Scratches,2022-06-25
636,3171,Ertiga,5,13098,Engine Noise,2022-07-13
637,4456,City,3,11076,AC Problem,2024-08-01
638,4675,City,2,7000,No Issue,2022-12-03
639,4857,Baleno,4,10694,High Service Cost,2023-10-06
640,2005,Alto,4,13176,No Issue,2022-03-22
641,3700,Swift,4,14337,AC Problem,2022-06-10
642,1231,Baleno,1,13785,Scratches,2023-02-11
643,4653,Seltos,4,3993,Late Delivery,2023-05-09
644,3480,City,2,10416,Late Delivery,2022-07-10
645,1490,Swift,5,12321,Late Delivery,2023-07-08
646,2710,XUV700,1,12421,Scratches,2022-12-22
647,4942,i20,4,2521,No Issue,2023-01-05
648,3133,Swift,2,13623,Scratches,2024-01-15
649,4836,Ertiga,3,4975,Scratches,2022-10-23
650,4101,Swift,2,14522,No Issue,2022-01-21
651,2690,Seltos,5,9493,AC Problem,2024-09-02
652,2223,Alto,2,11682,Late Delivery,2023-11-04
653,1874,Ertiga,2,9614,High Service Cost,2023-01-02
654,3203,Baleno,1,7864,Scratches,2023-12-11
655,3804,Ertiga,5,6842,Scratches,2023-07-08
656,1897,Swift,4,12785,No Issue,2023-07-03
657,3579,Seltos,5,14330,AC Problem,2022-02-08
658,4786,Harrier,3,14669,High Service Cost,2022-02-16
659,2869,Seltos,5,3156,Scratches,2022-07-05
660,1151,XUV700,1,14690,Engine Noise,2024-07-12
661,4148,Harrier,4,9792,High Service Cost,2022-11-23
662,2351,i20,5,13633,Scratches,2022-04-20
663,1171,Alto,4,14341,High Service Cost,2022-06-22
664,2428,City,1,2653,AC Problem,2023-05-31
665,2429,Creta,2,4608,Engine Noise,2022-03-02
666,4912,XUV700,3,6874,Engine Noise,2023-10-21
667,1761,Seltos,5,10350,High Service Cost,2024-02-08
668,2721,XUV700,4,9105,Late Delivery,2022-07-26
669,4433,Swift,5,2137,High Service Cost,2024-03-03
670,4199,Baleno,1,2532,No Issue,2024-05-26
671,2898,Baleno,2,5373,Late Delivery,2024-10-21
672,4594,i20,1,8878,AC Problem,2023-07-06
673,2359,Alto,4,10906,Engine Noise,2022-10-04
674,2777,City,5,13882,Late Delivery,2024-01-29
675,1692,City,4,5145,Engine Noise,2022-11-18
676,4336,Harrier,1,8675,Engine Noise,2024-06-27
677,3242,Baleno,5,4324,Engine Noise,2022-09-03
678,2781,Ertiga,4,10612,No Issue,2024-09-27
679,1099,Baleno,5,13236,No Issue,2023-04-21
680,2587,Swift,3,8029,Scratches,2022-05-06
681,4442,Baleno,1,12296,AC Problem,2022-09-23
682,4049,Creta,1,14856,No Issue,2022-05-18
683,1908,i20,3,6164,AC Problem,2023-06-05
684,2920,Harrier,2,13461,Engine Noise,2024-05-26
685,1427,i20,4,3175,AC Problem,2023-05-17
686,1586,Swift,2,2719,High Service Cost,2023-10-06
687,3967,Ertiga,5,14475,AC Problem,2024-01-19
688,4204,XUV700,4,11878,Late Delivery,2024-06-23
689,1255,Baleno,4,13310,High Service Cost,2023-03-31
690,2473,Swift,4,5571,Engine Noise,2024-04-03
691,1720,Harrier,3,7839,High Service Cost,2023-12-02
692,3000,Creta,1,2179,Late Delivery,2023-06-05
693,3451,Creta,3,9666,Scratches,2023-01-29
694,4007,City,3,3772,Scratches,2024-05-29
695,2678,Ertiga,3,2007,AC Problem,2023-01-30
696,3627,Baleno,2,8245,AC Problem,2022-04-06
697,4125,Alto,3,14447,No Issue,2022-03-26
698,4850,Seltos,1,12709,High Service Cost,2024-08-09
699,1406,Swift,4,7776,No Issue,2023-02-20
700,2408,i20,2,6100,No Issue,2023-08-18
701,2961,i20,3,4887,High Service Cost,2023-11-06
702,3289,Swift,3,9546,High Service Cost,2023-12-27
703,3094,Harrier,4,14668,Late Delivery,2022-08-09
704,1114,i20,4,8749,High Service Cost,2023-04-24
705,2016,Seltos,2,12194,High Service Cost,2023-01-27
706,2731,Harrier,1,9896,AC Problem,2023-03-21
707,1805,Creta,2,5755,No Issue,2022-11-15
708,3177,City,4,2972,Scratches,2022-10-20
709,2580,i20,1,7955,Engine Noise,2024-02-05
710,4226,i20,3,8793,Scratches,2023-05-31
711,1993,City,3,14591,High Service Cost,2023-07-24
712,2996,i20,5,7275,Engine Noise,2024-02-01
713,1494,Creta,4,13012,High Service Cost,2022-05-24
714,2852,City,5,13227,AC Problem,2022-11-05
715,1081,Alto,2,9467,Late Delivery,2022-01-18
716,4850,Swift,2,13934,High Service Cost,2024-04-04
717,4012,i20,1,14559,Engine Noise,2024-06-09
718,3716,Harrier,4,14410,AC Problem,2022-08-13
719,4096,Alto,1,6606,Late Delivery,2024-05-01
720,4405,Alto,1,4326,AC Problem,2022-06-03
721,2205,i20,2,9004,Engine Noise,2022-04-20
722,2455,Harrier,2,5438,Late Delivery,2022-12-04
723,2197,Seltos,4,7652,No Issue,2023-05-22
724,3856,Harrier,2,9041,Engine Noise,2022-06-22
725,3021,Alto,4,13030,No Issue,2024-10-14
726,4112,Harrier,5,7002,AC Problem,2024-03-09
727,3492,Swift,3,7749,No Issue,2023-02-03
728,3916,City,5,3873,High Service Cost,2022-04-12
729,4466,Baleno,2,2396,Scratches,2024-09-15
730,2311,Baleno,3,4348,Late Delivery,2023-04-30
731,1560,Harrier,3,7959,Engine Noise,2022-06-23
732,2285,Ertiga,1,5465,AC Problem,2024-06-30
733,2779,Harrier,3,6698,No Issue,2023-07-07
734,3104,i20,4,8736,AC Problem,2022-03-08
735,3053,Creta,2,6311,High Service Cost,2023-05-03
736,4630,Alto,2,9956,Engine Noise,2024-02-24
737,2598,City,1,2000,AC Problem,2024-04-20
738,1944,Baleno,1,9311,High Service Cost,2023-12-22
739,4989,Ertiga,2,7369,Engine Noise,2022-09-05
740,1578,i20,1,3194,High Service Cost,2023-04-04
741,1914,Ertiga,3,13232,High Service Cost,2023-12-27
742,2718,Ertiga,3,3099,Scratches,2024-10-02
743,1161,Harrier,4,5551,No Issue,2023-01-11
744,4368,Alto,1,12863,Late Delivery,2024-06-12
745,2640,Seltos,2,2761,Late Delivery,2024-05-30
746,1774,Swift,5,14554,Engine Noise,2023-04-25
747,1056,Ertiga,2,9617,Engine Noise,2023-10-06
748,3575,i20,5,10287,AC Problem,2024-07-24
749,4130,Baleno,5,14208,AC Problem,2022-04-12
750,2189,Harrier,4,12992,Scratches,2022-02-26
751,4976,i20,5,11765,Engine Noise,2023-03-07
752,4833,Seltos,3,14599,Late Delivery,2024-02-06
753,1545,i20,3,7466,No Issue,2023-04-09
754,3093,i20,4,8126,Scratches,2022-06-11
755,3980,Alto,2,10458,Engine Noise,2022-02-01
756,1810,Swift,2,13856,Scratches,2024-10-02
757,1046,Creta,2,3121,Scratches,2022-04-07
758,2413,Harrier,2,4604,Scratches,2022-05-19
759,3299,Baleno,3,8809,Engine Noise,2022-10-19
760,3213,City,3,5205,High Service Cost,2022-05-21
761,3415,City,4,6650,Engine Noise,2024-09-06
762,2402,Swift,4,11309,Engine Noise,2022-07-17
763,4388,XUV700,4,13443,AC Problem,2022-05-12
764,4203,Harrier,2,12086,Engine Noise,2022-12-31
765,2412,i20,2,12495,Engine Noise,2023-06-22
766,3629,City,3,13197,Engine Noise,2022-03-13
767,1571,Alto,3,12993,Scratches,2022-10-30
768,2740,i20,1,9903,Scratches,2023-01-16
769,4821,Swift,1,7136,Engine Noise,2024-06-14
770,4927,Ertiga,2,14108,AC Problem,2022-10-14
771,1347,Swift,3,11844,No Issue,2022-06-17
772,1844,Seltos,2,14845,AC Problem,2022-08-03
773,3665,Creta,5,14968,No Issue,2022-05-24
774,1496,Seltos,1,7260,High Service Cost,2022-11-26
775,1695,Swift,4,12629,No Issue,2022-08-24
776,2873,City,2,12965,Late Delivery,2023-04-14
777,2978,Seltos,5,14237,Late Delivery,2024-04-27
778,3558,Seltos,4,4095,No Issue,2023-11-27
779,4590,Creta,5,12850,Engine Noise,2023-07-24
780,3499,XUV700,3,4842,No Issue,2024-02-22
781,1542,Harrier,3,13525,Late Delivery,2024-08-25
782,1215,Ertiga,3,8713,No Issue,2022-05-29
783,3517,Baleno,4,4300,Scratches,2023-07-30
784,3900,City,4,3726,High Service Cost,2023-04-14
785,3351,Creta,3,2512,Scratches,2022-05-15
786,1297,i20,4,8890,AC Problem,2024-03-30
787,2369,Baleno,3,2795,Scratches,2022-01-19
788,1285,Baleno,2,6959,High Service Cost,2024-06-11
789,4956,City,3,14443,Engine Noise,2023-08-21
790,4059,Baleno,1,11818,High Service Cost,2023-11-17
791,1125,Baleno,2,5281,Engine Noise,2023-07-04
792,1050,Alto,3,14611,Late Delivery,2022-05-21
793,2442,Swift,1,9909,No Issue,2023-02-10
794,2725,Harrier,3,7884,Late Delivery,2023-05-15
795,4122,Swift,2,11256,Late Delivery,2022-02-04
796,1470,Swift,3,10553,Late Delivery,2023-10-18
797,2399,Alto,4,12611,No Issue,2023-10-18
798,4436,Harrier,3,4998,Engine Noise,2022-12-24
799,4303,Creta,2,12874,High Service Cost,2022-01-24
800,4761,Harrier,5,13925,Engine Noise,2024-09-08
801,3717,Ertiga,3,2751,Engine Noise,2023-03-10
802,4730,Seltos,4,3336,Scratches,2022-08-03
803,2503,Alto,2,11493,No Issue,2022-12-30
804,2329,XUV700,1,6417,Engine Noise,2023-04-12
805,1437,Ertiga,5,3960,Engine Noise,2024-04-04
806,4322,Alto,3,6650,Late Delivery,2022-08-24
807,3898,Alto,2,5105,AC Problem,2023-07-22
808,3389,Baleno,4,14401,Scratches,2023-08-21
809,4203,Ertiga,4,2001,High Service Cost,2023-04-10
810,1748,i20,2,2749,AC Problem,2023-08-27
811,1523,Alto,4,9738,Scratches,2022-03-14
812,1654,Alto,5,13271,Late Delivery,2024-04-09
813,1505,Seltos,1,4848,Late Delivery,2024-01-14
814,1398,Swift,4,9619,Late Delivery,2022-08-22
815,3953,i20,4,5601,No Issue,2023-02-23
816,4189,Swift,1,14860,AC Problem,2023-02-27
817,3108,City,5,14370,Late Delivery,2022-01-25
818,2938,Baleno,5,11225,Engine Noise,2022-12-21
819,2204,Harrier,5,10625,No Issue,2022-04-22
820,3360,Swift,4,2617,Late Delivery,2023-10-03
821,1264,XUV700,4,7341,No Issue,2023-07-31
822,2052,XUV700,5,10981,Engine Noise,2022-01-26
823,4334,Harrier,4,5622,Late Delivery,2023-06-14
824,1711,Harrier,3,13109,AC Problem,2024-07-20
825,4688,Swift,4,6416,Late Delivery,2024-07-28
826,1912,Creta,5,10989,Engine Noise,2023-08-13
827,2614,Ertiga,2,11970,Late Delivery,2024-01-31
828,2679,Alto,5,4926,Engine Noise,2022-06-13
829,2734,Alto,2,7239,Late Delivery,2022-12-01
830,4689,Harrier,4,13949,Late Delivery,2023-02-18
831,3386,City,4,7662,Scratches,2023-08-13
832,2445,XUV700,2,7862,No Issue,2023-09-15
833,3136,i20,5,13432,High Service Cost,2022-10-10
834,1331,Alto,1,2651,Scratches,2022-12-30
835,4502,Swift,1,11488,Scratches,2022-09-11
836,4849,City,5,12945,No Issue,2024-07-10
837,4834,City,4,14656,Scratches,2022-06-20
838,1151,City,2,2471,Engine Noise,2022-07-22
839,4889,Ertiga,2,10027,Scratches,2023-05-01
840,1707,i20,5,6851,High Service Cost,2022-10-07
841,3173,Creta,5,3318,Engine Noise,2023-02-08
842,4114,City,3,6974,AC Problem,2024-10-28
843,1420,Harrier,2,11175,No Issue,2024-03-08
844,2708,Seltos,3,6743,No Issue,2022-01-18
845,4561,Creta,4,4650,No Issue,2023-08-18
846,4637,Harrier,2,5609,Engine Noise,2023-05-04
847,1252,i20,5,11803,No Issue,2023-03-08
848,1998,Seltos,5,12786,No Issue,2022-07-07
849,2834,City,4,9992,High Service Cost,2022-05-04
850,2731,XUV700,1,2206,Late Delivery,2023-08-30
851,4555,Baleno,3,6884,AC Problem,2022-05-02
852,1292,i20,5,5236,Late Delivery,2024-05-23
853,2240,Creta,2,2123,Late Delivery,2024-06-23
854,1168,XUV700,2,8020,No Issue,2022-04-14
855,3781,XUV700,2,6368,Engine Noise,2023-10-28
856,4711,Swift,4,10665,No Issue,2023-11-04
857,4456,Baleno,1,2353,Late Delivery,2024-06-07
858,4932,Seltos,3,4144,High Service Cost,2023-03-28
859,3063,Swift,2,10728,No Issue,2024-01-21
860,1036,Creta,2,3084,No Issue,2023-07-15
861,2444,Seltos,5,3117,No Issue,2024-05-29
862,2926,City,1,13219,Engine Noise,2023-10-08
863,1295,Creta,5,2961,High Service Cost,2024-03-11
864,3482,Alto,4,2757,High Service Cost,2024-09-05
865,3367,City,4,9820,High Service Cost,2022-05-26
866,4808,Harrier,3,13128,High Service Cost,2023-05-29
867,4697,XUV700,4,3788,Late Delivery,2024-04-15
868,3581,XUV700,3,3319,No Issue,2022-11-24
869,4370,Baleno,5,2681,AC Problem,2023-03-04
870,3621,Swift,2,11043,High Service Cost,2024-03-07
871,4765,i20,2,14101,Scratches,2022-11-30
872,1922,Swift,1,8090,Scratches,2023-09-18
873,2820,i20,4,2749,AC Problem,2023-02-01
874,4087,Harrier,1,10088,Late Delivery,2023-06-18
875,1980,Ertiga,1,14457,Scratches,2022-02-26
876,3442,City,2,11054,Scratches,2023-11-25
877,3324,City,4,4346,Scratches,2024-10-22
878,1648,Swift,2,2707,Late Delivery,2023-04-01
879,1282,Harrier,1,5967,No Issue,2024-04-04
880,2662,Seltos,4,4715,Late Delivery,2022-04-28
881,1998,Ertiga,2,11111,Engine Noise,2023-07-10
882,1085,Seltos,3,13048,Engine Noise,2023-07-19
883,1206,Baleno,3,11532,Scratches,2023-05-11
884,4946,Swift,5,9035,Scratches,2024-03-11
885,4734,Harrier,5,9812,No Issue,2023-10-03
886,3610,Harrier,4,10032,AC Problem,2022-06-12
887,3524,Creta,5,11866,Scratches,2022-09-08
888,2766,Alto,4,10455,Engine Noise,2023-10-06
889,3639,City,1,13924,Scratches,2022-11-25
890,1130,Harrier,3,2479,No Issue,2022-04-28
891,3447,XUV700,4,8664,Engine Noise,2023-01-04
892,1135,Ertiga,1,13045,Scratches,2024-01-18
893,4417,City,3,9210,No Issue,2022-07-14
894,3217,City,2,3119,No Issue,2023-08-29
895,4016,Swift,1,11609,Engine Noise,2023-12-25
896,2186,Ertiga,2,6619,Engine Noise,2022-05-18
897,1198,i20,5,13618,AC Problem,2024-08-20
898,1738,i20,4,10593,Engine Noise,2022-06-05
899,4119,Harrier,3,3494,No Issue,2024-05-25
900,4893,Ertiga,5,4699,Engine Noise,2023-06-03
901,3812,Harrier,1,5850,Engine Noise,2022-07-01
902,2517,Harrier,5,5937,No Issue,2022-06-19
903,1102,Creta,2,8426,AC Problem,2023-05-12
904,1547,City,2,6628,No Issue,2024-09-30
905,1005,Ertiga,4,10137,Engine Noise,2024-10-17
906,1710,Seltos,5,8905,Engine Noise,2023-12-14
907,1011,i20,3,13950,Engine Noise,2024-06-20
908,3150,Harrier,2,5148,AC Problem,2022-01-02
909,3746,Ertiga,1,9912,No Issue,2023-02-27
910,2856,City,5,10901,High Service Cost,2024-02-21
911,2713,Creta,3,13618,Late Delivery,2024-01-23
912,1426,Baleno,3,7787,Scratches,2023-04-19
913,1170,Baleno,3,3939,Late Delivery,2022-05-26
914,2712,Baleno,3,11171,AC Problem,2022-11-22
915,1088,Ertiga,2,10616,No Issue,2023-08-11
916,3763,XUV700,4,7123,High Service Cost,2022-08-18
917,4510,Ertiga,5,6179,AC Problem,2023-08-08
918,4418,Ertiga,2,2791,No Issue,2023-09-10
919,1854,Swift,4,6752,Engine Noise,2024-01-06
920,4282,City,3,13140,AC Problem,2024-02-21
921,4796,City,1,6152,Scratches,2024-08-10
922,2457,Ertiga,3,3635,Late Delivery,2023-11-12
923,4604,Swift,4,13975,No Issue,2022-04-16
924,3647,Alto,4,11160,High Service Cost,2022-10-12
925,4596,Seltos,1,6496,Engine Noise,2023-08-19
926,3473,XUV700,2,2951,High Service Cost,2024-04-15
927,4058,Alto,1,8079,Scratches,2023-06-10
928,4043,Ertiga,3,2521,High Service Cost,2024-05-26
929,4191,Swift,5,8065,High Service Cost,2022-06-29
930,4982,XUV700,2,3974,Engine Noise,2024-04-18
931,1177,i20,5,8413,High Service Cost,2023-05-27
932,4200,Swift,5,3882,Engine Noise,2024-10-26
933,3610,Baleno,2,14804,Scratches,2023-07-06
934,1417,Seltos,3,7461,No Issue,2024-02-03
935,1553,Alto,4,8283,Engine Noise,2024-01-11
936,4389,Swift,3,7097,AC Problem,2024-10-13
937,4678,City,4,8407,AC Problem,2023-04-18
938,1241,Harrier,4,6544,No Issue,2023-04-11
939,4999,Seltos,2,9394,Late Delivery,2022-10-29
940,2379,Swift,2,5131,High Service Cost,2023-11-27
941,2596,i20,1,13343,No Issue,2023-12-19
942,4932,Ertiga,5,7174,High Service Cost,2024-09-23
943,2461,Ertiga,5,6095,Engine Noise,2023-04-04
944,4529,Seltos,5,12845,High Service Cost,2022-03-31
945,2465,Harrier,5,12666,Scratches,2022-04-26
946,3004,City,1,13816,AC Problem,2023-11-06
947,4299,Swift,4,10713,No Issue,2023-02-04
948,3455,City,1,6321,High Service Cost,2022-04-20
949,2946,Ertiga,2,8259,No Issue,2022-07-19
950,2300,Swift,3,7459,No Issue,2024-03-02
951,4089,Ertiga,4,7226,Scratches,2023-08-15
952,4827,i20,4,7638,Engine Noise,2024-09-13
953,4382,City,1,8676,High Service Cost,2024-02-02
954,4395,Harrier,2,9931,Late Delivery,2022-03-14
955,2070,Seltos,2,8474,No Issue,2024-05-27
956,1821,Ertiga,4,14388,Engine Noise,2023-12-18
957,3577,i20,1,6651,Late Delivery,2023-03-11
958,2919,i20,5,10414,No Issue,2023-08-15
959,4784,City,4,7329,Late Delivery,2022-04-25
960,3547,i20,5,11941,High Service Cost,2022-01-25
961,2788,Seltos,3,9972,High Service Cost,2022-06-26
962,1191,Harrier,2,12990,AC Problem,2022-10-20
963,3096,Baleno,4,4475,No Issue,2024-10-23
964,3141,Baleno,3,5136,No Issue,2022-11-11
965,1930,i20,5,13517,AC Problem,2023-11-25
966,2772,Ertiga,4,11073,High Service Cost,2023-07-05
967,4805,Creta,3,8661,Engine Noise,2022-03-04
968,3214,Harrier,4,4341,Late Delivery,2022-04-13
969,4565,Ertiga,3,2220,No Issue,2022-06-08
970,3301,Ertiga,3,8570,No Issue,2023-07-15
971,1056,Creta,5,4360,Scratches,2024-01-04
972,3053,Swift,2,7834,Late Delivery,2022-12-25
973,2997,Baleno,1,7583,AC Problem,2023-12-01
974,1237,XUV700,3,14869,High Service Cost,2024-02-04
975,1732,Harrier,2,5648,AC Problem,2024-05-26
976,4295,Swift,1,2251,No Issue,2023-05-05
977,3637,Creta,5,8838,No Issue,2022-07-11
978,3067,XUV700,4,7231,High Service Cost,2022-09-01
979,4889,Harrier,2,3787,Late Delivery,2024-09-20
980,3824,Alto,4,2279,Engine Noise,2024-07-22
981,2227,Creta,4,6389,High Service Cost,2023-08-06
982,1141,Harrier,1,7634,Engine Noise,2024-01-03
983,3423,Alto,2,14466,No Issue,2024-02-20
984,3454,Swift,3,12428,Engine Noise,2024-03-04
985,1815,Alto,1,8311,Engine Noise,2024-09-29
986,3017,Creta,2,4101,High Service Cost,2024-06-24
987,3127,Baleno,3,5649,AC Problem,2024-01-03
988,1209,Creta,4,11842,No Issue,2022-04-01
989,1767,City,5,12555,Late Delivery,2023-07-22
990,4383,Seltos,5,8869,Scratches,2023-01-23
991,3424,Swift,1,7741,Engine Noise,2024-10-16
992,3087,Seltos,3,12422,No Issue,2023-03-12
993,4424,Ertiga,3,13523,Scratches,2024-07-04
994,1452,Swift,5,2023,Late Delivery,2022-02-16
995,4494,Harrier,3,9261,Scratches,2024-08-27
996,1713,XUV700,2,10447,Late Delivery,2022-11-03
997,1085,Ertiga,2,11429,AC Problem,2022-04-24
998,2578,Harrier,5,5942,Scratches,2022-02-13
999,3283,Ertiga,4,13759,Late Delivery,2022-12-20
1000,3016,City,4,3063,AC Problem,2024-10-03
1001,2913,Creta,4,10986,Engine Noise,2023-01-29
1002,4486,Swift,5,11678,Scratches,2023-12-18
1003,2605,Baleno,1,4483,Late Delivery,2024-01-30
1004,4427,City,3,9716,No Issue,2022-08-18
1005,4714,Swift,2,7109,High Service Cost,2022-12-22
1006,1643,Baleno,2,3234,AC Problem,2023-02-28
1007,2271,Ertiga,1,14177,Scratches,2023-05-15
1008,3714,Alto,3,13046,AC Problem,2022-01-20
1009,4813,Seltos,4,9626,Scratches,2022-08-03
1010,2624,Baleno,2,12186,Scratches,2024-01-14
1011,4300,Creta,4,12525,Scratches,2023-05-09
1012,2562,Ertiga,4,4291,High Service Cost,2022-04-28
1013,3408,Creta,5,10953,Scratches,2023-07-15
1014,3915,XUV700,5,6238,AC Problem,2022-09-20
1015,1749,Swift,3,3784,Engine Noise,2022-12-02
1016,3222,Alto,2,10511,Engine Noise,2023-06-06
1017,3875,Baleno,5,5992,No Issue,2024-05-24
1018,3851,Seltos,3,6528,High Service Cost,2024-10-13
1019,2397,Baleno,1,5650,AC Problem,2022-07-23
1020,2965,Creta,4,14409,No Issue,2024-09-10
1021,1060,Alto,2,9402,Engine Noise,2023-10-17
1022,4241,Baleno,2,4779,Scratches,2024-05-05
1023,2530,Ertiga,3,5615,Scratches,2022-08-04
1024,1774,XUV700,5,8346,Late Delivery,2022-08-22
1025,3461,Alto,4,3996,High Service Cost,2023-02-06
1026,4889,Swift,4,11488,Late Delivery,2023-04-30
1027,1115,Alto,2,13437,High Service Cost,2023-01-25
1028,4246,Seltos,2,12477,High Service Cost,2022-06-22
1029,2756,Ertiga,4,10035,Scratches,2024-03-03
1030,2447,Baleno,1,8109,Scratches,2023-05-22
1031,2151,Harrier,3,2109,No Issue,2022-05-24
1032,4560,Baleno,1,2411,Engine Noise,2022-09-04
1033,4076,Creta,5,2070,Engine Noise,2023-06-25
1034,2349,Creta,1,5727,Scratches,2022-11-16
1035,3745,City,1,2717,Engine Noise,2023-11-16
1036,4243,XUV700,5,7476,High Service Cost,2022-08-22
1037,2222,Baleno,3,12662,Engine Noise,2023-07-16
1038,4302,Swift,4,12480,AC Problem,2023-05-13
1039,3847,i20,1,13866,No Issue,2023-10-29
1040,4918,i20,3,8813,Engine Noise,2023-09-04
1041,1626,Swift,5,2718,Engine Noise,2023-08-15
1042,2356,Alto,3,9736,No Issue,2023-06-25
1043,2489,Ertiga,1,9735,No Issue,2022-03-03
1044,2865,City,4,10318,Scratches,2024-08-01
1045,3471,City,5,10617,No Issue,2023-10-07
1046,2336,Alto,5,9242,AC Problem,2022-04-27
1047,1522,Harrier,1,4325,Scratches,2023-05-25
1048,4495,i20,3,12733,High Service Cost,2023-07-09
1049,2639,City,4,4435,Late Delivery,2024-09-15
1050,3222,Seltos,5,4818,Engine Noise,2024-04-21
1051,3945,Baleno,1,2535,No Issue,2023-07-04
1052,4034,City,1,13725,Engine Noise,2024-02-14
1053,2971,Alto,2,8451,High Service Cost,2022-12-03
1054,3421,City,2,9746,Late Delivery,2022-07-03
1055,1631,Ertiga,3,12526,No Issue,2024-10-13
1056,1236,Creta,1,7172,Scratches,2022-10-07
1057,4057,Creta,3,12684,Scratches,2024-03-13
1058,2771,Harrier,3,11336,No Issue,2023-05-31
1059,1967,City,4,11913,No Issue,2024-09-18
1060,2840,Baleno,2,5490,High Service Cost,2022-04-29
1061,1442,XUV700,3,5870,Late Delivery,2024-03-02
1062,4109,Harrier,4,3779,No Issue,2024-04-18
1063,3831,XUV700,4,5147,Scratches,2023-03-10
1064,2911,City,2,2905,Late Delivery,2023-10-30
1065,4927,i20,2,4131,No Issue,2022-11-25
1066,2019,Alto,1,13115,Late Delivery,2022-04-13
1067,4834,Seltos,3,12039,High Service Cost,2024-05-20
1068,3006,XUV700,4,8947,AC Problem,2022-12-11
1069,3934,Baleno,1,10498,No Issue,2023-02-14
1070,3893,i20,3,5516,No Issue,2022-02-18
1071,2562,City,3,13922,Late Delivery,2022-04-29
1072,1841,i20,1,6432,No Issue,2024-05-01
1073,1634,Alto,4,7991,Late Delivery,2023-04-13
1074,3203,Baleno,1,10708,AC Problem,2022-02-16
1075,3776,Alto,3,2100,Late Delivery,2022-01-01
1076,4265,Creta,1,8060,No Issue,2022-06-10
1077,1812,Harrier,1,4147,Scratches,2023-09-16
1078,4232,Harrier,3,4220,High Service Cost,2022-01-23
1079,3687,XUV700,2,13021,Late Delivery,2023-04-21
1080,4899,City,4,12100,Scratches,2024-02-04
1081,4761,Ertiga,3,2027,Late Delivery,2023-05-14
1082,4197,Swift,2,6852,Scratches,2023-05-02
1083,2709,Seltos,1,5336,No Issue,2023-01-14
1084,2570,i20,2,4362,High Service Cost,2024-02-14
1085,4310,Harrier,3,6133,Scratches,2024-06-07
1086,2064,Alto,3,5676,Engine Noise,2023-11-23
1087,1185,i20,1,13416,Late Delivery,2023-05-27
1088,3508,Swift,3,4375,Scratches,2022-01-14
1089,2718,Alto,5,2047,High Service Cost,2022-09-01
1090,2412,Baleno,2,9058,High Service Cost,2024-10-24
1091,4332,Baleno,5,13905,High Service Cost,2022-08-02
1092,4477,Swift,5,10197,AC Problem,2022-02-18
1093,3593,City,2,7533,Scratches,2024-05-27
1094,2472,Ertiga,3,10961,Scratches,2022-06-30
1095,1698,Seltos,2,9602,No Issue,2023-11-03
1096,4472,Seltos,1,3362,Engine Noise,2024-05-19
1097,3354,Ertiga,5,5340,AC Problem,2022-08-05
1098,1944,Alto,5,2816,Scratches,2024-02-02
1099,1136,Seltos,3,14020,AC Problem,2023-09-17
1100,2225,Harrier,2,2007,No Issue,2022-07-09
1101,1892,Alto,4,6872,Late Delivery,2022-01-02
1102,3702,XUV700,3,14950,Engine Noise,2023-04-05
1103,1620,Creta,3,4532,AC Problem,2023-09-24
1104,3204,XUV700,3,4759,High Service Cost,2024-01-27
1105,4326,i20,2,2328,Engine Noise,2024-02-23
1106,3228,Ertiga,3,14687,Late Delivery,2022-05-11
1107,3456,i20,1,6875,Scratches,2023-06-14
1108,1852,Seltos,1,12104,Scratches,2022-08-20
1109,4024,Baleno,5,4385,AC Problem,2023-02-20
1110,4802,Creta,5,5980,No Issue,2023-07-16
1111,4099,Harrier,2,4466,Scratches,2022-06-26
1112,4734,City,4,7329,Scratches,2022-05-05
1113,1870,Alto,5,13229,Engine Noise,2023-01-18
1114,1611,Harrier,5,3194,Late Delivery,2024-10-25
1115,2538,Harrier,5,2100,High Service Cost,2022-07-04
1116,2568,i20,5,4461,High Service Cost,2022-03-25
1117,4270,Baleno,3,8715,No Issue,2024-07-28
1118,1068,Alto,5,2322,Late Delivery,2023-10-27
1119,1601,City,2,14316,Engine Noise,2023-12-11
1120,3064,i20,3,9832,High Service Cost,2024-01-02
1121,3896,XUV700,3,5649,No Issue,2024-09-10
1122,1878,Swift,2,6846,Scratches,2024-06-24
1123,3882,City,4,13268,Scratches,2023-10-12
1124,4906,Harrier,5,7755,AC Problem,2023-06-23
1125,1545,Alto,1,2606,Engine Noise,2022-06-12
1126,2799,Harrier,4,10708,High Service Cost,2022-03-03
1127,2836,Creta,5,11300,AC Problem,2023-02-06
1128,3107,Seltos,1,6335,AC Problem,2022-09-20
1129,1183,Baleno,3,2838,AC Problem,2022-07-18
1130,1837,i20,3,3121,Scratches,2024-02-17
1131,2892,Alto,3,5965,No Issue,2022-01-27
1132,2388,Swift,5,5341,No Issue,2024-10-01
1133,4069,Swift,2,3336,High Service Cost,2024-08-29
1134,2941,XUV700,3,3259,AC Problem,2024-03-26
1135,2952,XUV700,3,13472,Engine Noise,2022-11-19
1136,2457,i20,3,9192,No Issue,2022-12-11
1137,4270,Ertiga,5,12053,Late Delivery,2024-04-18
1138,3800,Swift,1,2644,No Issue,2024-01-30
1139,4303,City,4,12420,Engine Noise,2022-01-11
1140,3770,XUV700,3,2596,AC Problem,2023-03-11
1141,2391,Baleno,4,8389,No Issue,2024-04-19
1142,2453,XUV700,2,4810,AC Problem,2022-05-28
1143,4635,Creta,2,6536,Scratches,2022-09-26
1144,4190,i20,2,8769,Engine Noise,2023-12-16
1145,3377,Harrier,3,2467,Scratches,2022-08-24
1146,4286,Creta,4,11156,Scratches,2023-10-05
1147,4393,Baleno,1,11829,High Service Cost,2024-06-29
1148,2172,Swift,5,4786,AC Problem,2024-02-03
1149,4479,Alto,4,13005,AC Problem,2022-09-09
1150,2711,Swift,5,10418,AC Problem,2023-07-22
1151,2400,Swift,4,4808,AC Problem,2024-06-10
1152,1780,Alto,3,11496,Engine Noise,2024-01-31
1153,4391,Creta,1,7789,Scratches,2022-09-06
1154,2028,City,3,10705,High Service Cost,2024-03-24
1155,3449,Creta,2,2211,High Service Cost,2023-01-08
1156,1627,Harrier,1,2769,Scratches,2022-06-25
1157,3250,Creta,4,13503,Scratches,2024-05-14
1158,4108,Baleno,3,9531,Late Delivery,2023-03-15
1159,1053,Creta,5,10622,Engine Noise,2022-02-23
1160,1287,Seltos,3,5258,High Service Cost,2022-11-17
1161,4355,Ertiga,3,2259,Engine Noise,2024-03-29
1162,4669,Baleno,4,3754,AC Problem,2024-07-16
1163,2068,i20,4,12589,High Service Cost,2024-01-18
1164,1283,Alto,2,14994,No Issue,2024-06-14
1165,1832,i20,1,2045,No Issue,2023-02-08
1166,1581,Alto,3,2876,High Service Cost,2022-12-13
1167,2994,i20,5,10154,Late Delivery,2023-11-07
1168,3089,Seltos,4,4917,No Issue,2023-05-04
1169,4488,XUV700,4,3955,AC Problem,2024-03-10
1170,1271,Ertiga,2,11792,AC Problem,2022-12-25
1171,4212,City,1,4274,Engine Noise,2024-07-30
1172,1916,Harrier,2,9735,Scratches,2023-01-13
1173,1570,Swift,4,3739,Engine Noise,2024-07-19
1174,3799,Alto,5,7666,AC Problem,2022-03-20
1175,3094,Harrier,2,5190,Engine Noise,2024-08-27
1176,4238,Alto,3,2333,AC Problem,2022-11-04
1177,2645,Alto,4,3530,Engine Noise,2024-09-03
1178,3173,Alto,4,2555,AC Problem,2023-11-22
1179,1471,Alto,2,12240,High Service Cost,2022-08-11
1180,1810,Alto,5,10922,High Service Cost,2023-10-18
1181,2946,Swift,2,6823,Engine Noise,2022-06-13
1182,1620,i20,5,6033,Scratches,2023-10-13
1183,1676,i20,4,3163,Late Delivery,2022-11-08
1184,3417,XUV700,2,8028,AC Problem,2022-06-19
1185,1770,Alto,1,11491,Late Delivery,2022-02-16
1186,3635,Baleno,2,14654,No Issue,2022-01-06
1187,3054,Harrier,2,14911,No Issue,2024-06-22
1188,1697,Swift,1,4020,Scratches,2024-01-27
1189,4347,Alto,1,9685,Engine Noise,2024-06-30
1190,2614,Alto,3,8023,AC Problem,2023-06-05
1191,1064,Creta,1,9444,High Service Cost,2024-04-22
1192,4698,Baleno,5,5686,No Issue,2023-07-17
1193,1201,Seltos,3,3940,Engine Noise,2022-11-23
1194,1141,Harrier,5,6396,Late Delivery,2024-06-01
1195,4169,City,3,5071,Scratches,2024-01-14
1196,3864,Creta,3,9016,High Service Cost,2024-10-25
1197,3264,i20,5,5499,High Service Cost,2024-10-26
1198,4038,Harrier,4,11402,No Issue,2022-02-12
1199,4657,Baleno,4,6253,Engine Noise,2024-05-10
1200,2316,Creta,2,9817,High Service Cost,2024-06-14
1201,4579,Ertiga,4,11546,Late Delivery,2022-05-11
1202,2157,Swift,2,13520,Late Delivery,2024-06-26
1203,3309,XUV700,4,8025,Scratches,2023-07-31
1204,3331,Swift,2,9576,Scratches,2022-09-17
1205,1101,Creta,2,8607,Late Delivery,2023-03-12
1206,1376,i20,1,12322,Late Delivery,2023-01-18
1207,1205,XUV700,2,9753,Engine Noise,2023-12-11
1208,4724,Harrier,5,9022,High Service Cost,2023-06-12
1209,4084,Creta,5,6109,Engine Noise,2023-12-16
1210,1760,i20,2,5267,Scratches,2024-05-19
1211,2146,Swift,5,9072,Scratches,2023-08-09
1212,3057,XUV700,4,11427,Scratches,2023-07-29
1213,4663,Ertiga,5,7254,High Service Cost,2022-05-21
1214,2190,Ertiga,1,6203,No Issue,2022-08-13
1215,2634,Seltos,5,7890,Scratches,2022-06-10
1216,2742,Seltos,4,6726,Scratches,2024-07-23
1217,3198,Harrier,4,12970,Engine Noise,2023-02-01
1218,2060,Harrier,2,14452,Engine Noise,2022-01-16
1219,2912,i20,3,13100,No Issue,2022-08-17
1220,3823,Harrier,4,8297,AC Problem,2023-03-14
1221,2497,Swift,2,6442,No Issue,2023-02-18
1222,2467,Ertiga,2,3048,No Issue,2024-07-23
1223,4413,i20,5,3959,No Issue,2023-09-01
1224,2028,XUV700,5,11770,Engine Noise,2024-04-17
1225,1889,Alto,2,5698,Scratches,2023-10-14
1226,2249,Harrier,1,10541,Engine Noise,2022-05-10
1227,2562,Creta,2,7675,Late Delivery,2024-07-17
1228,4195,City,5,9891,Late Delivery,2023-10-17
1229,1402,Swift,4,3478,AC Problem,2024-04-28
1230,3986,Harrier,1,3820,Scratches,2023-11-23
1231,1810,Alto,3,11433,No Issue,2023-04-23
1232,2058,Swift,4,5930,Scratches,2024-09-02
1233,2260,Ertiga,5,7365,Late Delivery,2024-04-28
1234,2491,Ertiga,4,11067,AC Problem,2023-06-03
1235,3546,i20,4,13912,Scratches,2024-06-19
1236,1511,Ertiga,5,8603,No Issue,2022-03-06
1237,2846,Harrier,4,11733,AC Problem,2023-03-28
1238,1316,XUV700,2,7786,AC Problem,2024-05-02
1239,1302,Baleno,1,13897,Engine Noise,2022-06-19
1240,2125,Baleno,5,5701,No Issue,2024-01-08
1241,4660,Seltos,1,13730,Engine Noise,2022-08-19
1242,2335,Swift,2,11011,Late Delivery,2024-08-19
1243,1081,XUV700,5,5909,High Service Cost,2022-01-06
1244,1657,Alto,2,14208,Scratches,2022-09-21
1245,3240,Harrier,3,10400,High Service Cost,2024-07-19
1246,3271,Baleno,3,3884,No Issue,2022-02-22
1247,1052,Alto,3,6502,Engine Noise,2022-01-19
1248,2014,Ertiga,1,4128,No Issue,2022-09-22
1249,1344,Ertiga,3,14180,No Issue,2024-03-16
1250,2108,Baleno,3,9497,Late Delivery,2022-06-09
1251,1986,Baleno,2,10298,No Issue,2024-07-30
1252,2930,Alto,4,12887,Scratches,2023-01-20
1253,4951,Creta,4,12677,Late Delivery,2024-10-27
1254,1640,Swift,3,13277,High Service Cost,2024-05-24
1255,1210,Swift,4,14978,No Issue,2024-05-29
1256,1863,Alto,3,6029,High Service Cost,2023-06-20
1257,1775,Creta,3,3425,Scratches,2022-05-10
1258,1914,Ertiga,1,6605,Scratches,2022-09-07
1259,1182,Creta,5,11309,Scratches,2024-07-02
1260,4343,Creta,4,4129,High Service Cost,2023-09-10
1261,1505,Creta,3,6056,High Service Cost,2022-12-22
1262,4298,Swift,4,2240,Engine Noise,2022-11-08
1263,2857,Creta,1,10356,Late Delivery,2022-02-01
1264,3059,Alto,1,3496,AC Problem,2024-04-17
1265,1092,XUV700,3,13293,No Issue,2022-04-03
1266,1329,Harrier,4,12698,Late Delivery,2024-06-09
1267,3237,Seltos,4,2303,Scratches,2022-02-03
1268,4669,Seltos,4,6774,No Issue,2024-05-01
1269,3913,Seltos,1,2911,Engine Noise,2024-08-28
1270,4001,XUV700,2,7093,Late Delivery,2023-09-01
1271,4069,XUV700,2,8047,Scratches,2023-05-23
1272,4860,Baleno,4,13164,No Issue,2022-11-09
1273,3340,Harrier,4,14211,No Issue,2024-08-01
1274,1260,Alto,5,4761,Scratches,2022-02-01
1275,1709,Baleno,3,2605,High Service Cost,2023-09-29
1276,2951,Creta,1,3038,Late Delivery,2023-09-12
1277,3370,Harrier,5,2406,No Issue,2023-12-24
1278,3057,i20,4,3071,High Service Cost,2024-09-26
1279,4012,i20,2,9830,Engine Noise,2022-01-02
1280,1087,Harrier,2,6209,No Issue,2024-10-07
1281,3387,i20,5,8598,No Issue,2022-04-06
1282,4389,Baleno,2,6621,Engine Noise,2023-05-20
1283,2572,XUV700,2,8088,Engine Noise,2022-07-30
1284,4294,Harrier,3,6443,AC Problem,2024-02-22
1285,3734,i20,4,3452,AC Problem,2024-09-19
1286,3256,Alto,5,4453,No Issue,2022-04-22
1287,2072,i20,1,7499,Scratches,2022-10-30
1288,4607,Creta,1,7180,Engine Noise,2023-11-28
1289,4921,Baleno,4,8673,High Service Cost,2024-05-10
1290,3969,Ertiga,1,4987,Engine Noise,2022-09-12
1291,4689,Swift,2,4789,No Issue,2024-07-15
1292,2846,Baleno,3,13861,No Issue,2022-12-08
1293,3310,City,5,2200,Late Delivery,2024-01-26
1294,4277,City,5,9825,High Service Cost,2022-09-15
1295,4752,Swift,2,8200,Late Delivery,2024-09-08
1296,4568,XUV700,4,10974,Engine Noise,2022-08-17
1297,4969,Seltos,3,4760,Late Delivery,2023-03-08
1298,3717,i20,1,7225,No Issue,2022-04-28
1299,4824,Alto,5,6921,Scratches,2024-06-18
1300,2488,XUV700,5,5713,Engine Noise,2022-01-26
1301,2658,City,4,7652,No Issue,2022-12-06
1302,3067,Harrier,3,11130,Engine Noise,2022-06-20
1303,3615,Swift,1,5116,Late Delivery,2023-06-16
1304,4017,XUV700,5,5617,Late Delivery,2022-12-15
1305,4863,Seltos,5,12612,AC Problem,2023-01-12
1306,2131,Harrier,1,7190,Engine Noise,2022-05-31
1307,3187,Creta,3,10955,AC Problem,2024-04-08
1308,2114,Baleno,3,4894,Engine Noise,2022-08-18
1309,1270,Swift,3,11446,Late Delivery,2022-12-02
1310,4400,City,5,6619,Engine Noise,2022-10-02
1311,4281,Alto,2,9290,AC Problem,2023-12-16
1312,4759,Creta,5,11990,Late Delivery,2024-06-16
1313,2596,Creta,4,7188,AC Problem,2022-09-14
1314,4526,XUV700,4,6966,Engine Noise,2023-11-12
1315,1283,Swift,5,11461,Scratches,2024-10-28
1316,1365,Baleno,5,9540,Engine Noise,2022-12-02
1317,3531,Swift,1,6193,Engine Noise,2024-07-23
1318,1002,Harrier,3,13032,No Issue,2024-09-06
1319,4051,Seltos,1,7441,Scratches,2024-06-05
1320,1783,Creta,4,10904,Late Delivery,2022-11-26
1321,3211,Creta,4,10865,Late Delivery,2022-08-31
1322,1387,City,2,6604,High Service Cost,2022-06-14
1323,4042,Creta,3,11133,Scratches,2024-08-16
1324,2032,Baleno,3,2942,Scratches,2023-04-25
1325,4063,Alto,4,6471,Engine Noise,2022-10-10
1326,2389,Swift,1,5743,No Issue,2024-07-23
1327,3059,Alto,5,12108,Late Delivery,2024-02-13
1328,1073,City,3,8283,Late Delivery,2022-07-28
1329,1237,XUV700,5,5836,No Issue,2023-08-01
1330,4883,Harrier,4,4428,AC Problem,2023-04-26
1331,4179,Creta,2,13566,No Issue,2024-09-30
1332,2985,Ertiga,4,11381,AC Problem,2022-12-30
1333,3962,City,5,13145,AC Problem,2023-02-27
1334,4596,Harrier,4,12505,Scratches,2022-08-01
1335,3281,Swift,3,5624,AC Problem,2024-06-17
1336,2462,i20,5,11444,No Issue,2023-06-05
1337,2780,Seltos,5,9391,No Issue,2024-07-28
1338,2504,i20,2,9927,Engine Noise,2022-01-19
1339,4904,Creta,3,3909,Scratches,2023-06-14
1340,2115,Alto,1,12438,AC Problem,2022-08-25
1341,1871,Creta,2,4674,High Service Cost,2022-04-14
1342,2221,Harrier,3,5324,High Service Cost,2024-07-25
1343,2139,Alto,1,7833,Late Delivery,2022-08-25
1344,2666,Seltos,5,4602,No Issue,2023-07-15
1345,4436,City,2,7797,Engine Noise,2023-08-20
1346,3200,Harrier,5,2154,No Issue,2022-02-07
1347,2656,Harrier,5,13039,Late Delivery,2024-07-31
1348,2131,City,5,4674,No Issue,2023-01-26
1349,2971,Ertiga,3,14057,High Service Cost,2024-01-31
1350,3575,Creta,1,14245,Scratches,2023-09-09
1351,1810,City,3,13833,No Issue,2023-02-21
1352,1055,XUV700,5,12571,AC Problem,2024-09-11
1353,4523,Harrier,2,6503,High Service Cost,2022-11-23
1354,4463,Ertiga,5,3527,High Service Cost,2023-08-07
1355,3662,Baleno,1,2625,Late Delivery,2023-09-22
1356,4279,i20,3,2685,Scratches,2023-02-03
1357,2533,Alto,1,11657,Late Delivery,2022-06-05
1358,1933,Creta,3,12655,Engine Noise,2022-10-04
1359,1662,Harrier,1,13663,AC Problem,2024-09-30
1360,4845,Alto,1,7209,Scratches,2024-07-31
1361,2578,i20,3,14428,Engine Noise,2023-09-29
1362,3347,Seltos,3,2869,Scratches,2024-05-23
1363,4023,Harrier,3,5077,High Service Cost,2024-06-28
1364,3677,Harrier,4,14005,Engine Noise,2022-01-21
1365,2871,Alto,1,12123,Scratches,2022-04-17
1366,2302,Harrier,4,2904,Scratches,2023-12-17
1367,1143,Harrier,4,12042,Engine Noise,2023-06-24
1368,4811,City,5,4022,Scratches,2024-07-21
1369,4275,XUV700,4,3242,Late Delivery,2022-03-08
1370,1228,Swift,4,12818,Late Delivery,2023-09-28
1371,4336,Seltos,3,4711,Engine Noise,2022-08-30
1372,3513,Swift,3,3294,High Service Cost,2024-10-02
1373,3184,Creta,2,12977,No Issue,2023-01-31
1374,1239,XUV700,1,14350,Engine Noise,2022-08-08
1375,3004,Harrier,4,7937,AC Problem,2023-11-22
1376,4769,Creta,4,11055,Engine Noise,2023-02-23
1377,3496,Seltos,1,3556,Engine Noise,2022-12-25
1378,2338,Baleno,3,12752,AC Problem,2023-05-16
1379,1150,Baleno,3,4302,AC Problem,2024-02-20
1380,4396,Alto,1,2736,AC Problem,2024-02-26
1381,4474,Baleno,1,2778,Engine Noise,2023-11-07
1382,1802,Harrier,3,13714,Late Delivery,2022-08-02
1383,1352,Swift,1,7525,Engine Noise,2023-05-07
1384,2974,Ertiga,3,7833,High Service Cost,2022-08-10
1385,2133,City,1,14907,No Issue,2022-09-26
1386,1465,Swift,3,9525,No Issue,2024-01-13
1387,2063,Swift,2,14375,High Service Cost,2022-02-13
1388,3701,Ertiga,3,11606,Engine Noise,2024-09-02
1389,4411,Harrier,3,6784,No Issue,2022-06-10
1390,2395,City,4,10035,Late Delivery,2024-01-18
1391,2548,Seltos,3,6736,No Issue,2022-11-04
1392,2530,Creta,1,10000,AC Problem,2022-04-27
1393,1052,Alto,5,8590,High Service Cost,2022-12-05
1394,4151,Baleno,1,14560,No Issue,2024-06-06
1395,2768,i20,4,8794,High Service Cost,2023-10-29
1396,3398,i20,1,6732,Engine Noise,2024-08-11
1397,2574,Swift,2,2521,No Issue,2024-07-28
1398,3786,City,5,7697,High Service Cost,2024-10-25
1399,3387,Ertiga,5,4847,Late Delivery,2022-03-12
1400,2144,Swift,4,6111,Late Delivery,2022-04-14
1401,3112,i20,5,12607,Scratches,2022-02-25
1402,2463,Harrier,3,8394,No Issue,2024-10-15
1403,1295,XUV700,4,14647,Engine Noise,2024-04-03
1404,3989,Baleno,2,10422,AC Problem,2023-05-11
1405,3252,XUV700,5,9420,Scratches,2022-02-03
1406,1646,City,5,10119,No Issue,2022-02-22
1407,2580,Baleno,4,14899,Late Delivery,2024-10-23
1408,4349,Baleno,5,8749,Engine Noise,2022-11-26
1409,3182,Ertiga,5,13656,Late Delivery,2024-03-15
1410,3425,Harrier,2,12756,No Issue,2022-05-29
1411,4123,XUV700,2,2518,AC Problem,2022-05-13
1412,4812,Swift,4,10675,Engine Noise,2022-09-16
1413,3915,City,5,12304,Engine Noise,2024-09-16
1414,3627,i20,1,12458,Scratches,2023-12-17
1415,4064,Swift,4,5851,Engine Noise,2024-07-19
1416,1709,Alto,2,14463,No Issue,2023-11-03
1417,1066,Baleno,1,8855,AC Problem,2022-05-27
1418,3050,Ertiga,5,14056,AC Problem,2024-04-21
1419,2593,Creta,4,7004,High Service Cost,2024-04-04
1420,2911,City,4,7544,High Service Cost,2023-05-11
1421,4522,Harrier,2,11225,Engine Noise,2023-09-15
1422,1509,Baleno,3,10957,High Service Cost,2023-08-25
1423,4839,City,3,5360,AC Problem,2024-08-01
1424,2891,Seltos,3,8052,No Issue,2022-05-11
1425,2461,City,4,8758,Scratches,2023-12-24
1426,3824,Creta,2,2987,Late Delivery,2024-02-04
1427,2973,Swift,2,10207,Late Delivery,2023-11-08
1428,2999,City,3,9495,No Issue,2023-07-26
1429,2970,i20,1,9092,Scratches,2022-04-08
1430,2551,Alto,3,11762,No Issue,2023-07-08
1431,4851,i20,4,6427,Engine Noise,2023-03-01
1432,1101,Swift,1,2078,Scratches,2023-08-08
1433,4987,XUV700,2,13280,AC Problem,2023-06-23
1434,2460,Seltos,5,3818,High Service Cost,2022-06-23
1435,3846,Harrier,1,11236,Engine Noise,2024-02-24
1436,1733,XUV700,2,11803,High Service Cost,2024-02-01
1437,4092,Creta,1,2431,Engine Noise,2024-02-02
1438,3434,Seltos,3,12795,Engine Noise,2024-08-10
1439,1532,Ertiga,1,12267,Engine Noise,2023-04-30
1440,1091,Ertiga,1,10804,Engine Noise,2023-08-08
1441,2819,Harrier,1,6350,Scratches,2024-02-21
1442,2156,Creta,4,10463,Scratches,2024-02-15
1443,1838,Seltos,4,13899,Engine Noise,2024-04-23
1444,1504,Harrier,3,14849,No Issue,2023-08-02
1445,2476,i20,5,6431,Engine Noise,2024-02-10
1446,1840,i20,4,10949,Engine Noise,2023-03-06
1447,1686,Seltos,5,6303,No Issue,2022-05-12
1448,3772,City,4,14322,No Issue,2024-08-10
1449,3195,XUV700,2,10305,Engine Noise,2023-01-22
1450,1933,Ertiga,2,7151,Late Delivery,2023-10-10
1451,2255,City,1,7016,Late Delivery,2023-09-06
1452,1883,Harrier,5,3962,No Issue,2023-01-07
1453,4236,XUV700,1,5065,Engine Noise,2024-03-24
1454,1313,City,1,5948,AC Problem,2022-10-14
1455,3704,Baleno,4,9671,High Service Cost,2023-07-01
1456,3345,Seltos,4,11025,High Service Cost,2024-07-30
1457,1222,Creta,1,9106,Engine Noise,2022-06-01
1458,3400,i20,4,2928,Engine Noise,2023-07-31
1459,1415,Baleno,2,7422,Engine Noise,2022-08-09
1460,3109,Harrier,2,12274,High Service Cost,2024-05-07
1461,3655,XUV700,5,4915,High Service Cost,2023-09-12
1462,1623,Seltos,2,11535,No Issue,2024-05-05
1463,3423,XUV700,1,14505,Scratches,2023-11-17
1464,3646,XUV700,3,7387,No Issue,2024-02-06
1465,1404,Creta,4,12283,No Issue,2022-02-27
1466,3976,Swift,1,11389,Late Delivery,2023-05-01
1467,2278,Creta,4,14042,AC Problem,2022-08-30
1468,4522,City,5,2197,No Issue,2024-04-22
1469,1389,Swift,1,11048,No Issue,2022-08-09
1470,2648,Baleno,1,6397,No Issue,2023-12-14
1471,1765,XUV700,1,12170,No Issue,2022-08-15
1472,1347,Seltos,5,13362,Scratches,2023-07-23
1473,4573,Ertiga,1,6500,Late Delivery,2023-08-08
1474,2345,Harrier,4,8865,High Service Cost,2024-02-06
1475,4615,Creta,3,11185,AC Problem,2024-02-15
1476,4135,Swift,1,2845,Engine Noise,2023-08-26
1477,4225,Swift,5,8290,High Service Cost,2022-10-17
1478,4005,Swift,5,3747,Late Delivery,2023-05-14
1479,3564,City,1,7507,No Issue,2024-01-22
1480,4466,Creta,5,6965,High Service Cost,2024-04-16
1481,2919,Alto,2,11759,No Issue,2023-06-06
1482,1329,XUV700,5,2345,AC Problem,2024-06-26
1483,4534,XUV700,3,2155,Scratches,2022-09-19
1484,4793,Baleno,2,7561,Scratches,2022-04-20
1485,2968,Ertiga,4,9369,AC Problem,2023-05-16
1486,1973,Ertiga,2,7032,AC Problem,2024-09-01
1487,3139,Harrier,3,14002,Late Delivery,2022-01-13
1488,2245,City,2,10333,AC Problem,2022-03-04
1489,3237,Alto,1,2103,High Service Cost,2022-12-06
1490,3619,Alto,5,3238,Scratches,2024-01-12
1491,1204,XUV700,1,14241,AC Problem,2022-03-29
1492,3259,XUV700,1,9476,Late Delivery,2023-08-04
1493,3817,Alto,1,6203,Late Delivery,2022-04-02
1494,1088,i20,2,5531,Late Delivery,2022-05-25
1495,4819,i20,4,5875,High Service Cost,2022-06-24
1496,4002,i20,5,10115,AC Problem,2023-04-05
1497,1362,Alto,2,3252,High Service Cost,2023-12-04
1498,4442,Ertiga,1,9079,Late Delivery,2022-05-15
1499,1331,Swift,3,14914,Engine Noise,2023-06-25
1500,3968,City,3,9109,AC Problem,2022-08-25
1501,1707,Creta,1,10399,AC Problem,2024-02-11
1502,4497,Harrier,4,7640,High Service Cost,2022-09-03
1503,3891,Ertiga,5,13882,High Service Cost,2024-04-07
1504,2478,Baleno,2,3762,Engine Noise,2023-04-04
1505,3742,Seltos,4,10909,High Service Cost,2024-08-22
1506,1421,XUV700,3,14100,High Service Cost,2023-09-16
1507,1762,Alto,1,3428,AC Problem,2022-07-23
1508,3783,XUV700,2,6276,Scratches,2022-02-27
1509,2194,Baleno,4,10005,Engine Noise,2023-11-16
1510,3757,XUV700,4,2640,Scratches,2023-08-12
1511,1248,i20,4,3822,AC Problem,2022-02-17
1512,3228,Alto,2,7804,Engine Noise,2024-03-01
1513,4546,Baleno,5,5048,Engine Noise,2023-06-29
1514,1482,Harrier,2,5227,Engine Noise,2022-06-29
1515,2407,Swift,1,3919,High Service Cost,2022-01-28
1516,3836,i20,2,11602,Late Delivery,2024-06-18
1517,4475,Creta,4,10662,No Issue,2022-08-08
1518,4858,i20,5,7799,Late Delivery,2023-01-29
1519,4232,Swift,5,6099,High Service Cost,2024-03-30
1520,3295,Swift,1,8137,High Service Cost,2023-12-13
1521,1318,Baleno,1,8341,No Issue,2023-12-07
1522,4011,City,3,12443,High Service Cost,2023-08-17
1523,1699,Harrier,3,9563,Engine Noise,2022-03-07
1524,1530,Seltos,3,11593,Scratches,2022-09-29
1525,4827,Seltos,2,14870,Scratches,2023-07-29
1526,2136,Seltos,5,14891,Engine Noise,2024-07-24
1527,2947,Alto,1,11689,Late Delivery,2022-11-08
1528,4861,Baleno,3,13654,Scratches,2024-05-25
1529,3610,Harrier,1,11912,Engine Noise,2024-04-24
1530,2367,Creta,3,2578,Late Delivery,2024-06-26
1531,1122,Creta,2,7004,AC Problem,2023-12-20
1532,1749,Baleno,2,12675,Scratches,2022-12-20
1533,1318,i20,4,12302,Engine Noise,2022-12-30
1534,2597,Seltos,1,4600,Scratches,2023-08-09
1535,4549,Seltos,4,10934,Scratches,2022-07-22
1536,4484,XUV700,2,7782,Scratches,2024-08-02
1537,1585,Baleno,2,6270,No Issue,2023-05-24
1538,3292,Harrier,1,14096,Late Delivery,2023-09-07
1539,1543,Baleno,4,4030,Scratches,2022-06-24
1540,2480,i20,4,7859,Engine Noise,2024-08-03
1541,3200,Alto,4,5107,No Issue,2024-08-09
1542,3703,XUV700,1,9181,High Service Cost,2022-12-31
1543,1014,i20,1,14452,High Service Cost,2024-07-22
1544,2466,Harrier,1,4228,Late Delivery,2022-09-23
1545,4375,i20,5,5264,Engine Noise,2022-06-24
1546,4857,XUV700,2,14590,No Issue,2024-09-09
1547,1244,Baleno,5,3734,Engine Noise,2023-05-23
1548,3838,Harrier,5,6943,No Issue,2022-09-08
1549,3614,Alto,2,7023,AC Problem,2023-06-03
1550,3601,Ertiga,3,12647,AC Problem,2023-05-01
1551,1898,Ertiga,3,6109,AC Problem,2022-07-16
1552,2478,XUV700,3,11646,No Issue,2024-09-29
1553,2382,XUV700,1,4126,High Service Cost,2024-10-18
1554,1051,Seltos,1,5955,AC Problem,2022-09-12
1555,3058,XUV700,4,10192,Late Delivery,2024-05-17
1556,1822,Baleno,4,7083,Late Delivery,2022-06-30
1557,2623,Alto,5,8930,Engine Noise,2022-05-29
1558,3274,Seltos,4,10838,No Issue,2023-09-06
1559,3161,Alto,1,8609,AC Problem,2023-07-03
1560,4608,Alto,5,9678,No Issue,2023-07-09
1561,1603,Alto,4,12734,Scratches,2024-10-18
1562,4158,Harrier,4,12060,Late Delivery,2022-08-14
1563,1592,Swift,3,13378,No Issue,2023-03-14
1564,2273,Baleno,1,12815,Engine Noise,2022-02-01
1565,2273,Harrier,5,13537,AC Problem,2022-01-02
1566,3984,Swift,2,2707,High Service Cost,2022-10-30
1567,4492,Ertiga,4,13587,AC Problem,2023-05-02
1568,3257,Creta,1,10794,High Service Cost,2023-09-03
1569,3998,i20,5,4831,Late Delivery,2023-01-25
1570,4592,Seltos,1,14685,AC Problem,2023-12-31
1571,2004,Creta,1,5661,Late Delivery,2024-01-04
1572,3658,XUV700,5,13575,Scratches,2023-05-27
1573,2571,Baleno,3,6109,Late Delivery,2024-03-20
1574,4128,Creta,3,12348,No Issue,2024-09-16
1575,4134,XUV700,4,14101,No Issue,2023-08-07
1576,3385,Creta,3,4090,No Issue,2023-10-12
1577,2811,XUV700,4,13064,No Issue,2024-01-10
1578,1724,Harrier,4,12597,Scratches,2023-05-18
1579,1814,Baleno,5,14762,Late Delivery,2022-11-27
1580,1531,Swift,1,3098,Late Delivery,2023-01-27
1581,1758,Swift,2,3950,Late Delivery,2024-02-08
1582,1005,Baleno,2,5378,Scratches,2023-12-10
1583,1584,Harrier,3,5824,Scratches,2023-03-27
1584,1618,Ertiga,5,12744,No Issue,2022-10-10
1585,4676,Harrier,2,4882,AC Problem,2022-12-31
1586,2534,Creta,1,8223,Scratches,2022-07-08
1587,1796,XUV700,4,4010,Scratches,2022-05-05
1588,2484,XUV700,4,2493,Engine Noise,2024-07-28
1589,1355,Ertiga,5,10113,No Issue,2023-05-02
1590,3266,Ertiga,3,3851,No Issue,2024-07-24
1591,3414,Ertiga,1,7378,Engine Noise,2024-06-25
1592,1888,Seltos,3,8647,Late Delivery,2024-05-26
1593,1560,City,3,9495,AC Problem,2023-10-13
1594,1363,Seltos,5,6943,Engine Noise,2023-09-06
1595,2413,Baleno,4,12350,Engine Noise,2023-02-12
1596,2318,XUV700,3,6636,AC Problem,2023-05-16
1597,3552,Baleno,3,12486,AC Problem,2024-03-18
1598,2311,Creta,1,9388,Engine Noise,2022-12-24
1599,3224,Ertiga,4,8750,Scratches,2022-09-30
1600,2322,Baleno,3,6841,Engine Noise,2024-05-16
1601,2643,Swift,2,13578,High Service Cost,2023-05-25
1602,2307,Alto,2,11610,Engine Noise,2022-09-26
1603,3860,Harrier,4,14018,Late Delivery,2022-04-04
1604,3624,Seltos,4,14114,Late Delivery,2022-04-16
1605,3865,Seltos,5,7791,AC Problem,2022-08-24
1606,2077,Creta,3,13081,Late Delivery,2022-03-01
1607,3866,i20,2,14981,Engine Noise,2023-11-27
1608,2834,XUV700,2,10432,No Issue,2024-08-05
1609,2343,Baleno,4,14983,Late Delivery,2024-01-15
1610,3526,i20,4,13094,Engine Noise,2022-03-28
1611,4613,XUV700,1,4400,Late Delivery,2024-01-18
1612,4829,Swift,1,9517,Scratches,2023-10-11
1613,1721,Seltos,4,10285,Scratches,2023-01-12
1614,2244,Swift,1,5398,Engine Noise,2023-01-22
1615,2705,Seltos,4,11935,Late Delivery,2022-03-04
1616,2957,Ertiga,4,6010,Late Delivery,2022-08-18
1617,2366,i20,5,6148,High Service Cost,2023-01-10
1618,4285,i20,1,14657,AC Problem,2022-08-26
1619,2345,Alto,3,5968,AC Problem,2024-05-10
1620,1580,Creta,3,12849,Late Delivery,2022-09-04
1621,1745,Baleno,5,11660,No Issue,2023-01-21
1622,2038,Ertiga,3,4677,Scratches,2023-06-03
1623,2503,Ertiga,3,13553,Late Delivery,2022-12-26
1624,1877,Harrier,5,4405,No Issue,2022-02-06
1625,1133,Baleno,2,12300,AC Problem,2023-02-13
1626,1717,Seltos,5,9646,Engine Noise,2024-04-23
1627,2047,XUV700,5,3275,Scratches,2024-04-03
1628,3424,City,1,14853,Engine Noise,2023-07-08
1629,4668,i20,3,9315,AC Problem,2024-10-14
1630,4213,Alto,3,11261,AC Problem,2022-02-18
1631,3699,City,2,3141,Late Delivery,2022-09-03
1632,2462,Baleno,5,3566,Engine Noise,2022-01-02
1633,2347,Swift,4,9380,AC Problem,2024-10-11
1634,2145,Swift,2,8297,Scratches,2024-04-14
1635,4371,Swift,2,12718,Engine Noise,2022-03-03
1636,2364,i20,3,9614,Engine Noise,2024-05-29
1637,4250,Seltos,3,11107,Engine Noise,2023-06-23
1638,2231,Ertiga,3,14565,No Issue,2022-12-08
1639,3001,Ertiga,3,7432,No Issue,2022-03-08
1640,1165,Creta,2,6536,Late Delivery,2024-05-30
1641,4112,i20,5,7273,Engine Noise,2023-12-27
1642,4705,i20,3,5856,No Issue,2024-04-18
1643,2579,City,1,4904,Scratches,2022-02-26
1644,2098,City,2,7988,Scratches,2022-07-12
1645,2503,Swift,4,8298,AC Problem,2023-09-18
1646,4419,Ertiga,4,12007,Engine Noise,2022-04-13
1647,3319,Seltos,5,7656,Late Delivery,2023-10-29
1648,3017,i20,2,13121,AC Problem,2023-08-09
1649,4037,City,2,11993,No Issue,2022-12-20
1650,3213,XUV700,2,13043,AC Problem,2022-06-24
1651,1761,Swift,1,14009,No Issue,2022-01-14
1652,2109,XUV700,1,5793,No Issue,2024-06-16
1653,4972,i20,3,3660,AC Problem,2023-11-10
1654,1648,Swift,4,9852,Late Delivery,2023-07-21
1655,3892,Ertiga,1,8093,High Service Cost,2022-02-13
1656,1550,Ertiga,4,8457,No Issue,2022-02-07
1657,1598,City,2,3618,Engine Noise,2024-04-27
1658,3202,XUV700,1,2593,No Issue,2023-06-08
1659,4743,Harrier,4,4070,No Issue,2023-05-05
1660,2599,Swift,1,2647,High Service Cost,2024-03-03
1661,4294,Swift,2,3329,AC Problem,2023-10-13
1662,1416,XUV700,2,3423,Engine Noise,2023-10-20
1663,4433,City,2,7930,Engine Noise,2022-12-05
1664,4417,XUV700,3,11072,Engine Noise,2023-08-22
1665,4217,Swift,4,9025,No Issue,2024-05-25
1666,2739,XUV700,3,3234,No Issue,2024-02-16
1667,3114,XUV700,5,11809,Scratches,2024-01-26
1668,3564,City,5,12335,High Service Cost,2023-07-13
1669,2082,City,1,7677,AC Problem,2024-08-03
1670,2006,Creta,1,3456,Engine Noise,2022-11-16
1671,1587,Swift,1,7479,Engine Noise,2022-10-30
1672,1771,Creta,3,4830,Scratches,2022-11-01
1673,3807,XUV700,2,11264,No Issue,2022-01-30
1674,4087,XUV700,1,5732,Scratches,2022-01-08
1675,4658,Harrier,1,9754,Scratches,2022-01-08
1676,4939,Baleno,5,9388,No Issue,2023-06-07
1677,4557,Alto,2,8879,Late Delivery,2022-09-13
1678,2912,City,3,9173,AC Problem,2022-08-21
1679,3223,XUV700,2,3078,High Service Cost,2023-01-12
1680,1321,Creta,5,9182,Late Delivery,2023-11-29
1681,2484,i20,3,6618,Late Delivery,2023-09-25
1682,3183,Baleno,4,7502,High Service Cost,2023-11-10
1683,3475,XUV700,1,7495,Late Delivery,2023-10-18
1684,4860,Ertiga,3,6914,No Issue,2024-04-18
1685,2817,Swift,5,7796,Late Delivery,2023-03-06
1686,3021,Seltos,2,12160,Late Delivery,2023-05-26
1687,1930,i20,3,9352,AC Problem,2022-01-13
1688,3958,Baleno,5,2087,Late Delivery,2024-09-20
1689,1679,i20,3,7874,No Issue,2024-07-13
1690,4613,Harrier,1,6451,Scratches,2024-07-31
1691,3369,i20,2,3088,Engine Noise,2024-10-10
1692,2359,City,2,12430,High Service Cost,2022-09-24
1693,1780,City,3,2653,High Service Cost,2022-10-30
1694,2536,XUV700,5,5109,No Issue,2022-01-04
1695,1170,Alto,1,3397,Engine Noise,2022-01-31
1696,1923,Creta,1,6760,Late Delivery,2022-07-21
1697,1128,Baleno,3,4427,AC Problem,2023-06-26
1698,3727,Baleno,4,4084,High Service Cost,2022-06-06
1699,2441,Baleno,3,10930,Late Delivery,2023-02-10
1700,1396,City,1,4999,AC Problem,2023-11-19
1701,3108,Alto,2,14142,No Issue,2024-01-13
1702,4188,City,3,13398,AC Problem,2023-03-08
1703,2857,Seltos,3,14298,No Issue,2024-08-10
1704,2658,Baleno,2,6429,AC Problem,2022-05-30
1705,2795,Alto,3,4466,No Issue,2024-07-11
1706,3520,Harrier,5,2880,Scratches,2022-11-15
1707,3785,Alto,2,12547,No Issue,2024-05-07
1708,1396,XUV700,2,14868,Late Delivery,2023-05-02
1709,1803,i20,2,14457,Scratches,2024-09-03
1710,4935,Ertiga,1,9950,Late Delivery,2022-01-03
1711,4004,City,3,13412,AC Problem,2024-07-24
1712,4769,Alto,4,8737,No Issue,2022-12-05
1713,4668,XUV700,3,11728,Scratches,2024-09-25
1714,4289,i20,3,8595,AC Problem,2024-02-03
1715,1654,Harrier,1,14170,Engine Noise,2024-06-29
1716,4548,XUV700,5,14809,No Issue,2022-11-03
1717,3649,Seltos,5,7036,Scratches,2024-06-19
1718,2876,Seltos,1,10631,AC Problem,2022-01-24
1719,1267,i20,1,4046,Scratches,2024-10-22
1720,3123,Baleno,1,4194,Scratches,2024-10-04
1721,2092,Ertiga,3,11077,High Service Cost,2022-07-23
1722,2468,XUV700,1,10489,Scratches,2022-02-06
1723,2321,Baleno,4,8513,Engine Noise,2023-09-22
1724,2497,Swift,2,13048,No Issue,2024-08-10
1725,4231,City,5,2893,No Issue,2024-05-02
1726,1897,Seltos,4,9400,No Issue,2023-09-26
1727,4079,Seltos,5,2659,Scratches,2024-01-14
1728,2754,Baleno,3,2123,No Issue,2023-02-23
1729,2508,Alto,3,13674,Engine Noise,2024-06-03
1730,1821,Creta,1,14043,High Service Cost,2022-11-24
1731,4975,Creta,5,2247,Engine Noise,2024-10-27
1732,3135,City,3,11677,High Service Cost,2023-05-30
1733,2164,Creta,3,3405,No Issue,2022-01-04
1734,2564,Seltos,5,9103,AC Problem,2023-12-29
1735,3572,Alto,3,3129,Late Delivery,2024-02-15
1736,1825,Seltos,1,13121,High Service Cost,2022-02-14
1737,1574,Ertiga,3,6773,Engine Noise,2022-07-24
1738,2366,Seltos,4,11665,Engine Noise,2024-07-04
1739,1686,Harrier,4,8713,AC Problem,2022-09-07
1740,1974,City,1,4527,Late Delivery,2023-11-17
1741,4287,Alto,4,9025,High Service Cost,2022-10-18
1742,1505,City,3,2468,High Service Cost,2023-10-17
1743,2770,Ertiga,4,8509,Engine Noise,2022-11-28
1744,4670,Ertiga,4,8901,High Service Cost,2023-03-06
1745,1073,XUV700,3,13018,Late Delivery,2024-01-30
1746,1805,i20,5,7021,High Service Cost,2024-01-10
1747,1580,i20,1,3918,High Service Cost,2023-01-13
1748,4140,Baleno,5,10530,Late Delivery,2024-04-26
1749,1222,Harrier,5,9463,No Issue,2022-07-25
1750,1896,Ertiga,4,5697,High Service Cost,2022-01-03
1751,3433,Ertiga,2,5833,AC Problem,2024-03-09
1752,4952,Baleno,5,6450,Engine Noise,2023-05-29
1753,4356,Ertiga,3,7187,Scratches,2024-08-31
1754,3169,Harrier,3,8292,Engine Noise,2024-02-14
1755,2798,Alto,3,12244,AC Problem,2024-03-07
1756,1732,Alto,2,2245,Engine Noise,2024-06-18
1757,2464,i20,2,7795,No Issue,2024-05-05
1758,1822,XUV700,1,11178,No Issue,2024-07-05
1759,1456,Baleno,2,10838,Engine Noise,2023-11-16
1760,3211,Creta,1,9036,High Service Cost,2024-07-12
1761,4334,City,3,10635,Engine Noise,2022-09-21
1762,3139,Harrier,2,7303,AC Problem,2023-07-08
1763,4849,Creta,4,10478,High Service Cost,2023-05-09
1764,3383,Swift,4,14499,Late Delivery,2023-03-21
1765,1585,i20,4,13800,Late Delivery,2024-05-01
1766,3982,Harrier,2,8839,No Issue,2024-05-16
1767,1313,Ertiga,2,11040,Scratches,2024-03-19
1768,3649,Swift,2,11700,Scratches,2023-04-05
1769,2889,Ertiga,4,2334,AC Problem,2023-11-03
1770,1993,City,3,2886,No Issue,2024-01-05
1771,4879,Harrier,5,14233,Late Delivery,2024-08-18
1772,3957,XUV700,3,6267,No Issue,2023-08-04
1773,2489,Creta,2,2874,Late Delivery,2023-12-17
1774,2664,Alto,5,4566,High Service Cost,2022-07-27
1775,4472,Creta,5,13878,AC Problem,2022-06-10
1776,3608,Harrier,3,3330,Late Delivery,2023-10-28
1777,4669,Baleno,4,12392,Late Delivery,2024-06-17
1778,3532,i20,1,14774,Late Delivery,2022-03-30
1779,1655,City,4,3773,Scratches,2022-12-06
1780,4718,Baleno,4,12219,Late Delivery,2022-06-20
1781,4982,Ertiga,5,10091,Engine Noise,2023-02-21
1782,3674,i20,2,5753,High Service Cost,2023-06-01
1783,4348,Alto,2,6506,Scratches,2024-02-11
1784,3113,i20,5,3444,Engine Noise,2023-07-24
1785,4770,i20,4,8630,Scratches,2023-03-12
1786,2880,i20,3,9973,Scratches,2022-07-19
1787,1200,City,1,6595,Engine Noise,2023-03-10
1788,3515,i20,4,2567,No Issue,2023-01-14
1789,1433,Ertiga,4,11889,AC Problem,2024-04-09
1790,1137,Harrier,1,6764,AC Problem,2024-06-08
1791,4063,Swift,3,8636,AC Problem,2024-03-26
1792,2075,City,1,7807,No Issue,2022-06-26
1793,2748,Ertiga,5,13335,Late Delivery,2024-03-04
1794,2475,i20,1,11292,Engine Noise,2024-06-08
1795,2181,City,1,2045,Late Delivery,2024-06-05
1796,3849,XUV700,4,13044,AC Problem,2023-02-14
1797,1861,Creta,4,4806,No Issue,2023-11-29
1798,2229,Creta,2,11730,Engine Noise,2022-01-06
1799,4413,Ertiga,1,4783,Engine Noise,2024-03-27
1800,4904,Ertiga,5,9126,Engine Noise,2023-03-18
1801,2339,Alto,2,2760,Late Delivery,2022-02-15
1802,1135,Alto,1,8220,Scratches,2022-08-05
1803,4146,Creta,4,8128,Scratches,2022-12-12
1804,1448,Harrier,5,3512,AC Problem,2023-08-31
1805,1068,Harrier,3,7350,Scratches,2022-01-25
1806,4000,Creta,2,2660,Engine Noise,2022-12-05
1807,1812,XUV700,4,8250,No Issue,2022-11-18
1808,4632,i20,3,2697,Late Delivery,2022-06-12
1809,4273,Creta,1,9966,Late Delivery,2022-12-02
1810,2014,i20,5,11222,No Issue,2023-04-09
1811,4645,Swift,4,2824,Scratches,2023-02-11
1812,2190,i20,4,12531,AC Problem,2022-12-03
1813,2740,Harrier,5,2978,High Service Cost,2022-04-07
1814,4732,Seltos,4,7461,No Issue,2024-03-15
1815,3019,Seltos,4,11495,Scratches,2022-12-22
1816,4192,Creta,1,12775,Engine Noise,2023-03-16
1817,4892,Alto,2,14599,No Issue,2022-11-15
1818,2964,Swift,3,13988,Scratches,2024-02-26
1819,1096,i20,5,3724,Late Delivery,2024-07-05
1820,1376,Baleno,3,12730,High Service Cost,2022-03-24
1821,2514,Seltos,5,8220,High Service Cost,2022-04-15
1822,2947,i20,5,8267,High Service Cost,2022-06-28
1823,2076,i20,4,4331,Scratches,2024-02-07
1824,1008,City,1,8988,Scratches,2022-12-04
1825,4052,Harrier,5,5829,Engine Noise,2022-07-25
1826,3378,Swift,3,8751,High Service Cost,2022-07-29
1827,1250,i20,2,10748,Late Delivery,2024-01-11
1828,1359,Ertiga,3,11314,AC Problem,2024-05-09
1829,3396,XUV700,1,10055,High Service Cost,2023-09-26
1830,1123,XUV700,2,4115,No Issue,2022-12-19
1831,1633,i20,4,4125,No Issue,2023-10-09
1832,1198,Seltos,3,5217,Late Delivery,2023-08-26
1833,1828,Swift,3,10266,Scratches,2022-06-10
1834,2434,Alto,5,7970,AC Problem,2024-06-26
1835,4451,Alto,5,10705,High Service Cost,2022-05-23
1836,1917,Harrier,2,8018,AC Problem,2024-09-28
1837,4576,Swift,4,9836,No Issue,2023-10-28
1838,2118,i20,5,7881,Late Delivery,2024-03-23
1839,3077,Harrier,3,9215,Engine Noise,2023-10-08
1840,2115,Swift,2,6229,No Issue,2022-04-09
1841,1595,Creta,5,8970,No Issue,2022-08-04
1842,4086,City,5,5090,High Service Cost,2024-01-08
1843,3702,Ertiga,1,12931,Scratches,2023-03-14
1844,3868,XUV700,2,13068,No Issue,2023-04-17
1845,3507,City,2,4031,No Issue,2023-02-07
1846,2744,i20,4,13383,High Service Cost,2022-01-13
1847,1022,XUV700,5,5406,Scratches,2022-11-09
1848,1325,Baleno,2,5990,AC Problem,2022-08-23
1849,1876,Harrier,4,10722,Engine Noise,2022-08-31
1850,4727,Baleno,5,10032,AC Problem,2022-12-07
1851,4158,Creta,3,14357,Engine Noise,2022-07-04
1852,4264,Baleno,1,10625,Engine Noise,2023-11-17
1853,3732,Alto,4,3629,Engine Noise,2024-02-19
1854,1262,City,1,13925,Scratches,2022-11-17
1855,4500,Alto,3,5707,Engine Noise,2022-05-07
1856,3854,i20,2,8276,High Service Cost,2024-06-18
1857,2383,i20,5,13485,High Service Cost,2024-08-30
1858,2585,Harrier,2,10258,High Service Cost,2022-08-03
1859,1432,XUV700,1,13046,Engine Noise,2023-06-24
1860,1559,Seltos,2,12470,High Service Cost,2022-09-25
1861,3555,Ertiga,2,10859,High Service Cost,2022-03-24
1862,1048,Creta,4,14160,Late Delivery,2022-09-01
1863,3215,Alto,4,2149,Engine Noise,2022-08-13
1864,2702,Creta,3,3132,High Service Cost,2024-09-16
1865,3488,Baleno,4,9662,AC Problem,2022-04-21
1866,1593,Alto,4,6710,Scratches,2023-01-25
1867,2598,Ertiga,4,7200,High Service Cost,2022-11-20
1868,1227,i20,4,2539,Late Delivery,2023-08-11
1869,2975,Seltos,3,3821,Scratches,2022-01-23
1870,1213,Harrier,4,10666,Scratches,2022-06-05
1871,2665,City,4,4301,AC Problem,2024-01-02
1872,3927,Alto,1,13816,AC Problem,2022-04-08
1873,4225,Harrier,4,4540,AC Problem,2022-10-31
1874,4825,Baleno,3,12904,No Issue,2022-06-11
1875,3655,Baleno,3,4618,Late Delivery,2023-08-27
1876,4478,Ertiga,2,9372,Late Delivery,2023-11-05
1877,4960,Seltos,4,4849,High Service Cost,2024-01-15
1878,4815,Swift,5,13430,Late Delivery,2023-06-25
1879,3797,Ertiga,2,9893,Scratches,2024-05-07
1880,2041,Swift,3,7344,Scratches,2023-09-28
1881,1466,Baleno,2,8573,High Service Cost,2023-03-12
1882,3391,Ertiga,5,7598,Scratches,2022-12-20
1883,3371,Creta,1,12348,High Service Cost,2024-05-10
1884,2269,Swift,5,5488,AC Problem,2023-11-01
1885,2083,Creta,2,7492,No Issue,2022-12-09
1886,4565,Ertiga,4,12995,Late Delivery,2024-05-10
1887,2665,Baleno,1,14565,Late Delivery,2022-03-25
1888,1861,Alto,5,5482,Late Delivery,2024-04-28
1889,4120,Swift,4,12906,No Issue,2023-02-14
1890,3725,City,5,7794,Late Delivery,2022-02-02
1891,2950,Swift,3,10441,AC Problem,2024-02-28
1892,3727,Harrier,4,2558,No Issue,2023-01-19
1893,2276,City,3,11777,No Issue,2022-08-03
1894,1847,City,1,13638,High Service Cost,2024-05-07
1895,2406,Creta,1,7769,AC Problem,2023-02-01
1896,4380,Swift,1,13886,Engine Noise,2024-04-05
1897,1575,Swift,1,4331,Engine Noise,2023-11-15
1898,1544,Alto,3,8824,High Service Cost,2022-07-26
1899,1057,Creta,3,7088,High Service Cost,2023-07-25
1900,4889,Seltos,2,3724,High Service Cost,2023-03-05
1901,3111,i20,2,3586,Late Delivery,2023-07-06
1902,1898,Baleno,3,6836,Scratches,2022-03-23
1903,3172,Harrier,1,12097,High Service Cost,2022-04-23
1904,3108,Alto,2,4792,No Issue,2023-08-24
1905,1379,XUV700,4,8588,Engine Noise,2023-04-17
1906,1977,Seltos,3,2416,Late Delivery,2022-08-04
1907,2784,XUV700,4,12770,AC Problem,2022-09-27
1908,2161,Seltos,1,13805,Scratches,2024-06-19
1909,1065,Alto,3,8605,Engine Noise,2024-03-26
1910,2202,Creta,2,2803,Engine Noise,2024-04-04
1911,3013,Seltos,2,4950,Engine Noise,2023-07-26
1912,1797,Ertiga,4,14403,No Issue,2022-12-03
1913,2816,Alto,3,13370,No Issue,2024-01-28
1914,2194,Seltos,1,3569,No Issue,2022-10-26
1915,3802,Seltos,5,13441,Scratches,2023-08-17
1916,1631,Harrier,5,10489,Engine Noise,2024-05-08
1917,2367,Baleno,1,5232,High Service Cost,2022-03-05
1918,4775,Seltos,2,10973,Scratches,2024-02-09
1919,4258,Creta,5,5032,No Issue,2023-09-22
1920,4005,Harrier,1,6507,No Issue,2024-04-11
1921,1226,Seltos,4,6721,No Issue,2022-11-24
1922,4337,XUV700,2,10614,AC Problem,2024-05-02
1923,1191,Alto,1,11309,Late Delivery,2023-06-20
1924,3799,Ertiga,4,6638,AC Problem,2023-09-06
1925,2629,Ertiga,3,5971,Engine Noise,2023-02-22
1926,2149,Creta,5,9629,High Service Cost,2022-11-08
1927,4003,Ertiga,5,9523,Engine Noise,2023-01-05
1928,4545,Seltos,5,13077,Scratches,2022-01-05
1929,1098,Ertiga,1,10727,Late Delivery,2022-04-19
1930,1343,Baleno,3,4265,Scratches,2022-07-02
1931,3290,Alto,1,11569,No Issue,2024-04-19
1932,1019,i20,1,5648,No Issue,2023-07-18
1933,4700,Creta,3,9894,High Service Cost,2023-10-06
1934,3406,Baleno,4,11315,Engine Noise,2022-07-03
1935,1432,Swift,2,2420,Scratches,2023-04-15
1936,1999,Harrier,5,9473,AC Problem,2022-06-27
1937,3658,Seltos,3,8572,No Issue,2022-10-13
1938,3534,XUV700,4,12554,High Service Cost,2022-05-03
1939,4962,XUV700,3,2314,High Service Cost,2022-03-29
1940,1329,XUV700,2,8233,Scratches,2023-06-21
1941,2690,Baleno,3,4486,Engine Noise,2023-06-26
1942,4378,Alto,3,7370,Late Delivery,2023-11-10
1943,3232,XUV700,4,3600,High Service Cost,2024-06-10
1944,1334,City,5,7355,Scratches,2023-02-24
1945,3553,Baleno,5,13340,No Issue,2023-11-23
1946,3510,Baleno,4,4617,Late Delivery,2023-06-01
1947,2956,Swift,4,2099,Late Delivery,2023-12-15
1948,4042,i20,1,11082,Engine Noise,2023-10-16
1949,3050,Alto,1,11003,Scratches,2024-07-04
1950,3716,Swift,2,13724,Engine Noise,2022-04-10
1951,2987,XUV700,1,11613,High Service Cost,2024-10-08
1952,3222,XUV700,1,6043,High Service Cost,2022-06-18
1953,2871,Alto,3,10436,AC Problem,2022-11-21
1954,2604,Creta,3,5452,Scratches,2024-02-09
1955,2556,XUV700,4,12291,No Issue,2024-06-26
1956,4047,Creta,5,8305,AC Problem,2022-01-28
1957,3345,Seltos,2,13454,AC Problem,2022-02-13
1958,3165,Harrier,1,12361,High Service Cost,2023-10-15
1959,1788,Harrier,3,13674,High Service Cost,2024-03-21
1960,1641,Seltos,5,3013,No Issue,2022-11-07
1961,1205,Ertiga,1,6389,AC Problem,2024-04-11
1962,4780,i20,5,2245,Late Delivery,2022-10-24
1963,4206,XUV700,3,14259,Scratches,2022-01-11
1964,4274,Harrier,4,11399,Late Delivery,2024-02-26
1965,4106,Seltos,1,5520,Engine Noise,2023-01-16
1966,3077,Baleno,1,12585,No Issue,2024-07-11
1967,2451,Baleno,2,5239,Scratches,2023-05-20
1968,3989,XUV700,1,11831,No Issue,2022-07-18
1969,1822,XUV700,3,5476,No Issue,2023-04-22
1970,3044,Swift,5,9583,Late Delivery,2023-07-30
1971,3304,Swift,5,12840,Late Delivery,2024-01-02
1972,4452,Seltos,4,5595,Engine Noise,2023-10-26
1973,3229,Swift,4,9833,Scratches,2022-04-05
1974,1207,City,3,12275,No Issue,2022-09-25
1975,1878,Swift,5,3039,AC Problem,2022-07-12
1976,4712,City,4,8349,Engine Noise,2023-03-20
1977,4646,Alto,4,12913,No Issue,2024-09-15
1978,4510,Swift,2,10087,Engine Noise,2022-04-04
1979,3389,City,2,12951,No Issue,2022-10-25
1980,2612,i20,3,11178,Late Delivery,2023-05-28
1981,1377,Seltos,3,12662,High Service Cost,2024-06-27
1982,1410,City,3,2959,Engine Noise,2022-07-25
1983,4598,Alto,3,4252,Engine Noise,2022-08-12
1984,1382,Ertiga,5,6252,High Service Cost,2022-02-07
1985,4536,Baleno,1,7534,Late Delivery,2023-03-24
1986,4464,Creta,3,6926,Engine Noise,2024-04-23
1987,3884,Creta,2,2298,Late Delivery,2024-03-30
1988,1570,Ertiga,1,2018,AC Problem,2024-10-03
1989,2174,Creta,1,11714,No Issue,2022-04-21
1990,2643,City,5,12377,AC Problem,2022-09-09
1991,3416,Alto,4,10891,No Issue,2023-05-07
1992,2130,i20,1,14330,High Service Cost,2023-08-19
1993,2162,i20,5,8439,Scratches,2022-12-30
1994,1279,i20,5,2624,Late Delivery,2023-05-27
1995,3119,Swift,5,4416,Scratches,2023-10-29
1996,3670,i20,3,14266,Scratches,2022-04-08
1997,3552,Swift,4,3152,Late Delivery,2024-10-17
1998,2761,i20,3,3298,Scratches,2023-08-21
1999,3997,City,2,2375,Engine Noise,2022-09-16
2000,3153,i20,4,7207,No Issue,2022-03-22
2001,4572,Creta,3,5992,AC Problem,2024-05-08
2002,3206,Creta,4,7059,High Service Cost,2022-12-25
2003,2173,i20,2,8359,Late Delivery,2023-04-13
2004,1013,Baleno,3,3382,High Service Cost,2023-01-01
2005,3052,Alto,4,2851,AC Problem,2023-12-05
2006,4066,City,2,7600,No Issue,2022-02-12
2007,4710,Creta,5,11499,High Service Cost,2022-08-23
2008,2296,Alto,4,13370,Late Delivery,2023-04-20
2009,4409,Creta,2,10674,High Service Cost,2024-06-13
2010,3258,Baleno,5,11239,Scratches,2024-08-14
2011,3374,Seltos,2,7163,Scratches,2023-01-29
2012,1857,Alto,1,11110,No Issue,2024-07-15
2013,4800,i20,2,4528,Scratches,2022-01-10
2014,1465,Baleno,3,14275,High Service Cost,2022-11-26
2015,2963,Creta,3,8221,Engine Noise,2023-04-26
2016,4150,Creta,3,4365,High Service Cost,2023-06-14
2017,4676,i20,3,12382,Engine Noise,2024-08-05
2018,2773,Swift,1,10095,High Service Cost,2024-07-12
2019,1745,Harrier,1,6611,Engine Noise,2024-01-13
2020,3224,XUV700,1,12239,Engine Noise,2024-08-17
2021,2790,Harrier,5,8013,Late Delivery,2022-09-27
2022,2856,Seltos,4,7918,Late Delivery,2022-09-21
2023,1131,Harrier,3,3734,AC Problem,2023-04-23
2024,1776,Swift,4,3536,High Service Cost,2022-12-22
2025,4363,XUV700,3,12564,Scratches,2022-07-21
2026,4762,City,3,11741,Late Delivery,2022-05-17
2027,4449,City,3,3245,Engine Noise,2022-03-04
2028,3463,Creta,1,4533,High Service Cost,2024-07-24
2029,1343,Ertiga,5,3814,Scratches,2022-03-18
2030,4448,Swift,3,5526,High Service Cost,2024-05-03
2031,3532,i20,3,11323,Engine Noise,2023-09-25
2032,4217,Swift,3,8630,Late Delivery,2022-01-13
2033,4726,XUV700,2,14657,Late Delivery,2023-01-25
2034,2555,Creta,3,13151,No Issue,2023-10-31
2035,2593,Seltos,1,6488,No Issue,2023-04-13
2036,4367,i20,1,6214,AC Problem,2023-12-05
2037,1577,Seltos,4,3773,AC Problem,2022-12-07
2038,1344,XUV700,1,14641,AC Problem,2022-11-07
2039,2420,Ertiga,4,10957,High Service Cost,2022-07-07
2040,3522,Alto,5,8046,High Service Cost,2023-11-12
2041,1524,Swift,2,13196,Scratches,2024-10-26
2042,2597,XUV700,1,3580,AC Problem,2023-09-06
2043,2947,Baleno,3,11853,Late Delivery,2022-10-07
2044,1045,i20,5,11862,AC Problem,2022-02-20
2045,2934,i20,3,10178,Late Delivery,2024-02-24
2046,2628,Harrier,4,3087,AC Problem,2023-08-18
2047,1980,Ertiga,4,9173,No Issue,2024-09-09
2048,2451,Swift,2,14139,Engine Noise,2022-12-13
2049,4294,City,5,5489,Engine Noise,2022-04-27
2050,3070,XUV700,4,8160,AC Problem,2022-03-16
2051,2892,Alto,3,14569,No Issue,2023-04-19
2052,3114,i20,1,10011,High Service Cost,2022-06-20
2053,1625,XUV700,1,4600,AC Problem,2023-12-27
2054,4554,XUV700,5,4489,AC Problem,2023-12-24
2055,3253,Harrier,5,8509,Late Delivery,2024-10-15
2056,4649,Harrier,4,9522,Late Delivery,2022-08-28
2057,4633,Swift,1,13573,AC Problem,2024-03-31
2058,4724,XUV700,2,11628,Late Delivery,2024-03-18
2059,1257,Creta,2,2815,Engine Noise,2022-03-17
2060,3010,Alto,2,10030,High Service Cost,2024-01-06
2061,3593,Seltos,2,10423,AC Problem,2023-10-04
2062,3855,City,4,11676,Engine Noise,2024-04-17
2063,1252,Creta,3,9257,High Service Cost,2022-09-17
2064,2604,City,2,9317,No Issue,2022-11-13
2065,2212,Alto,4,13847,High Service Cost,2023-12-18
2066,3200,Creta,2,10039,Engine Noise,2023-12-05
2067,2738,Ertiga,2,3478,Late Delivery,2023-07-02
2068,3124,Ertiga,3,6484,Engine Noise,2022-06-15
2069,3750,i20,2,3331,No Issue,2022-12-04
2070,3587,Creta,4,3280,Late Delivery,2024-03-26
2071,1724,Alto,4,4421,Engine Noise,2023-02-18
2072,3416,XUV700,1,13815,Late Delivery,2023-12-04
2073,1567,Ertiga,5,4239,No Issue,2024-02-11
2074,3671,Creta,2,13786,High Service Cost,2023-09-24
2075,2778,Alto,2,3405,High Service Cost,2023-05-05
2076,2177,Baleno,4,9603,Scratches,2023-12-26
2077,3202,Baleno,2,12079,Late Delivery,2023-03-25
2078,3841,Baleno,4,12374,AC Problem,2022-11-25
2079,1270,i20,1,10370,No Issue,2023-07-31
2080,1561,Creta,2,8365,Engine Noise,2023-01-02
2081,2532,City,1,10084,AC Problem,2024-08-13
2082,2413,Alto,1,10742,Engine Noise,2024-08-12
2083,4139,XUV700,5,8127,Scratches,2023-02-13
2084,3179,Alto,4,14843,Engine Noise,2022-02-19
2085,2693,Baleno,1,6074,No Issue,2022-07-02
2086,1844,i20,4,7432,No Issue,2023-01-29
2087,3312,Baleno,5,6904,High Service Cost,2024-09-16
2088,4753,XUV700,4,13558,Late Delivery,2024-05-26
2089,4853,Baleno,5,7779,Late Delivery,2022-07-05
2090,1219,Harrier,2,7653,Engine Noise,2022-03-30
2091,4623,Seltos,5,6252,Late Delivery,2024-10-11
2092,1898,Seltos,5,7933,Scratches,2022-03-27
2093,3984,XUV700,5,10392,Late Delivery,2022-04-30
2094,4036,Seltos,3,9556,AC Problem,2022-03-29
2095,3336,XUV700,1,5895,Engine Noise,2024-06-30
2096,2102,Ertiga,4,11538,Late Delivery,2022-12-27
2097,1750,XUV700,4,6440,AC Problem,2023-12-09
2098,4643,Seltos,3,4463,No Issue,2023-06-19
2099,3367,Alto,2,4144,No Issue,2023-08-18
2100,1317,i20,1,8097,High Service Cost,2023-11-27
2101,3534,Ertiga,1,10812,High Service Cost,2024-01-05
2102,4918,Alto,1,8883,High Service Cost,2024-08-28
2103,2414,Baleno,1,3777,High Service Cost,2022-02-22
2104,2772,Harrier,3,5880,Late Delivery,2023-02-07
2105,1587,i20,4,8684,AC Problem,2024-05-22
2106,2841,Creta,2,3132,Engine Noise,2024-04-01
2107,3086,XUV700,2,2954,Late Delivery,2023-09-30
2108,4270,Creta,2,2131,Engine Noise,2024-05-26
2109,3990,City,3,2604,Engine Noise,2023-12-14
2110,1104,Seltos,3,6661,Engine Noise,2022-02-21
2111,2605,Ertiga,5,9409,Engine Noise,2023-02-06
2112,4865,Seltos,3,3400,No Issue,2023-09-11
2113,1506,Baleno,1,13458,AC Problem,2023-10-26
2114,1569,Ertiga,4,14545,Engine Noise,2024-06-20
2115,1328,City,2,14267,Late Delivery,2022-08-11
2116,2714,XUV700,3,14131,Engine Noise,2023-10-29
2117,1983,Seltos,4,13085,No Issue,2022-06-23
2118,3355,i20,1,8447,Late Delivery,2022-12-13
2119,1221,i20,3,4548,AC Problem,2022-07-04
2120,3703,Baleno,3,14075,Scratches,2023-01-31
2121,4887,Ertiga,4,7759,Late Delivery,2022-11-09
2122,4098,i20,1,3885,No Issue,2023-12-11
2123,3720,Alto,3,2338,AC Problem,2023-07-19
2124,1150,Baleno,4,12258,No Issue,2023-04-07
2125,3220,City,1,7803,High Service Cost,2024-05-21
2126,3770,Swift,3,8558,Scratches,2024-03-31
2127,4939,Harrier,3,2910,Engine Noise,2022-04-25
2128,1978,Seltos,2,5996,No Issue,2024-05-13
2129,4093,Harrier,5,11045,High Service Cost,2023-01-18
2130,3857,Alto,1,6270,High Service Cost,2022-04-21
2131,3924,Swift,4,10019,AC Problem,2023-11-10
2132,2568,Alto,2,7500,Engine Noise,2023-09-05
2133,1620,Seltos,3,14278,AC Problem,2023-03-08
2134,4465,Swift,4,6614,Late Delivery,2024-02-29
2135,3094,City,2,2896,Scratches,2022-12-18
2136,2631,Baleno,2,10424,Engine Noise,2022-05-03
2137,2148,Ertiga,5,4758,AC Problem,2023-12-02
2138,4406,Swift,2,14821,Engine Noise,2024-04-27
2139,2318,City,1,11016,Late Delivery,2024-08-19
2140,3937,Seltos,5,10316,Late Delivery,2022-12-03
2141,2837,XUV700,5,13848,No Issue,2024-02-10
2142,1839,Alto,3,2697,Late Delivery,2022-10-06
2143,2842,City,3,3061,Late Delivery,2024-05-18
2144,2560,Harrier,1,2247,Scratches,2022-04-19
2145,2617,Baleno,4,14287,AC Problem,2024-04-19
2146,4982,Seltos,1,12198,AC Problem,2023-08-03
2147,3617,Seltos,5,3919,Scratches,2022-11-23
2148,2978,Swift,3,3611,Scratches,2023-10-10
2149,3585,XUV700,1,10332,Engine Noise,2022-03-03
2150,2320,Creta,3,6192,Scratches,2022-06-20
2151,1043,Seltos,1,7774,Scratches,2022-05-01
2152,1596,Baleno,1,5663,High Service Cost,2023-04-29
2153,1021,City,2,13519,Scratches,2022-09-20
2154,4949,Alto,1,3377,Engine Noise,2022-05-18
2155,1225,Alto,3,14232,AC Problem,2023-05-31
2156,1548,Creta,1,9155,High Service Cost,2022-07-20
2157,1373,XUV700,4,8618,Engine Noise,2022-04-12
2158,3660,Swift,2,4863,Engine Noise,2024-10-05
2159,3701,Baleno,1,11742,High Service Cost,2022-01-19
2160,2027,Swift,4,12209,High Service Cost,2023-01-01
2161,3071,i20,3,10999,High Service Cost,2023-10-03
2162,2985,Seltos,4,13037,High Service Cost,2024-05-30
2163,2726,City,2,13631,Engine Noise,2024-08-06
2164,1832,Swift,3,6630,High Service Cost,2022-05-29
2165,4393,Harrier,1,4312,Late Delivery,2023-05-12
2166,2804,Ertiga,1,10863,AC Problem,2024-01-20
2167,3586,Alto,4,10496,Scratches,2022-01-07
2168,1371,Harrier,1,12668,Scratches,2022-11-29
2169,2616,Seltos,3,6879,AC Problem,2024-09-08
2170,4704,Seltos,3,3311,Late Delivery,2022-03-31
2171,2388,Seltos,1,13032,AC Problem,2023-08-06
2172,1912,Alto,4,14125,Engine Noise,2022-02-22
2173,2092,XUV700,1,14324,Engine Noise,2023-02-07
2174,4543,Seltos,5,9842,Scratches,2023-12-05
2175,4576,Harrier,1,6396,No Issue,2022-05-22
2176,2336,Ertiga,2,10327,AC Problem,2024-02-01
2177,2095,i20,1,8631,Late Delivery,2022-02-02
2178,2269,Seltos,5,5312,Late Delivery,2023-11-19
2179,1757,Alto,2,14462,Scratches,2024-05-25
2180,2788,XUV700,4,4851,High Service Cost,2022-05-29
2181,4947,Seltos,2,5032,AC Problem,2024-04-06
2182,2096,Seltos,3,4406,No Issue,2023-06-10
2183,3833,Harrier,5,14169,Engine Noise,2024-08-16
2184,4599,i20,3,12496,Engine Noise,2023-07-20
2185,4762,Swift,3,5065,Engine Noise,2023-11-16
2186,2887,Ertiga,2,9619,Engine Noise,2024-08-03
2187,4061,Alto,2,11433,Late Delivery,2023-10-03
2188,3087,City,3,13359,Late Delivery,2023-05-23
2189,4110,Baleno,4,9886,High Service Cost,2022-05-10
2190,4127,Alto,1,13862,Late Delivery,2024-02-06
2191,3932,XUV700,1,10322,High Service Cost,2023-10-15
2192,3792,i20,5,2626,High Service Cost,2024-09-24
2193,1565,XUV700,2,2287,Engine Noise,2023-02-07
2194,4243,Alto,1,7886,Engine Noise,2023-05-29
2195,1301,Seltos,4,4707,Late Delivery,2023-04-24
2196,4999,City,5,4103,Late Delivery,2024-10-30
2197,4561,Creta,2,12239,High Service Cost,2023-04-16
2198,4503,Baleno,1,4381,Scratches,2024-03-08
2199,2724,Ertiga,3,3634,Engine Noise,2024-01-06
2200,4009,Swift,4,11787,No Issue,2022-04-19
2201,1933,City,4,13447,Scratches,2022-10-27
2202,1554,Baleno,2,10878,Engine Noise,2023-09-15
2203,1003,i20,4,12903,Engine Noise,2023-02-18
2204,2284,i20,2,14291,Late Delivery,2024-07-21
2205,1880,Swift,4,3611,No Issue,2022-01-28
2206,4641,XUV700,1,12674,AC Problem,2023-07-17
2207,4620,Seltos,2,6062,No Issue,2022-08-01
2208,1409,Harrier,4,7513,Engine Noise,2024-02-20
2209,2770,City,1,10032,AC Problem,2022-06-03
2210,3312,Ertiga,1,7283,AC Problem,2024-05-21
2211,3062,Baleno,1,7929,High Service Cost,2022-06-07
2212,1087,Harrier,2,11186,No Issue,2024-07-08
2213,3007,Swift,2,3401,Scratches,2022-10-21
2214,1098,Creta,4,8191,High Service Cost,2023-03-29
2215,2007,Seltos,3,3553,Late Delivery,2024-02-23
2216,2640,Creta,3,8744,Engine Noise,2023-09-14
2217,1216,XUV700,5,13067,Engine Noise,2022-08-22
2218,3457,Harrier,3,13419,Scratches,2024-04-02
2219,1190,Creta,3,5570,Scratches,2022-06-26
2220,2238,Harrier,4,8295,AC Problem,2023-10-01
2221,2733,Baleno,2,10851,Late Delivery,2023-08-15
2222,1616,Creta,3,2964,Late Delivery,2022-02-21
2223,4098,Harrier,5,12266,AC Problem,2024-03-27
2224,2205,City,4,2987,AC Problem,2022-11-26
2225,3642,Alto,1,10804,No Issue,2024-02-24
2226,4230,Ertiga,1,9366,High Service Cost,2024-04-01
2227,3277,XUV700,5,4130,Engine Noise,2022-10-23
2228,4306,i20,2,9221,No Issue,2024-03-09
2229,3847,Seltos,1,13406,Late Delivery,2022-12-12
2230,4457,Creta,2,11468,Scratches,2022-06-03
2231,1529,i20,3,12336,No Issue,2022-08-20
2232,4355,Ertiga,3,6966,Scratches,2022-11-28
2233,1070,Alto,3,5506,AC Problem,2023-01-14
2234,4575,Harrier,1,9719,High Service Cost,2023-07-22
2235,2238,Harrier,1,10420,Scratches,2022-01-30
2236,3164,Harrier,2,3018,Engine Noise,2023-05-13
2237,1099,Ertiga,2,11412,High Service Cost,2023-05-09
2238,1599,Baleno,5,7290,Scratches,2023-07-18
2239,1859,XUV700,3,4879,No Issue,2024-01-10
2240,2688,Baleno,4,8657,Engine Noise,2023-11-25
2241,3342,Swift,4,5357,Engine Noise,2023-11-02
2242,4248,City,3,7734,Late Delivery,2023-12-05
2243,4203,i20,5,13296,Late Delivery,2022-06-27
2244,2004,Baleno,2,3546,No Issue,2023-02-16
2245,4891,Alto,1,3611,AC Problem,2024-01-06
2246,3681,Swift,5,5977,Late Delivery,2023-11-03
2247,2746,Harrier,5,7107,Scratches,2024-09-20
2248,4651,Swift,3,6149,AC Problem,2024-03-13
2249,3104,XUV700,2,12570,Late Delivery,2024-09-25
2250,4084,Alto,4,14792,Engine Noise,2023-03-21
2251,3240,Alto,4,14435,No Issue,2022-12-07
2252,4646,Creta,4,6612,Scratches,2024-03-10
2253,1993,Baleno,5,9662,Engine Noise,2024-10-28
2254,4910,i20,1,12519,Engine Noise,2023-06-19
2255,4581,Seltos,2,6511,High Service Cost,2024-09-08
2256,2176,City,1,2555,Late Delivery,2024-01-05
2257,2046,Seltos,4,10397,AC Problem,2024-08-07
2258,1029,i20,1,11193,Scratches,2023-07-02
2259,4440,Baleno,5,5863,No Issue,2022-11-08
2260,2724,Baleno,3,2117,No Issue,2024-08-26
2261,4462,City,1,4527,No Issue,2022-08-15
2262,3357,City,1,5851,High Service Cost,2024-02-08
2263,2644,Seltos,1,5761,Scratches,2023-12-22
2264,4472,i20,4,13092,Engine Noise,2022-09-06
2265,2376,Baleno,1,7490,AC Problem,2022-09-18
2266,1571,Harrier,2,8371,High Service Cost,2022-02-27
2267,1065,XUV700,5,11650,AC Problem,2022-03-14
2268,3213,Ertiga,2,7236,AC Problem,2024-05-02
2269,2515,i20,2,12893,Late Delivery,2023-06-18
2270,4724,Baleno,4,7703,Engine Noise,2022-02-22
2271,1563,i20,1,6636,No Issue,2023-07-23
2272,1179,XUV700,5,11240,Late Delivery,2024-06-12
2273,3591,City,5,8230,Scratches,2022-04-13
2274,1725,Swift,5,5000,Scratches,2024-03-29
2275,1776,i20,1,9422,AC Problem,2024-07-06
2276,2040,Swift,5,7515,High Service Cost,2023-01-05
2277,3173,i20,5,4225,Scratches,2023-10-09
2278,1081,City,3,12379,No Issue,2024-04-11
2279,4111,Seltos,3,11297,High Service Cost,2022-01-25
2280,2639,Creta,5,7987,High Service Cost,2024-04-16
2281,4290,Creta,2,14719,No Issue,2024-07-16
2282,4018,Seltos,1,4993,Scratches,2023-03-28
2283,2205,Creta,2,10722,Late Delivery,2023-12-08
2284,4967,Ertiga,2,14655,High Service Cost,2024-06-13
2285,3485,Seltos,1,6862,Late Delivery,2023-11-14
2286,4739,Swift,1,12292,Late Delivery,2023-11-17
2287,1967,Seltos,4,14834,Late Delivery,2022-10-17
2288,2713,Swift,4,5440,AC Problem,2023-08-03
2289,3577,City,4,14954,Late Delivery,2022-05-19
2290,2676,City,5,13842,No Issue,2023-05-13
2291,2184,Creta,5,3996,Engine Noise,2024-04-20
2292,2934,Seltos,5,10933,Scratches,2023-02-10
2293,4797,Seltos,4,3074,Engine Noise,2023-03-22
2294,3046,Ertiga,1,9528,AC Problem,2023-11-08
2295,3981,i20,5,13154,Engine Noise,2024-06-24
2296,3781,Creta,1,12895,High Service Cost,2024-03-30
2297,4845,Harrier,4,2866,Engine Noise,2023-04-25
2298,1556,Seltos,1,5782,Engine Noise,2022-10-11
2299,2210,Harrier,5,12324,No Issue,2023-10-05
2300,4425,Baleno,1,11384,Late Delivery,2022-04-07
2301,4446,Harrier,4,6021,Engine Noise,2023-03-29
2302,2490,XUV700,5,12269,Engine Noise,2023-01-28
2303,3288,Harrier,5,11362,AC Problem,2023-01-21
2304,2760,i20,4,6183,High Service Cost,2022-06-14
2305,3381,Seltos,2,9469,Scratches,2023-06-15
2306,1047,Ertiga,3,2590,High Service Cost,2024-03-05
2307,4182,Swift,4,9191,Scratches,2023-03-26
2308,4666,Alto,1,13683,Scratches,2023-05-29
2309,4175,Swift,2,4224,Scratches,2023-02-09
2310,1462,City,4,9354,No Issue,2023-06-06
2311,2097,Swift,3,7333,No Issue,2024-08-11
2312,4638,i20,5,8133,Late Delivery,2023-09-10
2313,3364,i20,3,12831,Scratches,2022-01-17
2314,3049,Harrier,3,6845,No Issue,2022-07-23
2315,4825,City,4,11808,No Issue,2024-10-27
2316,3419,Ertiga,5,13460,AC Problem,2024-10-30
2317,2793,i20,5,6904,AC Problem,2024-02-23
2318,4540,Baleno,3,6898,AC Problem,2022-01-13
2319,2867,Seltos,4,4495,Engine Noise,2022-07-08
2320,2033,Ertiga,5,11396,Scratches,2022-05-24
2321,1587,Baleno,5,10356,High Service Cost,2022-10-13
2322,1422,Harrier,1,4483,AC Problem,2022-11-24
2323,4329,Seltos,3,5601,Engine Noise,2023-11-26
2324,2656,City,2,14052,No Issue,2024-05-30
2325,3880,i20,3,5327,No Issue,2023-03-12
2326,4009,Swift,4,12048,No Issue,2024-09-17
2327,3774,XUV700,5,4000,No Issue,2022-11-27
2328,1475,i20,5,7255,High Service Cost,2024-02-14
2329,1244,Harrier,1,6572,Late Delivery,2024-08-07
2330,4408,i20,5,8896,Late Delivery,2022-11-14
2331,3739,Harrier,5,7233,Scratches,2024-09-04
2332,1487,Alto,2,14644,AC Problem,2022-07-08
2333,3900,Creta,3,4364,No Issue,2024-04-24
2334,2835,i20,5,10123,Scratches,2023-03-16
2335,2825,City,4,7828,High Service Cost,2022-02-03
2336,2096,Ertiga,2,3210,Scratches,2022-04-28
2337,4792,i20,2,8846,Late Delivery,2022-01-24
2338,1752,Ertiga,1,13205,Late Delivery,2024-02-18
2339,2897,Baleno,4,3798,AC Problem,2024-09-14
2340,4756,Swift,2,2546,Late Delivery,2022-05-09
2341,1927,Seltos,3,10233,Scratches,2022-07-31
2342,2028,Alto,4,3748,No Issue,2023-03-29
2343,2485,City,3,9452,Engine Noise,2022-06-10
2344,2389,Harrier,1,13418,Late Delivery,2024-10-29
2345,4566,XUV700,1,8437,Scratches,2022-02-01
2346,3264,Swift,5,8913,Engine Noise,2023-09-13
2347,2237,i20,3,3560,Late Delivery,2024-06-20
2348,1958,Swift,3,5777,Late Delivery,2022-09-02
2349,2348,XUV700,1,8202,High Service Cost,2022-09-13
2350,3357,Swift,3,9785,Late Delivery,2024-01-14
2351,3085,Seltos,4,4566,Engine Noise,2022-04-13
2352,1904,Creta,5,9856,Engine Noise,2024-09-11
2353,2084,Baleno,5,14483,No Issue,2023-06-21
2354,2118,XUV700,4,9019,Engine Noise,2023-09-12
2355,3280,i20,2,3767,Scratches,2022-01-27
2356,2812,Seltos,3,3320,Scratches,2023-10-13
2357,2571,Creta,2,14722,AC Problem,2022-05-14
2358,1512,i20,2,5944,AC Problem,2022-10-20
2359,3197,i20,3,11947,AC Problem,2023-12-29
2360,4542,Alto,1,14055,Late Delivery,2023-12-16
2361,3262,Creta,3,7411,No Issue,2022-04-16
2362,3446,City,1,14768,Late Delivery,2023-04-22
2363,2581,Ertiga,4,9151,No Issue,2024-08-25
2364,2600,i20,1,7908,High Service Cost,2024-06-06
2365,4077,Alto,2,10474,No Issue,2024-10-30
2366,2959,Harrier,2,6692,High Service Cost,2023-12-28
2367,4152,Swift,2,8362,AC Problem,2022-05-26
2368,3236,Harrier,1,9044,High Service Cost,2024-06-04
2369,2686,Swift,2,8004,Late Delivery,2024-01-05
2370,1659,Ertiga,5,5810,Scratches,2023-05-05
2371,1027,i20,3,8101,No Issue,2023-12-25
2372,3724,Harrier,2,2826,Late Delivery,2022-02-17
2373,3001,Harrier,1,6003,High Service Cost,2022-04-13
2374,1134,Swift,2,10481,High Service Cost,2024-09-09
2375,2789,Baleno,1,10755,Engine Noise,2022-04-21
2376,1304,City,3,6597,Engine Noise,2022-11-18
2377,3542,Creta,1,9676,No Issue,2024-02-02
2378,1723,XUV700,3,10845,Scratches,2024-10-06
2379,4351,Ertiga,2,5130,Engine Noise,2024-07-29
2380,4151,XUV700,5,3080,AC Problem,2024-07-25
2381,4852,i20,2,11847,AC Problem,2022-12-09
2382,3907,Baleno,3,5108,High Service Cost,2023-09-24
2383,3438,Baleno,4,5769,Late Delivery,2022-10-11
2384,4086,City,4,10658,Scratches,2024-02-15
2385,3646,Harrier,4,6895,No Issue,2024-01-07
2386,3966,Ertiga,2,14051,Late Delivery,2024-02-05
2387,1891,i20,1,5534,No Issue,2024-05-29
2388,3270,Swift,5,9868,Late Delivery,2023-11-27
2389,4908,Ertiga,5,4027,Late Delivery,2024-03-15
2390,4674,Harrier,2,13448,Scratches,2024-07-03
2391,3027,Creta,3,5692,No Issue,2023-03-19
2392,1827,Baleno,2,13607,Engine Noise,2022-09-05
2393,3313,Creta,4,13092,Late Delivery,2024-07-19
2394,4890,Baleno,3,12159,AC Problem,2022-04-28
2395,2343,City,5,8026,Late Delivery,2022-04-02
2396,4177,Baleno,2,4660,AC Problem,2024-04-27
2397,3300,Seltos,1,8289,Engine Noise,2024-09-10
2398,1198,i20,1,4252,Scratches,2022-03-20
2399,4127,Creta,5,4026,Scratches,2023-11-26
2400,3975,Ertiga,3,14745,Scratches,2023-12-14
2401,1406,Alto,4,12926,High Service Cost,2022-07-24
2402,2461,Alto,1,3254,High Service Cost,2024-03-28
2403,2774,Harrier,1,11483,Scratches,2023-06-25
2404,2480,Ertiga,2,11137,Scratches,2024-04-05
2405,2500,Swift,5,11978,Engine Noise,2022-01-23
2406,2370,Ertiga,1,9525,High Service Cost,2022-05-13
2407,1485,Baleno,2,10680,AC Problem,2022-02-28
2408,3900,Creta,3,8767,No Issue,2024-02-12
2409,1362,Alto,1,14327,Scratches,2023-03-18
2410,4801,City,5,6825,Scratches,2022-10-09
2411,1211,Seltos,2,10939,Scratches,2024-08-12
2412,1700,Alto,3,11814,Late Delivery,2023-09-13
2413,4918,City,2,2355,High Service Cost,2023-07-10
2414,3924,Alto,4,8298,No Issue,2023-12-17
2415,3661,Alto,5,4739,Late Delivery,2022-04-16
2416,1915,City,5,11807,Late Delivery,2022-08-07
2417,2460,City,1,13782,No Issue,2024-07-10
2418,1142,City,2,13002,No Issue,2023-07-10
2419,4356,Alto,3,5148,No Issue,2023-12-30
2420,2093,Baleno,1,10907,No Issue,2022-11-01
2421,2871,Swift,5,5930,AC Problem,2022-04-01
2422,4648,City,2,9648,No Issue,2023-05-11
2423,1957,XUV700,3,6766,AC Problem,2023-11-28
2424,2733,Creta,5,7258,Scratches,2022-05-14
2425,2551,Harrier,3,6496,AC Problem,2023-02-11
2426,2333,XUV700,2,14517,AC Problem,2022-12-04
2427,1864,i20,3,13585,No Issue,2024-10-18
2428,2286,i20,1,14354,No Issue,2022-10-28
2429,1059,Creta,1,8257,High Service Cost,2023-05-31
2430,1521,Ertiga,2,10087,Scratches,2022-04-07
2431,1308,Creta,5,8103,Late Delivery,2024-08-10
2432,2543,Alto,4,7132,Scratches,2022-08-24
2433,2405,i20,4,10085,Engine Noise,2022-05-17
2434,3388,Swift,4,11874,No Issue,2023-05-15
2435,2625,Ertiga,5,13485,Late Delivery,2022-07-14
2436,2572,Harrier,1,11638,Engine Noise,2022-10-01
2437,3001,Swift,1,9188,AC Problem,2023-05-17
2438,1899,i20,1,11711,Late Delivery,2024-09-30
2439,2107,Harrier,2,6310,Scratches,2022-11-17
2440,4305,Alto,1,7263,AC Problem,2024-07-08
2441,1761,Alto,1,4537,Engine Noise,2022-06-30
2442,1239,Harrier,1,6998,AC Problem,2023-03-02
2443,4175,Creta,4,10531,AC Problem,2024-03-31
2444,4794,Creta,3,10303,AC Problem,2024-09-26
2445,1224,Swift,1,14669,No Issue,2023-07-28
2446,1278,XUV700,3,5737,No Issue,2024-09-21
2447,2416,Baleno,1,6181,Engine Noise,2022-05-20
2448,2701,Creta,4,6456,Scratches,2022-02-18
2449,4884,Harrier,4,2483,Engine Noise,2023-05-12
2450,3476,City,3,14761,Scratches,2022-11-20
2451,1401,City,4,11072,Late Delivery,2024-07-07
2452,3093,XUV700,2,5102,Scratches,2022-12-17
2453,3561,Ertiga,5,9527,Engine Noise,2022-10-05
2454,4247,XUV700,5,2167,Engine Noise,2023-07-19
2455,4071,Harrier,1,9450,Late Delivery,2022-06-03
2456,4856,City,4,9048,AC Problem,2023-03-01
2457,4701,Swift,5,9115,Engine Noise,2022-10-29
2458,2807,Swift,3,10028,High Service Cost,2023-06-25
2459,2389,XUV700,3,5291,AC Problem,2024-07-02
2460,2196,Harrier,3,3735,Engine Noise,2023-11-02
2461,1303,Baleno,1,14654,High Service Cost,2022-01-09
2462,3199,Ertiga,5,9280,Engine Noise,2023-04-25
2463,3398,City,5,11740,Engine Noise,2024-02-15
2464,1704,Harrier,5,8093,Late Delivery,2022-03-09
2465,1091,Ertiga,3,14859,AC Problem,2022-10-29
2466,4232,Swift,3,2846,High Service Cost,2022-09-30
2467,3153,Creta,1,13144,Late Delivery,2023-06-17
2468,3788,City,2,2887,High Service Cost,2023-07-14
2469,2126,Baleno,5,12108,High Service Cost,2024-02-03
2470,3179,i20,1,8507,No Issue,2023-06-01
2471,3816,City,3,11503,High Service Cost,2023-04-23
2472,2312,Seltos,2,6053,Late Delivery,2023-06-02
2473,1457,Baleno,4,5126,Late Delivery,2024-01-12
2474,1898,Baleno,2,13506,Scratches,2024-08-25
2475,4172,i20,1,12392,AC Problem,2024-08-01
2476,2836,Ertiga,2,6264,AC Problem,2022-02-15
2477,4092,i20,3,3817,AC Problem,2024-10-20
2478,1248,Seltos,2,5180,Engine Noise,2023-09-16
2479,3239,Ertiga,3,7020,No Issue,2023-03-23
2480,3632,Baleno,2,4943,Engine Noise,2023-10-05
2481,4384,i20,1,8179,Late Delivery,2023-11-02
2482,1167,Harrier,4,8867,No Issue,2023-01-14
2483,2597,Creta,5,5936,High Service Cost,2023-09-07
2484,3218,Seltos,2,8202,AC Problem,2023-10-09
2485,4704,Harrier,4,7610,Late Delivery,2022-01-16
2486,2239,Ertiga,2,13937,Late Delivery,2023-08-27
2487,2532,Alto,4,14037,Late Delivery,2023-10-17
2488,2197,Baleno,3,5742,Late Delivery,2024-02-14
2489,2991,XUV700,4,11954,No Issue,2022-12-21
2490,3583,Ertiga,5,11375,Engine Noise,2023-04-24
2491,1407,Baleno,4,4857,Engine Noise,2023-09-02
2492,1500,City,5,5896,AC Problem,2023-01-20
2493,2161,City,5,12568,High Service Cost,2023-12-19
2494,1098,Swift,4,12797,Late Delivery,2023-06-15
2495,3883,Seltos,5,7487,AC Problem,2022-07-11
2496,4128,Swift,5,7082,Late Delivery,2023-10-04
2497,3294,Swift,3,10535,AC Problem,2022-01-23
2498,3731,Alto,1,9479,Engine Noise,2023-11-27
2499,1712,Harrier,3,8065,AC Problem,2024-04-28
2500,4914,Creta,1,10826,High Service Cost,2022-06-08
2501,1106,Harrier,1,3237,AC Problem,2024-10-11
2502,2071,Alto,3,5229,Scratches,2022-09-25
2503,3892,City,5,14451,No Issue,2023-09-25
2504,4994,XUV700,3,6377,AC Problem,2023-11-06
2505,4357,Harrier,5,4177,AC Problem,2024-10-24
2506,1045,Swift,3,7481,Engine Noise,2024-03-06
2507,3443,Swift,3,4923,No Issue,2024-10-25
2508,4191,Harrier,2,8406,Engine Noise,2024-10-01
2509,4131,i20,4,7274,High Service Cost,2022-07-31
2510,2170,Ertiga,3,3328,Late Delivery,2022-06-27
2511,3663,XUV700,4,12285,Scratches,2022-06-23
2512,2603,i20,5,7367,No Issue,2024-01-25
2513,1949,i20,2,11428,Scratches,2023-09-15
2514,4568,Ertiga,2,3433,Late Delivery,2023-10-06
2515,3721,Seltos,1,14279,Engine Noise,2022-01-31
2516,4798,Ertiga,4,12193,High Service Cost,2022-01-04
2517,2141,XUV700,2,3856,Late Delivery,2024-06-09
2518,3284,Creta,5,3532,Scratches,2022-01-18
2519,4289,Seltos,1,12241,Scratches,2024-10-15
2520,4195,Harrier,2,8861,Scratches,2022-08-20
2521,1628,Creta,5,12062,Engine Noise,2022-02-17
2522,4334,Creta,4,11919,AC Problem,2022-03-04
2523,4921,XUV700,5,6963,Scratches,2022-09-27
2524,3217,Alto,5,12492,Engine Noise,2022-10-16
2525,2731,Alto,5,3495,Scratches,2022-06-19
2526,3868,XUV700,3,13067,No Issue,2024-06-14
2527,3439,i20,2,10280,AC Problem,2023-09-16
2528,4221,Alto,5,3928,No Issue,2022-04-09
2529,4317,Swift,1,11230,AC Problem,2024-06-01
2530,1500,Alto,3,13428,Late Delivery,2023-11-14
2531,2817,XUV700,5,7893,Late Delivery,2023-11-28
2532,4262,Ertiga,5,9724,AC Problem,2022-05-23
2533,3221,i20,2,3867,High Service Cost,2022-11-02
2534,4956,City,3,10134,Scratches,2023-01-07
2535,1592,Creta,5,14187,Scratches,2023-07-29
2536,1171,XUV700,5,14905,Engine Noise,2023-08-05
2537,1957,Alto,4,11634,AC Problem,2023-01-28
2538,3723,Baleno,1,5905,Late Delivery,2022-01-01
2539,1808,Swift,1,7529,AC Problem,2023-12-29
2540,1622,XUV700,2,7080,No Issue,2023-01-05
2541,1718,Baleno,3,5773,Engine Noise,2022-08-30
2542,3385,Creta,5,2468,No Issue,2024-09-04
2543,2434,Ertiga,3,10832,Engine Noise,2024-08-20
2544,4141,Swift,2,14123,Late Delivery,2023-05-05
2545,4169,XUV700,4,10628,Scratches,2024-02-04
2546,3984,Baleno,2,10165,AC Problem,2024-08-25
2547,2540,XUV700,1,14492,Scratches,2022-05-02
2548,4256,Baleno,4,11147,Late Delivery,2023-08-17
2549,4787,Harrier,5,6617,AC Problem,2024-09-23
2550,2436,Creta,2,13884,No Issue,2022-11-29
2551,1377,Seltos,3,3685,High Service Cost,2024-06-28
2552,4083,Swift,3,2284,High Service Cost,2023-12-15
2553,2432,City,1,6932,Late Delivery,2022-03-27
2554,2774,Swift,1,7511,Engine Noise,2024-02-16
2555,1417,City,1,4484,Scratches,2023-01-05
2556,3378,XUV700,1,3162,No Issue,2022-12-03
2557,1982,XUV700,5,14946,High Service Cost,2023-08-04
2558,3327,Baleno,4,13154,Scratches,2024-07-18
2559,2138,Seltos,1,11629,Late Delivery,2024-07-24
2560,3928,Baleno,2,3571,Scratches,2023-01-27
2561,2233,XUV700,5,6009,AC Problem,2022-01-06
2562,1446,Harrier,4,9863,High Service Cost,2023-03-14
2563,1830,Harrier,5,6742,No Issue,2022-05-26
2564,2417,City,3,2389,Engine Noise,2024-10-11
2565,4716,Creta,5,12437,Engine Noise,2022-06-11
2566,3782,Alto,5,2556,AC Problem,2023-07-17
2567,4928,Swift,3,8549,AC Problem,2024-10-14
2568,2204,City,3,4000,Scratches,2023-06-04
2569,4536,Seltos,3,9758,Engine Noise,2023-02-18
2570,4099,Seltos,5,4504,High Service Cost,2024-04-05
2571,1192,Swift,3,5525,No Issue,2024-06-10
2572,3860,Harrier,1,11302,Engine Noise,2022-11-13
2573,4009,Alto,2,8142,Engine Noise,2023-04-08
2574,2279,Swift,2,7328,Late Delivery,2024-10-18
2575,2968,Alto,3,14511,Engine Noise,2022-07-18
2576,4694,XUV700,4,3276,Engine Noise,2023-02-24
2577,3471,City,5,9327,High Service Cost,2024-05-19
2578,1705,XUV700,2,5266,Engine Noise,2023-02-07
2579,2659,Baleno,1,11592,Late Delivery,2022-01-18
2580,3138,Swift,4,8287,Late Delivery,2023-01-04
2581,1647,Baleno,4,6225,AC Problem,2023-10-22
2582,1794,i20,1,4035,Late Delivery,2023-05-29
2583,1740,Alto,5,7810,Engine Noise,2022-01-30
2584,3192,Seltos,5,11648,AC Problem,2023-03-11
2585,3499,XUV700,3,14826,Scratches,2022-02-16
2586,4499,Alto,1,3352,Scratches,2022-10-26
2587,1241,Seltos,1,11123,High Service Cost,2023-01-22
2588,2509,XUV700,1,7641,Scratches,2024-05-28
2589,2054,Swift,3,12076,High Service Cost,2023-12-14
2590,1772,Ertiga,2,4947,High Service Cost,2023-04-01
2591,2083,Baleno,5,6180,AC Problem,2022-06-11
2592,4672,XUV700,3,6964,Late Delivery,2024-01-21
2593,3523,Ertiga,3,8145,No Issue,2023-09-08
2594,4986,City,3,14494,High Service Cost,2022-12-05
2595,1100,XUV700,1,10603,Engine Noise,2022-02-28
2596,3857,Ertiga,3,14185,Late Delivery,2024-05-25
2597,3838,Seltos,2,2120,Engine Noise,2022-12-27
2598,3680,Baleno,4,3480,Engine Noise,2024-02-25
2599,2778,Creta,3,10200,Scratches,2022-01-25
2600,3019,XUV700,2,9808,Engine Noise,2023-03-29
2601,3924,Alto,1,6407,AC Problem,2022-01-25
2602,1588,Seltos,4,13467,High Service Cost,2022-09-05
2603,1272,Creta,5,9980,Engine Noise,2024-08-06
2604,3929,Creta,5,2499,Engine Noise,2022-06-26
2605,3034,City,1,9052,Scratches,2022-05-05
2606,2501,City,1,8029,Engine Noise,2022-06-15
2607,3105,Harrier,5,12889,High Service Cost,2022-05-06
2608,3806,XUV700,1,6240,High Service Cost,2024-05-31
2609,1982,Alto,5,6496,Engine Noise,2022-03-11
2610,3992,XUV700,1,4974,High Service Cost,2023-06-07
2611,4576,Ertiga,5,10877,AC Problem,2023-11-03
2612,1386,Seltos,2,7680,AC Problem,2024-05-02
2613,4532,Baleno,1,2754,High Service Cost,2024-07-22
2614,2631,Alto,5,14770,Scratches,2022-07-04
2615,1044,Baleno,1,12339,Late Delivery,2022-11-19
2616,3338,City,5,7322,AC Problem,2022-01-15
2617,2281,Baleno,5,12844,Late Delivery,2024-05-01
2618,1814,i20,4,8090,No Issue,2023-03-18
2619,4842,City,1,4314,Late Delivery,2023-02-03
2620,2269,City,2,9880,AC Problem,2023-12-01
2621,1239,Swift,3,14793,AC Problem,2024-02-10
2622,4484,Baleno,3,14248,Engine Noise,2023-07-31
2623,2151,Alto,1,4297,High Service Cost,2024-07-04
2624,2737,City,5,6534,Late Delivery,2024-10-31
2625,1275,Alto,5,5679,Scratches,2022-07-10
2626,3465,City,2,2386,No Issue,2024-04-30
2627,3254,Creta,1,3485,Engine Noise,2022-03-01
2628,2575,Alto,3,4543,Late Delivery,2022-06-05
2629,3412,Ertiga,2,6711,High Service Cost,2024-10-15
2630,1832,Baleno,1,9128,Scratches,2023-04-14
2631,2369,i20,1,14943,AC Problem,2024-07-17
2632,4902,XUV700,1,8115,Late Delivery,2022-11-11
2633,1567,Creta,4,10328,High Service Cost,2024-02-07
2634,1159,Baleno,2,12819,Late Delivery,2022-05-12
2635,2857,Swift,1,14460,Engine Noise,2023-02-15
2636,1095,Swift,2,4049,No Issue,2022-05-16
2637,3472,Seltos,3,7238,High Service Cost,2023-09-09
2638,4996,i20,1,2856,No Issue,2024-03-24
2639,4187,Harrier,5,14785,No Issue,2024-06-22
2640,4283,XUV700,1,3143,AC Problem,2022-01-26
2641,1598,XUV700,1,4837,Scratches,2023-05-28
2642,2330,City,2,10340,High Service Cost,2023-05-06
2643,3315,Swift,2,8985,Scratches,2024-09-19
2644,1043,XUV700,4,4266,AC Problem,2024-02-05
2645,4977,City,1,8326,No Issue,2023-04-13
2646,3642,Swift,3,12755,Engine Noise,2023-12-23
2647,2011,Creta,2,10761,Engine Noise,2024-06-23
2648,4529,Alto,4,2197,Late Delivery,2022-01-27
2649,2746,City,5,5445,Late Delivery,2022-07-17
2650,2881,City,5,7562,High Service Cost,2024-07-04
2651,4543,XUV700,4,13289,Engine Noise,2024-09-24
2652,3056,XUV700,5,12697,No Issue,2024-01-12
2653,2948,i20,1,12948,Engine Noise,2022-01-22
2654,3716,Seltos,2,14198,High Service Cost,2023-03-17
2655,2883,Seltos,3,8503,Late Delivery,2023-01-27
2656,4260,XUV700,5,7504,AC Problem,2022-01-01
2657,1380,Creta,1,9265,Late Delivery,2023-03-14
2658,2855,XUV700,2,9471,AC Problem,2024-06-26
2659,2666,Seltos,1,10903,Scratches,2022-07-27
2660,3774,City,1,11118,AC Problem,2022-01-14
2661,3162,Ertiga,2,13961,Late Delivery,2022-09-01
2662,4573,Baleno,5,14462,No Issue,2022-04-18
2663,2658,City,5,14566,High Service Cost,2022-05-05
2664,1387,Swift,1,10399,Late Delivery,2023-02-16
2665,3486,Seltos,4,7503,Late Delivery,2024-08-30
2666,1909,Ertiga,5,4352,AC Problem,2022-08-25
2667,4941,Harrier,1,4775,No Issue,2024-01-30
2668,3892,Ertiga,3,11183,Late Delivery,2023-10-17
2669,2947,Ertiga,3,7884,No Issue,2022-07-28
2670,2342,City,4,5426,Late Delivery,2022-01-10
2671,3982,Ertiga,1,12270,No Issue,2024-02-07
2672,1875,Ertiga,3,10316,Late Delivery,2024-08-16
2673,4775,Harrier,5,14718,High Service Cost,2024-02-05
2674,4515,XUV700,1,2860,Scratches,2022-10-17
2675,4731,Baleno,4,10899,Scratches,2022-03-21
2676,1027,Ertiga,4,3314,Engine Noise,2023-02-10
2677,1635,Baleno,5,6554,Scratches,2023-02-23
2678,3015,XUV700,3,3057,No Issue,2022-01-23
2679,2421,Baleno,3,8886,No Issue,2023-12-10
2680,3124,XUV700,4,10121,AC Problem,2022-09-04
2681,1586,Creta,2,13790,Scratches,2024-02-04
2682,4429,Baleno,4,6436,AC Problem,2023-05-01
2683,2209,i20,4,13078,No Issue,2024-02-26
2684,4622,i20,1,11552,High Service Cost,2024-05-28
2685,1233,Swift,5,11361,No Issue,2024-09-23
2686,4319,Harrier,1,9885,AC Problem,2023-08-22
2687,2977,Swift,4,3573,High Service Cost,2023-01-31
2688,4470,Seltos,1,10511,High Service Cost,2022-12-08
2689,1328,i20,3,9196,High Service Cost,2023-12-08
2690,4714,XUV700,4,14661,Late Delivery,2023-08-11
2691,4076,XUV700,3,10562,Engine Noise,2024-10-17
2692,3395,City,3,9177,AC Problem,2024-04-05
2693,4470,Harrier,5,3808,No Issue,2022-07-14
2694,2282,Alto,3,12655,Late Delivery,2023-12-12
2695,3804,i20,1,9100,AC Problem,2024-10-09
2696,3033,XUV700,1,8227,Engine Noise,2023-05-25
2697,3466,Creta,2,3616,Late Delivery,2024-04-15
2698,1390,i20,5,14205,No Issue,2024-09-20
2699,2885,Seltos,2,6678,AC Problem,2023-12-28
2700,2943,Creta,3,6978,High Service Cost,2024-10-28
2701,3036,Creta,4,5900,Late Delivery,2022-08-04
2702,2950,Seltos,1,2870,Engine Noise,2022-10-11
2703,3637,i20,4,2299,Engine Noise,2023-03-15
2704,2871,Swift,2,4269,Engine Noise,2022-11-19
2705,3162,Baleno,2,11125,AC Problem,2024-01-27
2706,1003,Seltos,1,13879,Late Delivery,2023-12-16
2707,3690,City,2,6328,Engine Noise,2023-02-17
2708,4810,Ertiga,4,4225,Scratches,2022-08-05
2709,2151,XUV700,2,2073,AC Problem,2024-07-21
2710,1008,City,4,9455,Engine Noise,2023-11-08
2711,4395,XUV700,3,9032,Engine Noise,2024-05-31
2712,3165,Harrier,5,3369,Late Delivery,2024-05-02
2713,4538,i20,1,14340,No Issue,2023-05-16
2714,3903,Harrier,2,3455,Late Delivery,2024-10-22
2715,3747,i20,1,12704,Late Delivery,2023-12-11
2716,2674,Creta,2,13008,Scratches,2023-08-24
2717,4534,i20,3,12086,No Issue,2022-03-11
2718,1931,Harrier,4,14405,Late Delivery,2023-12-06
2719,1124,i20,1,4265,Scratches,2022-02-15
2720,3270,Baleno,3,9709,Late Delivery,2024-01-08
2721,3375,i20,3,11992,Scratches,2024-07-05
2722,4969,Baleno,5,8763,AC Problem,2023-05-07
2723,2016,Swift,3,4848,High Service Cost,2023-05-12
2724,3865,City,5,10473,Engine Noise,2024-05-17
2725,1258,City,3,13561,Engine Noise,2022-08-12
2726,3114,City,4,2713,Late Delivery,2024-03-23
2727,4668,Alto,3,9465,Scratches,2023-12-22
2728,3930,Seltos,4,9206,High Service Cost,2023-10-16
2729,4133,Ertiga,2,7436,Engine Noise,2023-06-13
2730,1971,Ertiga,3,9927,Late Delivery,2024-07-13
2731,2549,Ertiga,3,11129,AC Problem,2023-05-11
2732,4705,Creta,2,2815,Late Delivery,2024-01-22
2733,1278,City,5,3775,Scratches,2022-02-27
2734,2146,Creta,4,12419,No Issue,2023-06-13
2735,1588,Creta,2,9328,AC Problem,2023-09-24
2736,3319,City,2,11370,Late Delivery,2023-06-19
2737,1501,Alto,1,12154,High Service Cost,2023-04-27
2738,3705,i20,2,7276,High Service Cost,2023-12-23
2739,4340,i20,5,5793,No Issue,2022-08-01
2740,1892,Creta,5,12623,High Service Cost,2022-05-28
2741,3615,Baleno,5,4914,Scratches,2023-04-05
2742,1217,i20,4,9790,Late Delivery,2022-09-17
2743,3732,Seltos,4,12523,Scratches,2022-03-14
2744,4623,Ertiga,3,11993,No Issue,2022-11-27
2745,4942,Baleno,2,12690,No Issue,2022-02-18
2746,3206,Seltos,5,8505,Scratches,2024-03-04
2747,1359,Baleno,2,6572,AC Problem,2023-05-20
2748,2488,Alto,3,3167,Engine Noise,2022-02-01
2749,3591,Creta,3,10448,No Issue,2023-06-24
2750,4319,Seltos,5,9505,Late Delivery,2024-03-29
2751,2664,Ertiga,2,4435,AC Problem,2023-11-11
2752,1290,City,3,3748,No Issue,2022-02-06
2753,3083,Alto,1,10323,Scratches,2024-01-16
2754,4026,Ertiga,4,4674,Scratches,2024-10-03
2755,1859,Alto,2,4451,High Service Cost,2022-02-26
2756,3113,City,5,6414,AC Problem,2022-12-02
2757,3844,Ertiga,3,14754,Engine Noise,2023-05-11
2758,4498,XUV700,3,10994,Scratches,2023-08-07
2759,3204,Swift,3,12355,High Service Cost,2022-07-14
2760,2578,Creta,4,11004,High Service Cost,2022-01-03
2761,4858,Alto,2,6759,Late Delivery,2022-07-21
2762,3168,Creta,3,10689,High Service Cost,2022-07-26
2763,3239,City,4,8043,Engine Noise,2023-07-17
2764,4547,Swift,1,4552,Late Delivery,2024-01-20
2765,2377,Baleno,2,10343,Scratches,2024-06-25
2766,2566,Baleno,5,5283,AC Problem,2022-08-04
2767,3404,Seltos,2,8423,Scratches,2023-08-15
2768,1530,i20,3,11541,High Service Cost,2024-07-20
2769,1479,Baleno,5,3125,No Issue,2022-08-10
2770,1796,i20,2,8526,Engine Noise,2024-05-23
2771,2096,Swift,5,3397,Engine Noise,2024-01-24
2772,4462,XUV700,2,4812,High Service Cost,2023-03-22
2773,4001,Creta,1,2280,Engine Noise,2023-01-14
2774,2099,XUV700,1,8623,Late Delivery,2023-01-30
2775,3235,Creta,1,14752,High Service Cost,2023-10-05
2776,4762,Swift,2,9760,No Issue,2023-03-17
2777,3014,Seltos,5,11668,Scratches,2022-08-02
2778,2361,Creta,1,2272,Engine Noise,2022-05-08
2779,1475,XUV700,4,9624,AC Problem,2023-05-27
2780,4377,Swift,4,14179,Scratches,2023-12-07
2781,1916,Ertiga,1,9506,No Issue,2024-06-26
2782,1648,Ertiga,1,2520,No Issue,2022-02-26
2783,3209,i20,3,3726,Late Delivery,2023-01-21
2784,1801,Alto,4,6199,No Issue,2023-06-01
2785,3094,Alto,4,11298,No Issue,2024-07-28
2786,3071,i20,1,7228,Engine Noise,2023-04-13
2787,2359,Harrier,3,9287,Scratches,2024-05-23
2788,2307,XUV700,5,11667,AC Problem,2023-01-31
2789,3221,Creta,3,6997,Engine Noise,2023-02-23
2790,4378,City,3,7386,Engine Noise,2024-08-11
2791,1878,Swift,4,11108,High Service Cost,2023-09-29
2792,3018,Alto,1,3982,AC Problem,2024-05-21
2793,3821,Swift,1,8639,High Service Cost,2023-06-21
2794,1229,Baleno,1,6312,Late Delivery,2024-01-19
2795,1702,XUV700,3,7759,AC Problem,2023-12-27
2796,1117,Creta,3,12525,Late Delivery,2022-09-26
2797,3100,City,2,5921,No Issue,2022-11-27
2798,4263,Seltos,5,10852,Late Delivery,2024-08-05
2799,1947,i20,2,5734,Late Delivery,2022-10-18
2800,1571,XUV700,5,9740,No Issue,2024-03-25
2801,2960,Swift,2,4045,Scratches,2022-08-23
2802,1522,Baleno,2,2669,No Issue,2022-11-02
2803,1771,i20,2,8123,No Issue,2022-03-28
2804,3829,XUV700,2,12171,Scratches,2024-03-18
2805,4212,XUV700,3,12513,No Issue,2023-12-11
2806,3702,Creta,5,14019,High Service Cost,2024-01-03
2807,1112,Seltos,2,12924,Late Delivery,2024-04-05
2808,2287,City,2,12044,No Issue,2024-10-22
2809,4562,Seltos,1,12298,Engine Noise,2023-02-21
2810,2367,Seltos,3,3645,Late Delivery,2024-07-11
2811,4594,Baleno,4,11621,High Service Cost,2024-08-09
2812,4951,i20,1,5441,High Service Cost,2023-01-03
2813,1098,XUV700,4,2919,No Issue,2022-05-13
2814,3520,Ertiga,2,9382,Scratches,2022-03-03
2815,2046,Swift,5,7426,Engine Noise,2023-03-28
2816,1238,Swift,4,4112,No Issue,2023-12-22
2817,3668,Ertiga,4,5951,Scratches,2022-04-15
2818,2286,Seltos,4,14287,High Service Cost,2023-08-26
2819,2348,Harrier,5,2411,Late Delivery,2023-11-07
2820,3719,Baleno,1,9419,High Service Cost,2023-01-29
2821,4803,City,3,14585,No Issue,2024-01-15
2822,4755,Swift,5,7267,Scratches,2023-08-21
2823,1386,Harrier,1,5299,No Issue,2022-02-17
2824,1605,i20,2,4858,High Service Cost,2022-07-07
2825,3169,Creta,1,11412,Engine Noise,2024-10-05
2826,2323,City,4,12482,High Service Cost,2023-05-29
2827,4780,Seltos,1,4750,No Issue,2024-03-01
2828,1562,Swift,1,8314,Scratches,2022-08-14
2829,3364,Harrier,2,2753,No Issue,2024-07-12
2830,2842,Ertiga,2,3486,Late Delivery,2023-09-20
2831,1019,Swift,1,14545,Late Delivery,2024-02-08
2832,1541,Baleno,5,14438,Scratches,2024-10-19
2833,4960,Baleno,2,11632,High Service Cost,2024-09-27
2834,2323,i20,4,5371,No Issue,2023-04-01
2835,4541,Alto,5,7272,AC Problem,2024-09-08
2836,4157,i20,1,9458,AC Problem,2024-06-11
2837,2765,Swift,4,4206,Late Delivery,2022-08-26
2838,4740,i20,4,12122,Engine Noise,2024-02-01
2839,3452,i20,5,4369,Late Delivery,2022-06-03
2840,4025,Harrier,1,9165,High Service Cost,2024-01-12
2841,3740,Baleno,4,9346,Scratches,2023-10-14
2842,3159,i20,2,11963,Engine Noise,2023-10-14
2843,4210,Ertiga,2,5770,No Issue,2024-05-22
2844,4081,Ertiga,5,12444,No Issue,2022-02-10
2845,2314,Baleno,2,9568,AC Problem,2023-10-22
2846,2945,Alto,3,12354,Scratches,2024-01-29
2847,3426,Harrier,1,3091,Engine Noise,2022-10-22
2848,4953,Alto,4,12661,Engine Noise,2022-09-15
2849,1939,Creta,4,9999,Engine Noise,2023-12-31
2850,1237,Swift,5,11602,Scratches,2024-10-16
2851,1643,Harrier,5,2843,Scratches,2022-10-14
2852,3377,XUV700,4,8353,No Issue,2022-08-30
2853,1184,i20,2,11854,Late Delivery,2022-07-24
2854,2830,Harrier,5,14957,High Service Cost,2023-10-18
2855,4791,Ertiga,3,2877,No Issue,2022-10-06
2856,2785,Baleno,5,14234,AC Problem,2023-01-30
2857,2448,Alto,2,14887,AC Problem,2023-04-17
2858,4933,Creta,1,8100,AC Problem,2024-08-27
2859,4394,Baleno,3,8512,Engine Noise,2024-10-13
2860,1481,Creta,5,7685,Late Delivery,2022-02-26
2861,3648,Seltos,1,5631,High Service Cost,2023-04-09
2862,2381,Baleno,1,13042,Engine Noise,2024-08-19
2863,1361,Baleno,4,14099,Scratches,2023-08-25
2864,2059,XUV700,2,3561,Late Delivery,2023-05-31
2865,1515,Creta,4,7447,Scratches,2024-01-03
2866,2769,Creta,2,11303,High Service Cost,2023-10-18
2867,1329,Seltos,1,4154,AC Problem,2022-01-22
2868,3316,Alto,5,14524,High Service Cost,2023-12-05
2869,4141,Creta,2,2203,Engine Noise,2022-11-22
2870,2542,i20,2,6676,Scratches,2024-06-25
2871,4739,City,1,12831,No Issue,2023-03-02
2872,1954,Creta,3,8079,AC Problem,2023-12-31
2873,3425,XUV700,1,2863,No Issue,2022-02-08
2874,1292,Seltos,1,5709,Scratches,2024-07-31
2875,2934,Alto,2,13213,High Service Cost,2022-01-30
2876,2309,Creta,1,8970,AC Problem,2022-06-10
2877,1359,Alto,4,14824,Late Delivery,2023-09-08
2878,2609,Harrier,1,10725,AC Problem,2022-11-05
2879,3571,Creta,5,7062,Scratches,2022-05-14
2880,2360,Creta,1,10931,Engine Noise,2023-07-20
2881,1623,Swift,1,12030,No Issue,2022-02-05
2882,2565,Baleno,5,6406,AC Problem,2024-04-10
2883,2920,Seltos,3,4312,Engine Noise,2022-03-21
2884,4107,Ertiga,3,13121,Late Delivery,2024-02-23
2885,2511,Creta,3,10565,No Issue,2023-03-13
2886,4450,City,4,14140,No Issue,2024-09-13
2887,3391,Alto,5,4658,No Issue,2023-02-09
2888,2253,Ertiga,4,13686,AC Problem,2022-09-22
2889,4860,Seltos,4,6315,Engine Noise,2022-08-21
2890,1617,Seltos,4,3500,High Service Cost,2023-03-23
2891,2823,i20,5,2519,Engine Noise,2023-03-03
2892,4833,Harrier,2,2362,High Service Cost,2024-08-25
2893,1574,i20,2,3476,AC Problem,2024-09-05
2894,3001,Seltos,3,14911,Scratches,2022-01-29
2895,1396,Harrier,4,4012,No Issue,2023-01-12
2896,3468,City,3,5324,Engine Noise,2022-02-02
2897,2579,Creta,4,12144,Late Delivery,2024-10-05
2898,3708,Creta,3,7855,Late Delivery,2024-08-17
2899,1401,Harrier,1,10191,High Service Cost,2023-09-12
2900,2511,i20,5,14500,High Service Cost,2024-06-18
2901,3093,Baleno,4,7263,No Issue,2023-05-16
2902,1686,Swift,4,2530,High Service Cost,2024-06-17
2903,1153,i20,4,14735,Late Delivery,2024-05-06
2904,1260,Ertiga,5,6147,Engine Noise,2023-12-04
2905,3692,Creta,1,4702,Engine Noise,2023-08-31
2906,3334,Ertiga,2,11769,High Service Cost,2023-07-23
2907,4739,i20,5,3631,High Service Cost,2023-12-31
2908,3032,Seltos,1,12578,AC Problem,2022-10-11
2909,3892,City,3,2846,Late Delivery,2023-11-11
2910,2776,City,4,9845,Scratches,2024-07-07
2911,2354,City,4,11087,Engine Noise,2022-05-16
2912,1638,Baleno,2,12032,High Service Cost,2023-10-15
2913,3752,Ertiga,3,11548,AC Problem,2024-06-07
2914,4543,Alto,1,3619,AC Problem,2024-10-30
2915,2292,Alto,3,3870,AC Problem,2022-10-24
2916,4705,Baleno,3,4246,AC Problem,2023-12-08
2917,4729,Alto,2,11654,No Issue,2022-11-26
2918,4735,i20,1,4197,High Service Cost,2023-03-24
2919,1156,Baleno,2,12154,High Service Cost,2022-01-15
2920,4739,Swift,1,8193,AC Problem,2022-08-04
2921,1613,i20,5,3363,Engine Noise,2022-11-26
2922,3476,Ertiga,5,14923,High Service Cost,2023-07-18
2923,2908,Ertiga,4,5602,No Issue,2022-06-25
2924,1981,Ertiga,2,11050,No Issue,2022-10-22
2925,3899,Alto,5,13409,AC Problem,2022-11-03
2926,2275,City,3,10969,No Issue,2022-12-27
2927,1266,Swift,3,10241,Late Delivery,2023-07-24
2928,4890,Creta,5,12800,No Issue,2023-10-01
2929,1058,XUV700,2,13874,AC Problem,2023-05-31
2930,4923,Ertiga,4,2375,AC Problem,2022-08-23
2931,1616,Seltos,3,2022,AC Problem,2023-03-09
2932,2804,Creta,4,4672,Engine Noise,2023-01-22
2933,2582,Baleno,3,14570,Scratches,2024-10-14
2934,4671,Alto,1,3029,High Service Cost,2022-08-14
2935,3218,Baleno,5,6375,High Service Cost,2022-05-24
2936,2687,Ertiga,2,12837,High Service Cost,2022-01-18
2937,2711,City,3,2392,No Issue,2024-01-02
2938,2342,Ertiga,5,5517,No Issue,2024-01-16
2939,1656,Creta,4,11285,No Issue,2024-01-17
2940,1836,Seltos,2,11689,Scratches,2022-12-28
2941,2023,Ertiga,2,8124,Scratches,2022-11-17
2942,3869,Swift,5,9501,Scratches,2023-08-15
2943,1733,Harrier,5,10675,Scratches,2022-03-14
2944,1397,Baleno,5,13049,Scratches,2024-04-28
2945,4086,Ertiga,1,6923,High Service Cost,2022-04-10
2946,1968,Creta,1,14114,High Service Cost,2022-09-13
2947,1461,i20,2,12415,Scratches,2024-05-12
2948,1137,Alto,5,10422,High Service Cost,2022-06-11
2949,1761,Baleno,1,2086,Scratches,2022-10-20
2950,3197,Ertiga,2,6484,Scratches,2022-06-11
2951,1862,Creta,3,3643,Scratches,2024-05-18
2952,1780,i20,5,10910,High Service Cost,2022-08-11
2953,1592,Ertiga,1,6832,Late Delivery,2022-11-03
2954,2600,XUV700,2,4229,Late Delivery,2022-01-14
2955,4725,City,5,4469,AC Problem,2023-07-25
2956,3347,Alto,2,8596,AC Problem,2022-08-15
2957,2446,i20,3,4248,Late Delivery,2022-05-25
2958,2442,Creta,2,2582,Engine Noise,2023-10-19
2959,3806,Alto,2,6119,Late Delivery,2024-02-25
2960,3932,i20,3,2872,Late Delivery,2024-04-02
2961,4264,Creta,4,4383,Late Delivery,2023-04-28
2962,4354,City,5,10164,No Issue,2023-03-09
2963,4325,Baleno,3,5721,Scratches,2022-08-30
2964,3551,City,3,11684,AC Problem,2024-07-07
2965,4756,Ertiga,5,9316,High Service Cost,2023-09-08
2966,2336,Harrier,2,14428,No Issue,2022-10-04
2967,2301,Seltos,1,8897,Scratches,2023-11-17
2968,1801,Creta,5,13510,Late Delivery,2022-04-10
2969,4976,Seltos,3,3094,Late Delivery,2023-06-06
2970,3865,Ertiga,2,6007,No Issue,2023-10-09
2971,3357,Ertiga,4,6487,High Service Cost,2022-02-24
2972,4257,i20,2,4295,No Issue,2024-01-26
2973,4939,Ertiga,1,11320,No Issue,2023-07-31
2974,4295,Ertiga,2,7171,AC Problem,2024-02-14
2975,1573,i20,1,4305,Scratches,2024-04-15
2976,4493,Alto,4,7604,Engine Noise,2022-12-25
2977,1595,Creta,4,10597,AC Problem,2022-05-23
2978,3047,Swift,2,3654,High Service Cost,2023-09-02
2979,1026,Seltos,5,6981,High Service Cost,2024-10-22
2980,3428,Swift,5,13267,No Issue,2022-12-23
2981,2343,Swift,5,11779,No Issue,2023-10-05
2982,1130,i20,4,8510,Late Delivery,2023-03-28
2983,3686,Alto,1,12246,No Issue,2022-02-16
2984,4067,Harrier,3,14288,Scratches,2024-01-23
2985,2546,Swift,2,14626,Late Delivery,2023-03-03
2986,4351,Swift,1,13961,Engine Noise,2024-05-17
2987,3332,XUV700,3,5773,Scratches,2024-06-18
2988,2220,i20,4,6445,High Service Cost,2024-04-30
2989,1736,XUV700,3,8769,High Service Cost,2024-05-15
2990,4847,i20,4,9873,Scratches,2024-04-27
2991,2298,i20,4,4102,AC Problem,2023-11-23
2992,2091,City,1,5852,No Issue,2024-07-29
2993,1232,Harrier,5,10987,No Issue,2023-05-03
2994,3658,Baleno,5,13138,No Issue,2023-11-03
2995,1221,Creta,1,12511,High Service Cost,2024-02-09
2996,1452,Seltos,2,4904,Scratches,2023-06-13
2997,2659,Swift,4,3453,No Issue,2022-06-21
2998,1303,Ertiga,2,11070,AC Problem,2023-07-20
2999,1935,Ertiga,4,14664,Late Delivery,2023-06-09
3000,2637,Seltos,4,10578,High Service Cost,2024-08-21
3001,4471,Swift,5,13873,AC Problem,2024-01-28
3002,2343,Swift,5,4434,Scratches,2023-03-26
3003,3311,i20,4,11372,AC Problem,2024-02-22
3004,1364,Baleno,5,6519,Scratches,2022-03-03
3005,2412,Swift,5,2786,Scratches,2023-10-26
3006,3789,City,3,8803,Scratches,2023-05-12
3007,4706,Baleno,3,14564,Engine Noise,2024-04-18
3008,2250,Harrier,4,5219,Late Delivery,2022-07-27
3009,1455,Seltos,5,12030,AC Problem,2023-04-01
3010,2763,Harrier,3,9258,Engine Noise,2023-04-18
3011,4736,Harrier,2,8699,AC Problem,2023-10-31
3012,4892,Seltos,4,3773,No Issue,2022-02-23
3013,2328,Baleno,4,13377,AC Problem,2024-06-07
3014,3552,Ertiga,2,4042,Engine Noise,2022-08-03
3015,1327,City,4,11816,Engine Noise,2022-01-11
3016,4732,City,5,9169,High Service Cost,2023-03-30
3017,1818,Creta,3,13764,Scratches,2023-02-15
3018,2965,Swift,1,9608,Engine Noise,2024-01-01
3019,4592,XUV700,3,11440,Scratches,2023-08-07
3020,4391,Seltos,2,6242,Late Delivery,2022-04-19
3021,1735,Ertiga,1,3625,Engine Noise,2022-01-27
3022,3539,XUV700,5,3471,High Service Cost,2022-12-15
3023,3508,Harrier,5,7549,High Service Cost,2024-10-02
3024,4606,Ertiga,3,13944,No Issue,2023-06-01
3025,2467,Baleno,4,3346,Engine Noise,2024-10-08
3026,4514,Seltos,4,11306,Late Delivery,2022-08-13
3027,4975,Alto,2,2013,Scratches,2022-12-16
3028,4775,Alto,4,11363,AC Problem,2023-10-08
3029,4298,Swift,5,3826,AC Problem,2022-11-26
3030,1565,Ertiga,1,13734,AC Problem,2024-08-14
3031,2627,Ertiga,3,10600,AC Problem,2022-03-24
3032,4598,Alto,3,14671,Engine Noise,2022-09-24
3033,1819,City,3,7507,No Issue,2024-03-09
3034,2714,Creta,4,6152,High Service Cost,2022-07-06
3035,1515,XUV700,1,4561,AC Problem,2023-04-24
3036,3465,Harrier,4,13841,Engine Noise,2023-11-17
3037,2124,Alto,4,12584,No Issue,2023-02-02
3038,3455,Swift,5,3902,Late Delivery,2024-05-12
3039,2428,Harrier,5,13350,AC Problem,2023-06-05
3040,2153,Swift,4,10596,Scratches,2022-04-23
3041,4590,Swift,2,14532,Late Delivery,2022-05-02
3042,4767,Ertiga,2,9916,Late Delivery,2023-01-21
3043,4914,i20,2,7720,AC Problem,2024-02-23
3044,1843,Harrier,4,2858,Scratches,2024-07-07
3045,1034,Baleno,1,12189,Engine Noise,2023-01-17
3046,3046,XUV700,2,2208,Scratches,2022-06-05
3047,2767,Harrier,5,4190,No Issue,2023-01-16
3048,3201,Alto,3,10109,Late Delivery,2023-01-24
3049,4473,XUV700,3,9794,AC Problem,2024-02-26
3050,4135,Baleno,4,3822,Scratches,2022-08-16
3051,2782,i20,3,9741,High Service Cost,2023-08-11
3052,3937,Seltos,4,2545,Scratches,2023-12-15
3053,3615,Harrier,3,10995,Scratches,2023-09-23
3054,1228,i20,1,3127,No Issue,2024-02-03
3055,1975,i20,1,8476,AC Problem,2023-09-26
3056,2846,Alto,1,6092,Late Delivery,2022-06-23
3057,4979,Alto,1,2246,No Issue,2023-01-22
3058,4048,Baleno,2,12769,No Issue,2023-11-11
3059,2276,Harrier,5,10656,High Service Cost,2022-12-09
3060,2511,Harrier,1,8444,No Issue,2024-01-10
3061,1804,XUV700,2,2619,AC Problem,2022-11-29
3062,1563,Seltos,4,3958,No Issue,2023-12-07
3063,3962,Ertiga,3,13227,High Service Cost,2023-03-29
3064,3062,City,3,8681,Engine Noise,2022-03-20
3065,1894,Creta,2,12607,No Issue,2022-01-08
3066,1853,Creta,3,11421,Scratches,2023-07-21
3067,1339,Baleno,1,10548,No Issue,2023-07-03
3068,3410,City,3,4378,Late Delivery,2023-12-13
3069,1179,Harrier,1,5351,Scratches,2022-09-27
3070,1588,City,1,2884,Scratches,2023-03-08
3071,3262,Baleno,3,8585,Engine Noise,2023-08-24
3072,3045,Harrier,2,14788,Late Delivery,2022-08-14
3073,2758,Creta,4,11950,Late Delivery,2022-12-01
3074,4225,Swift,2,13112,Late Delivery,2022-05-02
3075,4116,XUV700,5,11649,No Issue,2023-04-21
3076,3399,XUV700,5,8343,No Issue,2024-02-25
3077,3068,City,1,2550,Scratches,2022-08-25
3078,2616,Swift,1,10391,Engine Noise,2024-02-18
3079,4036,i20,2,11582,No Issue,2023-01-17
3080,1564,Seltos,2,5742,AC Problem,2023-01-24
3081,1668,Alto,1,14626,AC Problem,2023-11-25
3082,3991,XUV700,4,3443,No Issue,2023-04-06
3083,1368,XUV700,4,6774,Engine Noise,2022-04-20
3084,3706,Harrier,5,10468,Late Delivery,2022-08-02
3085,1693,Alto,4,2053,Scratches,2023-04-08
3086,2101,i20,3,2163,No Issue,2023-08-08
3087,4966,XUV700,1,8798,Engine Noise,2023-05-30
3088,4070,Alto,2,12315,Engine Noise,2022-01-02
3089,2142,Creta,1,4789,Late Delivery,2022-07-29
3090,1358,Ertiga,3,6517,High Service Cost,2024-04-03
3091,4926,Ertiga,4,14864,High Service Cost,2022-02-27
3092,2640,City,1,11445,High Service Cost,2023-04-29
3093,2537,Swift,3,11521,High Service Cost,2024-08-05
3094,2650,Harrier,4,11177,No Issue,2023-04-30
3095,1502,Seltos,5,13380,AC Problem,2022-03-12
3096,3079,i20,5,7359,AC Problem,2023-10-18
3097,3405,Harrier,5,7652,Engine Noise,2023-06-26
3098,1061,XUV700,3,3080,AC Problem,2024-02-25
3099,2120,Alto,3,10850,AC Problem,2024-09-22
3100,4449,Alto,2,7148,Scratches,2023-04-21
3101,2670,i20,2,4265,AC Problem,2023-07-26
3102,2519,Harrier,5,6641,AC Problem,2024-01-17
3103,2633,Alto,1,12226,AC Problem,2023-08-15
3104,1451,Alto,4,2848,No Issue,2023-10-11
3105,4286,Seltos,2,10657,High Service Cost,2023-04-11
3106,4155,Swift,4,6661,Scratches,2022-08-13
3107,3453,Harrier,1,9711,Scratches,2022-08-30
3108,4053,Harrier,5,6599,AC Problem,2024-08-26
3109,2692,i20,4,7661,AC Problem,2023-07-12
3110,4178,City,5,11566,High Service Cost,2023-11-15
3111,4560,Baleno,4,8111,Scratches,2023-05-07
3112,1356,Baleno,1,14828,No Issue,2023-03-29
3113,3178,i20,2,7515,Late Delivery,2023-06-19
3114,2045,Ertiga,3,11998,No Issue,2023-05-14
3115,1595,Alto,5,12318,No Issue,2024-03-12
3116,2624,Harrier,2,10610,Late Delivery,2024-01-12
3117,3273,Baleno,4,3459,High Service Cost,2023-12-10
3118,2129,i20,2,6532,High Service Cost,2022-07-12
3119,2972,i20,3,8029,Late Delivery,2022-06-03
3120,4932,City,5,8289,AC Problem,2023-04-11
3121,4000,i20,5,4213,No Issue,2023-07-21
3122,3441,i20,2,2597,Engine Noise,2024-02-06
3123,1870,Seltos,1,11381,Scratches,2022-03-20
3124,3030,Alto,4,14098,Scratches,2022-01-11
3125,4172,Seltos,2,14237,Scratches,2023-07-24
3126,2831,i20,1,7528,Engine Noise,2024-10-01
3127,4953,Ertiga,5,10637,No Issue,2022-08-27
3128,4219,Alto,4,6749,High Service Cost,2024-03-20
3129,4964,Alto,5,2046,AC Problem,2024-04-28
3130,4301,Creta,3,14120,Late Delivery,2022-07-16
3131,3134,Harrier,1,11704,Scratches,2022-06-10
3132,3570,Alto,3,9890,AC Problem,2023-05-14
3133,4719,Baleno,3,3286,Engine Noise,2022-06-21
3134,1092,Ertiga,3,4701,AC Problem,2024-05-06
3135,1803,Alto,1,12140,Late Delivery,2022-08-14
3136,3200,Harrier,4,2942,No Issue,2024-09-01
3137,4494,Harrier,5,12893,Engine Noise,2022-02-01
3138,1353,City,4,4290,AC Problem,2022-10-22
3139,1878,XUV700,4,13917,Engine Noise,2023-12-27
3140,1607,Seltos,4,2903,Late Delivery,2023-08-09
3141,4645,Harrier,5,7452,Late Delivery,2023-08-07
3142,2896,Creta,5,4659,Scratches,2024-01-03
3143,1982,Ertiga,1,3131,No Issue,2022-11-30
3144,3964,XUV700,2,4368,Late Delivery,2024-07-14
3145,3962,City,5,8948,Scratches,2024-01-07
3146,3456,Ertiga,5,14761,AC Problem,2022-12-28
3147,2110,Baleno,2,12947,Scratches,2024-07-18
3148,3258,Seltos,5,5544,Late Delivery,2024-07-23
3149,4972,Swift,4,10658,Engine Noise,2023-05-05
3150,1382,XUV700,5,6057,AC Problem,2022-05-13
3151,2618,Seltos,1,6850,Engine Noise,2024-05-22
3152,4810,Seltos,5,6034,Engine Noise,2022-10-26
3153,2547,Harrier,2,3135,Scratches,2023-07-13
3154,3918,i20,4,11670,Engine Noise,2022-07-13
3155,4224,Creta,2,6383,No Issue,2023-02-02
3156,2028,XUV700,5,7572,Engine Noise,2023-03-12
3157,2099,Baleno,5,10532,AC Problem,2023-08-27
3158,3458,Swift,1,2659,AC Problem,2023-01-23
3159,3051,Baleno,4,2185,Engine Noise,2023-10-05
3160,4443,Ertiga,5,4076,Scratches,2022-12-01
3161,2106,Alto,1,3431,AC Problem,2023-01-03
3162,1940,Alto,1,2746,High Service Cost,2023-07-16
3163,1430,i20,2,5834,No Issue,2024-09-05
3164,4543,Creta,4,10724,Scratches,2024-01-08
3165,4433,Swift,3,9056,No Issue,2023-05-24
3166,3459,XUV700,1,9259,No Issue,2023-11-27
3167,3016,Harrier,3,4975,Engine Noise,2023-06-12
3168,3082,XUV700,2,8315,No Issue,2022-04-10
3169,2265,Ertiga,1,6209,Engine Noise,2022-10-05
3170,4727,Baleno,4,11313,No Issue,2023-03-04
3171,1907,Alto,3,9422,AC Problem,2022-11-25
3172,3127,Baleno,4,5093,High Service Cost,2024-10-20
3173,3122,XUV700,3,11336,No Issue,2024-02-03
3174,3858,Seltos,2,10402,Late Delivery,2023-11-23
3175,1283,Seltos,1,5773,Engine Noise,2022-02-02
3176,1726,City,1,4863,High Service Cost,2022-04-30
3177,2781,XUV700,2,9815,Engine Noise,2023-01-21
3178,4309,Harrier,5,4433,High Service Cost,2022-01-14
3179,1336,Swift,3,9451,Engine Noise,2023-09-05
3180,4602,Harrier,3,3923,Late Delivery,2024-01-07
3181,2994,City,5,13316,AC Problem,2022-11-17
3182,2987,Creta,2,12083,Late Delivery,2022-03-27
3183,1585,Alto,4,2640,High Service Cost,2023-06-26
3184,2914,XUV700,4,11806,Scratches,2022-03-21
3185,1566,i20,2,3484,Engine Noise,2023-01-29
3186,3130,XUV700,4,7854,Scratches,2023-10-29
3187,2699,Alto,2,5792,No Issue,2024-05-27
3188,3365,City,3,3925,Late Delivery,2022-07-30
3189,1874,Ertiga,3,12071,Engine Noise,2023-02-07
3190,3726,i20,5,13190,Late Delivery,2022-09-24
3191,2651,Ertiga,2,3331,No Issue,2023-09-30
3192,2320,Seltos,4,7452,AC Problem,2022-02-01
3193,3747,Baleno,2,12452,High Service Cost,2024-10-17
3194,2790,XUV700,1,8333,Engine Noise,2023-04-13
3195,2365,Alto,5,9157,Engine Noise,2022-10-19
3196,3881,Baleno,1,14471,Engine Noise,2023-08-23
3197,1954,i20,5,4140,High Service Cost,2022-06-20
3198,2888,Creta,5,9575,Late Delivery,2023-01-03
3199,2447,Swift,5,3643,High Service Cost,2022-11-04
3200,4034,i20,1,8859,AC Problem,2022-03-09
3201,3066,XUV700,5,7097,Late Delivery,2022-06-25
3202,2846,Swift,2,7902,AC Problem,2024-06-01
3203,4951,Creta,2,10190,Engine Noise,2024-07-08
3204,3861,i20,1,12484,High Service Cost,2024-06-10
3205,3051,City,3,5710,AC Problem,2022-04-22
3206,3514,Creta,3,11987,No Issue,2022-12-21
3207,3237,Harrier,1,11869,High Service Cost,2022-07-10
3208,2304,i20,5,4752,Late Delivery,2022-09-19
3209,1062,Ertiga,5,11595,Engine Noise,2023-09-08
3210,2013,i20,5,8193,Late Delivery,2023-11-19
3211,3037,Harrier,1,10430,Scratches,2024-07-13
3212,2989,Baleno,5,9402,Engine Noise,2022-04-30
3213,2902,City,2,2318,No Issue,2024-07-25
3214,2804,Seltos,5,10753,No Issue,2023-01-19
3215,4325,Alto,1,7212,Scratches,2022-11-25
3216,4698,Baleno,5,12999,Late Delivery,2024-05-21
3217,2877,City,2,12569,No Issue,2024-02-04
3218,2795,City,1,5413,Late Delivery,2024-02-12
3219,2025,City,3,8385,Engine Noise,2022-03-26
3220,3114,Harrier,1,14896,High Service Cost,2022-01-17
3221,1877,Seltos,4,14230,Engine Noise,2023-01-19
3222,4357,Ertiga,3,4659,Late Delivery,2022-03-23
3223,1131,XUV700,3,3507,AC Problem,2024-03-06
3224,2071,City,1,9089,Scratches,2022-04-16
3225,4626,Ertiga,4,6961,AC Problem,2024-06-07
3226,3652,XUV700,3,4020,Engine Noise,2022-05-27
3227,3988,Alto,5,2154,No Issue,2024-10-28
3228,1992,Ertiga,4,10733,Engine Noise,2022-10-01
3229,2676,Alto,4,14447,Engine Noise,2023-05-26
3230,2070,XUV700,1,9378,Engine Noise,2024-01-05
3231,4302,Seltos,1,9892,Scratches,2022-02-07
3232,2759,Alto,1,3604,Late Delivery,2023-07-25
3233,3331,Seltos,4,11876,Scratches,2023-10-22
3234,3596,Baleno,2,4536,No Issue,2022-03-23
3235,4099,Seltos,1,11471,Late Delivery,2024-05-30
3236,2434,Alto,2,14343,No Issue,2024-04-28
3237,4544,i20,3,4899,Late Delivery,2024-02-26
3238,4741,Seltos,5,7861,Late Delivery,2024-02-04
3239,3949,City,5,7278,AC Problem,2022-10-10
3240,2245,Seltos,2,2868,Engine Noise,2022-09-09
3241,2399,i20,4,5013,Engine Noise,2024-10-02
3242,2032,Harrier,5,13358,Scratches,2023-12-09
3243,1901,Harrier,2,5310,Late Delivery,2024-07-08
3244,4484,Seltos,1,2682,No Issue,2024-05-04
3245,2494,Alto,2,12455,Engine Noise,2022-02-05
3246,4141,Creta,3,3461,AC Problem,2024-08-17
3247,1341,Alto,2,5829,No Issue,2024-06-20
3248,1065,City,1,2145,AC Problem,2023-05-27
3249,1606,Alto,2,3974,Engine Noise,2024-01-28
3250,4764,Seltos,1,7627,Late Delivery,2022-10-05
3251,4141,i20,1,3820,No Issue,2022-11-27
3252,3793,Alto,3,8267,Scratches,2022-12-26
3253,4332,XUV700,3,9868,Scratches,2024-05-20
3254,3579,Baleno,5,8962,Scratches,2022-04-12
3255,2419,i20,1,8475,Engine Noise,2023-01-12
3256,2381,Baleno,1,10796,Engine Noise,2023-08-12
3257,1357,i20,1,8332,Scratches,2024-02-13
3258,2415,Seltos,5,3606,No Issue,2024-04-01
3259,1375,Swift,4,6239,Engine Noise,2022-01-02
3260,2209,i20,3,13391,Scratches,2022-05-08
3261,2328,Creta,3,3547,Engine Noise,2024-07-31
3262,3111,Harrier,1,8973,High Service Cost,2022-12-18
3263,1177,Creta,5,4772,No Issue,2022-02-11
3264,1234,City,1,3987,Late Delivery,2022-09-16
3265,3912,Seltos,3,11577,No Issue,2022-02-06
3266,1761,Ertiga,5,13835,Late Delivery,2022-01-22
3267,4878,Harrier,2,4896,Scratches,2022-12-25
3268,3087,Seltos,3,12011,Engine Noise,2024-04-09
3269,2310,Baleno,2,8975,Scratches,2022-11-02
3270,2282,Alto,4,12846,AC Problem,2022-01-14
3271,4538,XUV700,2,10174,Late Delivery,2022-02-17
3272,2263,Baleno,5,12311,High Service Cost,2024-03-26
3273,4574,Ertiga,2,14909,Late Delivery,2022-06-09
3274,2607,Alto,4,11137,Engine Noise,2022-07-04
3275,4613,i20,3,11497,High Service Cost,2023-04-12
3276,1350,Harrier,4,12093,Engine Noise,2024-02-22
3277,1540,Ertiga,5,8582,High Service Cost,2023-09-23
3278,4013,Harrier,2,13887,Engine Noise,2024-01-05
3279,4383,Seltos,2,10350,Late Delivery,2023-07-12
3280,4009,Alto,5,13986,Late Delivery,2022-11-23
3281,2622,Creta,1,8013,Late Delivery,2022-03-07
3282,4179,Swift,5,13514,Late Delivery,2022-11-09
3283,3878,Creta,5,3350,High Service Cost,2022-10-17
3284,1029,Swift,4,14912,No Issue,2022-08-15
3285,1308,Alto,4,9684,No Issue,2024-08-18
3286,2509,Harrier,5,9057,Scratches,2022-06-24
3287,3093,Ertiga,3,14625,No Issue,2024-04-26
3288,4430,Seltos,2,11846,Scratches,2024-02-01
3289,1136,City,5,9985,Late Delivery,2022-09-27
3290,1774,City,1,7875,Engine Noise,2022-07-01
3291,2598,Swift,2,9280,No Issue,2024-06-24
3292,2454,Harrier,3,5030,No Issue,2024-04-14
3293,3603,Creta,5,2675,Late Delivery,2022-12-06
3294,4322,Swift,3,2368,Late Delivery,2024-06-14
3295,3480,Seltos,2,8770,No Issue,2024-06-05
3296,1846,Ertiga,1,13367,Late Delivery,2024-05-08
3297,1206,i20,2,11395,No Issue,2024-01-23
3298,3004,i20,2,5360,Engine Noise,2024-10-31
3299,3493,Harrier,5,3471,AC Problem,2024-06-17
3300,4130,Swift,2,7351,Engine Noise,2024-09-10
3301,2229,Alto,5,3348,Scratches,2022-06-16
3302,3378,Seltos,5,13615,No Issue,2024-10-30
3303,1595,Seltos,3,5016,AC Problem,2023-07-17
3304,3572,Harrier,1,2669,Engine Noise,2022-11-24
3305,3796,Baleno,5,7727,AC Problem,2024-03-31
3306,4229,Alto,4,3254,Engine Noise,2023-02-03
3307,2127,Harrier,3,14611,High Service Cost,2023-03-13
3308,3406,Creta,5,4008,AC Problem,2024-03-20
3309,1851,Baleno,5,2826,Engine Noise,2024-03-07
3310,4436,Swift,3,4311,Scratches,2024-01-01
3311,1554,Alto,2,10641,Engine Noise,2024-03-08
3312,2202,Alto,5,10740,Late Delivery,2023-09-27
3313,3405,Seltos,1,3634,High Service Cost,2023-06-10
3314,2287,XUV700,5,9908,No Issue,2023-05-04
3315,1754,Baleno,3,5669,Scratches,2023-05-20
3316,1548,Seltos,4,12304,AC Problem,2024-01-20
3317,4945,Alto,3,11830,AC Problem,2024-05-23
3318,2376,Ertiga,3,6719,Engine Noise,2023-07-10
3319,4929,Creta,1,6448,No Issue,2023-02-13
3320,2387,Swift,2,3007,Engine Noise,2022-08-27
3321,2273,Seltos,1,14423,High Service Cost,2022-11-13
3322,2143,City,1,13577,No Issue,2024-02-09
3323,4263,i20,5,3010,Late Delivery,2024-09-03
3324,1806,Harrier,4,12965,AC Problem,2022-03-20
3325,2927,Seltos,3,9664,Late Delivery,2023-04-20
3326,4133,Seltos,1,4800,AC Problem,2022-11-26
3327,2233,i20,1,10501,No Issue,2023-05-25
3328,4878,Swift,2,9727,Late Delivery,2024-02-16
3329,4981,Alto,2,9528,Scratches,2024-07-08
3330,3099,Creta,4,10347,AC Problem,2024-08-18
3331,2745,XUV700,3,11828,High Service Cost,2022-06-15
3332,1312,Alto,1,7057,Scratches,2024-06-19
3333,4988,Harrier,5,6461,No Issue,2022-08-25
3334,2302,XUV700,2,5152,Scratches,2023-04-16
3335,1387,XUV700,1,9807,AC Problem,2022-05-15
3336,2225,Baleno,5,9838,High Service Cost,2024-08-04
3337,3186,Baleno,1,5130,High Service Cost,2022-06-09
3338,2875,City,4,11452,AC Problem,2023-09-11
3339,3066,Alto,4,14625,No Issue,2024-04-21
3340,3368,Creta,5,6567,AC Problem,2024-01-25
3341,1094,City,2,7534,Scratches,2024-01-25
3342,1129,Swift,4,14576,AC Problem,2023-07-09
3343,4176,XUV700,2,6469,High Service Cost,2023-02-19
3344,3992,i20,5,5380,No Issue,2024-04-19
3345,4268,Creta,5,3630,AC Problem,2023-10-18
3346,2953,XUV700,1,11337,High Service Cost,2024-02-16
3347,3307,Swift,5,12586,AC Problem,2024-09-05
3348,1986,Creta,1,8776,Engine Noise,2023-07-05
3349,4110,Ertiga,2,2035,Engine Noise,2022-10-27
3350,4572,i20,1,2724,High Service Cost,2023-08-11
3351,1816,Swift,2,11668,No Issue,2024-08-26
3352,4202,Ertiga,4,4506,Engine Noise,2022-02-17
3353,3201,Harrier,2,5297,High Service Cost,2022-07-24
3354,3600,Swift,3,2890,AC Problem,2023-09-03
3355,4392,Swift,1,13041,Late Delivery,2023-02-26
3356,3169,Alto,4,3400,AC Problem,2024-08-31
3357,2779,Seltos,2,9919,Scratches,2022-11-16
3358,1756,XUV700,5,11218,High Service Cost,2024-08-05
3359,2167,Baleno,1,6101,Engine Noise,2022-03-31
3360,4257,i20,2,9571,High Service Cost,2023-07-04
3361,3594,XUV700,4,4660,AC Problem,2022-04-21
3362,2234,Swift,5,14596,No Issue,2023-11-15
3363,3447,Creta,1,12598,Engine Noise,2024-10-28
3364,4104,Swift,4,7958,No Issue,2022-01-23
3365,4230,Harrier,5,13197,No Issue,2023-07-25
3366,1405,Swift,3,5749,AC Problem,2023-03-17
3367,2852,Ertiga,5,10867,No Issue,2024-10-08
3368,3411,XUV700,1,13041,High Service Cost,2023-11-18
3369,4027,Creta,3,10709,Engine Noise,2023-04-07
3370,4775,Seltos,2,6479,No Issue,2023-09-21
3371,2989,Ertiga,3,9105,Late Delivery,2024-01-22
3372,1162,City,3,14177,Scratches,2023-10-28
3373,3811,i20,3,8633,High Service Cost,2022-11-04
3374,1550,Alto,5,12778,Late Delivery,2023-02-25
3375,1130,Alto,3,8694,Engine Noise,2022-10-30
3376,4167,Swift,3,7394,Scratches,2023-12-13
3377,3700,Swift,2,6703,No Issue,2023-06-10
3378,4055,Creta,3,10353,Late Delivery,2022-02-16
3379,3317,Baleno,5,2600,Late Delivery,2024-01-30
3380,2704,City,4,11751,No Issue,2023-08-29
3381,3951,Swift,4,10856,AC Problem,2023-05-14
3382,4438,Alto,5,6957,AC Problem,2022-04-16
3383,1786,Creta,5,13973,No Issue,2024-01-10
3384,3412,Harrier,3,8173,Late Delivery,2024-06-25
3385,2933,XUV700,5,12231,Engine Noise,2024-02-09
3386,4505,City,3,6576,High Service Cost,2022-06-07
3387,3658,i20,1,13982,Engine Noise,2023-01-06
3388,4132,Alto,2,6316,Engine Noise,2024-03-02
3389,3979,City,2,9733,High Service Cost,2022-09-02
3390,2346,Alto,2,8263,Engine Noise,2022-04-27
3391,4800,Swift,1,11964,Scratches,2022-03-11
3392,3636,i20,2,14797,No Issue,2024-05-27
3393,3255,i20,3,8012,Late Delivery,2022-05-15
3394,3395,Creta,4,9940,High Service Cost,2024-01-07
3395,1044,Seltos,2,8657,Engine Noise,2024-06-08
3396,1346,Seltos,2,3390,Late Delivery,2022-05-18
3397,1713,i20,3,9247,AC Problem,2023-12-14
3398,4793,XUV700,3,9526,Scratches,2022-08-28
3399,4911,Ertiga,2,6286,Engine Noise,2023-06-21
3400,1646,Ertiga,5,11909,Engine Noise,2022-08-05
3401,3416,Alto,1,3957,Engine Noise,2024-05-30
3402,3581,XUV700,4,11851,Scratches,2023-05-22
3403,1357,XUV700,4,5088,No Issue,2023-02-22
3404,3542,City,1,12270,Late Delivery,2023-01-22
3405,1904,Seltos,2,13136,Engine Noise,2024-07-11
3406,1059,Seltos,2,7189,AC Problem,2023-08-18
3407,3345,Creta,2,3827,Engine Noise,2024-04-19
3408,3106,Alto,2,12631,Scratches,2022-02-05
3409,4495,XUV700,2,11308,Scratches,2024-04-08
3410,1230,XUV700,4,4005,Late Delivery,2023-12-12
3411,3844,Ertiga,2,3161,Late Delivery,2023-11-13
3412,4766,Swift,3,14311,AC Problem,2022-09-05
3413,1447,Seltos,5,8590,Engine Noise,2022-11-17
3414,3660,i20,2,2167,AC Problem,2023-12-24
3415,4697,Alto,3,12192,AC Problem,2024-02-21
3416,3415,Seltos,4,10480,AC Problem,2023-09-19
3417,1553,Creta,3,3037,Engine Noise,2022-11-19
3418,2052,Baleno,1,12677,Engine Noise,2024-07-18
3419,4035,Ertiga,1,8198,Engine Noise,2024-06-22
3420,3324,City,3,13556,Engine Noise,2022-03-02
3421,3656,Creta,2,6823,AC Problem,2024-07-23
3422,3750,Seltos,2,9528,Scratches,2024-10-18
3423,2402,Swift,2,12323,No Issue,2024-07-07
3424,1830,Swift,3,14656,Late Delivery,2022-11-24
3425,1037,City,1,5973,Scratches,2024-06-13
3426,2230,Ertiga,1,11376,High Service Cost,2022-06-17
3427,2729,Seltos,4,12545,High Service Cost,2022-12-24
3428,4723,City,1,11674,High Service Cost,2024-05-17
3429,1288,Seltos,1,13859,Late Delivery,2023-11-14
3430,4022,i20,5,14997,Engine Noise,2022-03-25
3431,2516,Baleno,1,2199,High Service Cost,2022-09-05
3432,4840,i20,3,10526,High Service Cost,2024-04-05
3433,2248,Harrier,2,5413,No Issue,2024-10-18
3434,3499,Swift,3,2178,Scratches,2024-07-20
3435,3075,XUV700,2,10641,AC Problem,2024-08-26
3436,1701,i20,2,3724,Late Delivery,2023-04-26
3437,3804,Ertiga,4,3179,Late Delivery,2023-10-08
3438,3381,Seltos,1,6835,No Issue,2022-07-12
3439,2396,Baleno,4,2867,High Service Cost,2023-03-14
3440,2850,Ertiga,2,2977,AC Problem,2023-05-15
3441,3608,XUV700,5,5640,AC Problem,2022-06-01
3442,4372,Baleno,5,10857,No Issue,2023-10-31
3443,1203,XUV700,4,12264,Engine Noise,2022-09-26
3444,3426,XUV700,4,12715,High Service Cost,2023-07-29
3445,3949,Alto,1,2782,AC Problem,2022-06-06
3446,2138,Harrier,4,6297,Late Delivery,2022-07-06
3447,2043,Harrier,4,10038,AC Problem,2022-11-13
3448,2007,Seltos,3,14897,Scratches,2023-08-23
3449,2620,i20,4,8732,No Issue,2024-09-13
3450,3959,City,4,11679,AC Problem,2022-03-25
3451,3443,i20,3,14724,AC Problem,2022-07-15
3452,4836,i20,2,5550,AC Problem,2023-01-13
3453,4123,Ertiga,2,10000,No Issue,2022-04-28
3454,4731,Baleno,3,9536,Late Delivery,2022-01-26
3455,4257,City,1,5450,AC Problem,2022-08-27
3456,4756,XUV700,4,12350,AC Problem,2023-01-17
3457,1352,XUV700,1,10314,High Service Cost,2024-03-03
3458,2137,Swift,5,8197,High Service Cost,2023-10-26
3459,3561,Baleno,1,7590,High Service Cost,2023-05-17
3460,1545,Seltos,4,9373,AC Problem,2023-09-12
3461,1281,Alto,2,8310,AC Problem,2024-02-15
3462,1672,Alto,4,7085,AC Problem,2022-08-05
3463,4241,i20,4,12674,Scratches,2024-09-21
3464,3653,Harrier,4,14265,Scratches,2022-01-24
3465,1759,Swift,1,2959,High Service Cost,2024-09-26
3466,2344,Harrier,2,7130,Scratches,2023-01-08
3467,3413,i20,2,11598,No Issue,2023-09-06
3468,1519,Alto,1,13737,AC Problem,2022-11-26
3469,4904,i20,1,6604,High Service Cost,2024-07-24
3470,1109,XUV700,1,10755,Scratches,2023-02-21
3471,3953,i20,5,2724,AC Problem,2023-02-27
3472,4615,Alto,5,9221,AC Problem,2023-08-29
3473,4634,i20,4,10438,No Issue,2023-12-01
3474,1952,Ertiga,5,4628,No Issue,2022-04-23
3475,1679,Swift,1,8283,Scratches,2023-06-26
3476,2601,Creta,1,10596,High Service Cost,2024-07-29
3477,4614,Creta,1,12745,High Service Cost,2022-01-18
3478,1958,Ertiga,2,3247,Scratches,2022-06-11
3479,3371,Creta,2,4394,Scratches,2022-06-08
3480,2975,i20,5,6958,Engine Noise,2024-10-30
3481,3059,Ertiga,3,8517,No Issue,2024-05-22
3482,2822,City,3,3227,High Service Cost,2023-07-19
3483,3024,Alto,1,10824,Late Delivery,2023-11-30
3484,4094,City,2,8435,No Issue,2023-03-22
3485,2184,Ertiga,4,8420,AC Problem,2024-06-08
3486,3311,Ertiga,5,13572,High Service Cost,2023-01-26
3487,4773,i20,2,14541,AC Problem,2022-05-19
3488,1379,XUV700,1,8142,Engine Noise,2024-06-02
3489,4824,Ertiga,1,10850,No Issue,2024-02-01
3490,3127,Ertiga,3,12242,No Issue,2022-05-05
3491,2294,XUV700,1,9504,AC Problem,2022-08-07
3492,3472,Seltos,1,13613,High Service Cost,2022-10-08
3493,1615,XUV700,4,3123,Late Delivery,2023-03-16
3494,1435,Baleno,5,14744,Scratches,2022-04-12
3495,1921,Creta,4,8300,Late Delivery,2023-04-16
3496,4149,Ertiga,3,11075,AC Problem,2023-03-10
3497,2547,City,2,10888,Engine Noise,2022-01-11
3498,1794,Seltos,3,14616,No Issue,2022-05-12
3499,2134,Baleno,1,10906,AC Problem,2023-04-29
3500,4038,Creta,5,8290,AC Problem,2023-02-19
3501,1451,Harrier,1,5989,High Service Cost,2024-04-01
3502,4485,Ertiga,5,2241,No Issue,2023-07-22
3503,1259,Harrier,5,6274,Scratches,2024-05-11
3504,3869,XUV700,5,4227,Late Delivery,2022-12-21
3505,4422,Creta,2,9024,Late Delivery,2022-09-18
3506,3755,Harrier,3,13197,Engine Noise,2023-08-15
3507,3899,Swift,2,11531,High Service Cost,2024-10-07
3508,2207,i20,2,11935,Scratches,2023-08-03
3509,3705,Creta,2,8352,AC Problem,2024-10-24
3510,3222,Baleno,4,9655,Scratches,2022-12-07
3511,1711,Seltos,4,9414,High Service Cost,2024-08-27
3512,2723,Ertiga,4,12870,Engine Noise,2022-04-05
3513,4689,i20,2,11652,AC Problem,2022-01-16
3514,2978,Ertiga,1,8686,Scratches,2022-11-22
3515,2409,XUV700,4,14636,Engine Noise,2024-05-24
3516,4960,Alto,4,14806,High Service Cost,2023-11-02
3517,3632,XUV700,2,10578,High Service Cost,2022-04-04
3518,4343,Baleno,3,7400,High Service Cost,2024-09-23
3519,4797,XUV700,1,3441,Scratches,2022-12-02
3520,3233,Swift,5,10992,High Service Cost,2024-03-22
3521,3699,Creta,5,2606,Scratches,2022-06-13
3522,2924,Harrier,1,14631,Engine Noise,2024-06-12
3523,1166,Seltos,2,12109,No Issue,2023-02-16
3524,3190,Harrier,3,5109,Engine Noise,2023-01-03
3525,1492,Swift,3,2365,Scratches,2022-11-15
3526,3119,Harrier,5,14668,Late Delivery,2023-05-04
3527,4415,Creta,3,9343,Late Delivery,2023-07-04
3528,3546,Baleno,5,6041,AC Problem,2024-06-14
3529,3194,Ertiga,4,11176,No Issue,2022-07-06
3530,4684,Baleno,2,3124,High Service Cost,2022-01-25
3531,4572,Creta,3,9996,Engine Noise,2022-05-22
3532,2361,Creta,2,10682,Engine Noise,2023-03-04
3533,2108,Seltos,4,5644,Scratches,2022-01-25
3534,2840,Harrier,1,6224,AC Problem,2023-04-22
3535,3938,Harrier,1,14262,No Issue,2024-04-26
3536,3854,Ertiga,1,4026,High Service Cost,2022-05-02
3537,3893,City,5,2020,No Issue,2024-09-09
3538,4214,XUV700,5,10219,Late Delivery,2022-01-17
3539,1890,i20,1,12689,AC Problem,2022-01-02
3540,2334,i20,4,7018,No Issue,2022-09-24
3541,4440,Alto,5,13755,High Service Cost,2022-09-08
3542,2730,Baleno,1,9071,AC Problem,2022-10-04
3543,2719,i20,2,14939,High Service Cost,2024-10-26
3544,3860,i20,1,3453,Engine Noise,2022-08-12
3545,1970,Alto,1,12474,Engine Noise,2024-07-29
3546,4512,i20,2,12663,High Service Cost,2023-04-18
3547,1066,Alto,5,7256,Engine Noise,2023-05-29
3548,4805,Seltos,2,12321,Engine Noise,2022-06-14
3549,4845,Creta,5,8461,Engine Noise,2022-10-27
3550,1837,Swift,4,12604,High Service Cost,2024-09-01
3551,1926,Seltos,5,6835,Engine Noise,2023-03-30
3552,4605,Ertiga,3,14687,Late Delivery,2023-10-01
3553,1340,Harrier,5,7986,AC Problem,2023-04-26
3554,4749,Harrier,3,3475,High Service Cost,2022-03-16
3555,1101,Harrier,5,2935,No Issue,2022-11-05
3556,4385,Seltos,2,10426,AC Problem,2022-03-17
3557,4996,Harrier,5,2034,Scratches,2023-01-22
3558,1951,Baleno,1,14926,AC Problem,2024-08-14
3559,2133,XUV700,5,10530,Scratches,2024-01-17
3560,1906,City,2,14219,Late Delivery,2023-04-05
3561,2455,XUV700,2,5525,High Service Cost,2023-10-23
3562,3389,Ertiga,5,11694,No Issue,2022-11-09
3563,1827,Alto,5,7978,High Service Cost,2022-09-26
3564,2202,City,5,9807,No Issue,2022-06-04
3565,3726,XUV700,4,13316,No Issue,2023-04-25
3566,3181,Baleno,3,13875,High Service Cost,2022-01-28
3567,2053,City,5,12682,AC Problem,2024-05-11
3568,3922,City,5,14707,Engine Noise,2022-04-29
3569,4544,XUV700,3,2705,Scratches,2022-05-30
3570,1995,City,1,6847,Engine Noise,2023-11-13
3571,1384,Ertiga,4,6344,Scratches,2024-02-01
3572,1597,i20,4,12532,Engine Noise,2022-07-02
3573,1008,i20,1,14494,High Service Cost,2022-07-02
3574,1135,Seltos,3,11316,High Service Cost,2022-06-22
3575,2313,XUV700,3,7334,No Issue,2023-06-26
3576,1975,Harrier,2,9467,Late Delivery,2022-12-21
3577,1978,Ertiga,3,11791,High Service Cost,2022-06-03
3578,2671,Swift,4,6530,Scratches,2023-08-24
3579,4723,City,2,2238,No Issue,2023-01-20
3580,3090,XUV700,5,11339,Scratches,2024-01-03
3581,4176,XUV700,5,14805,Engine Noise,2024-07-08
3582,2847,Ertiga,5,14100,Late Delivery,2023-07-08
3583,4102,Harrier,2,6244,High Service Cost,2022-12-27
3584,4753,Ertiga,4,4104,Engine Noise,2024-02-15
3585,4744,City,3,12395,No Issue,2024-05-23
3586,3834,XUV700,2,5668,Scratches,2023-12-19
3587,2788,Ertiga,4,6631,AC Problem,2023-10-22
3588,2242,Ertiga,3,4162,Late Delivery,2023-05-10
3589,3007,Swift,1,8474,High Service Cost,2023-02-28
3590,1112,Creta,4,13797,Scratches,2024-04-20
3591,3779,i20,1,6461,High Service Cost,2022-09-12
3592,4766,Harrier,5,5565,High Service Cost,2022-09-18
3593,4331,Seltos,5,13809,Scratches,2023-06-07
3594,3059,City,4,7368,High Service Cost,2023-02-26
3595,4542,Baleno,1,4933,No Issue,2023-08-03
3596,2363,Seltos,2,5108,Late Delivery,2023-02-20
3597,3919,i20,3,2464,Engine Noise,2024-10-25
3598,4995,Seltos,5,12226,Late Delivery,2024-07-06
3599,3293,City,5,13086,Engine Noise,2022-07-25
3600,4321,Baleno,5,7340,No Issue,2023-04-14
3601,4641,Ertiga,5,12977,Late Delivery,2022-03-23
3602,3556,Swift,4,4920,No Issue,2024-01-27
3603,4375,City,4,2810,Scratches,2022-09-24
3604,4959,Harrier,1,7909,Engine Noise,2024-01-21
3605,4963,Ertiga,2,7978,Scratches,2023-04-20
3606,2536,Creta,1,8629,Scratches,2022-06-02
3607,4432,i20,2,2398,Late Delivery,2023-07-08
3608,4786,Ertiga,4,9700,High Service Cost,2023-05-02
3609,3091,Ertiga,5,3075,High Service Cost,2023-07-25
3610,2342,Seltos,1,13011,No Issue,2023-09-21
3611,3654,XUV700,2,9598,Late Delivery,2024-01-31
3612,2512,XUV700,3,3862,Scratches,2023-12-10
3613,4365,Harrier,2,13471,AC Problem,2024-04-17
3614,3556,i20,1,2885,No Issue,2022-06-24
3615,4592,Creta,4,7538,Scratches,2023-07-19
3616,2797,Seltos,5,4566,No Issue,2023-11-16
3617,2349,Ertiga,3,13432,AC Problem,2024-08-24
3618,2276,City,1,3673,Engine Noise,2023-12-24
3619,1307,Harrier,4,12941,No Issue,2024-10-18
3620,2346,XUV700,2,12176,No Issue,2024-10-23
3621,2631,i20,4,7259,Scratches,2024-03-03
3622,1866,Swift,4,8490,High Service Cost,2022-09-04
3623,3959,Ertiga,5,3691,Scratches,2023-03-08
3624,4713,Creta,1,6153,Late Delivery,2023-07-21
3625,3083,Creta,4,13959,Scratches,2023-04-26
3626,2640,Ertiga,2,2657,AC Problem,2022-09-15
3627,1710,Seltos,2,5256,High Service Cost,2023-06-19
3628,2314,XUV700,5,8321,Late Delivery,2022-04-18
3629,4959,Seltos,4,6054,AC Problem,2022-06-25
3630,4613,Baleno,2,11702,High Service Cost,2023-04-14
3631,3988,Alto,2,7246,Late Delivery,2023-06-11
3632,2628,Creta,5,11260,Scratches,2024-03-29
3633,2512,Seltos,4,8333,High Service Cost,2022-06-01
3634,4008,Creta,5,11577,AC Problem,2024-04-03
3635,3283,Swift,4,4614,AC Problem,2022-10-08
3636,4456,Seltos,2,2771,High Service Cost,2024-08-05
3637,3408,Ertiga,1,4574,AC Problem,2023-03-07
3638,4778,Harrier,2,4196,AC Problem,2022-11-16
3639,2279,i20,1,9933,Engine Noise,2022-03-12
3640,1867,City,4,8357,Engine Noise,2022-02-26
3641,2382,Ertiga,4,6715,No Issue,2022-06-16
3642,4614,Seltos,3,3997,Engine Noise,2023-09-23
3643,3072,i20,4,4082,High Service Cost,2024-03-07
3644,3862,Creta,4,12620,No Issue,2024-07-10
3645,3999,Creta,3,10963,Scratches,2022-11-16
3646,1983,City,1,12466,No Issue,2023-06-16
3647,2024,City,4,8363,AC Problem,2022-01-07
3648,3405,XUV700,5,3163,Late Delivery,2023-04-03
3649,1117,Alto,4,13829,No Issue,2022-08-26
3650,3526,XUV700,4,8941,Engine Noise,2023-03-27
3651,3724,Ertiga,2,8408,Scratches,2024-06-14
3652,3506,Baleno,4,6882,Late Delivery,2023-05-07
3653,3160,Harrier,4,14623,No Issue,2023-03-25
3654,2218,Baleno,5,7056,Scratches,2024-10-01
3655,4723,Harrier,3,5693,Engine Noise,2023-10-01
3656,2043,Creta,3,7676,Scratches,2022-07-22
3657,4357,XUV700,3,13542,Scratches,2023-08-05
3658,3505,Seltos,2,12571,Late Delivery,2024-05-09
3659,4814,Ertiga,4,2772,High Service Cost,2022-04-30
3660,4519,Seltos,1,2723,Engine Noise,2023-10-27
3661,4662,Baleno,1,3218,Late Delivery,2024-08-01
3662,3687,Seltos,5,14918,Late Delivery,2023-09-16
3663,4156,Alto,2,2705,Late Delivery,2024-07-01
3664,1575,XUV700,2,11473,High Service Cost,2022-06-29
3665,4345,Creta,4,12927,High Service Cost,2023-09-23
3666,3847,Ertiga,1,6537,No Issue,2023-10-04
3667,1402,Ertiga,2,2610,No Issue,2023-12-01
3668,1252,City,5,11923,Engine Noise,2024-08-10
3669,2629,Creta,1,7054,AC Problem,2023-05-08
3670,4872,XUV700,2,11844,Engine Noise,2024-07-31
3671,4005,i20,4,9975,High Service Cost,2023-02-01
3672,3709,i20,4,11093,High Service Cost,2024-02-29
3673,4436,Baleno,4,6046,High Service Cost,2022-11-30
3674,1668,XUV700,4,13388,Late Delivery,2023-10-21
3675,1727,Harrier,1,10036,High Service Cost,2022-01-01
3676,4331,Baleno,1,9531,Late Delivery,2023-03-28
3677,2457,Seltos,2,9314,Late Delivery,2022-07-03
3678,3659,Alto,5,13723,Engine Noise,2023-12-05
3679,2145,Ertiga,3,10362,Scratches,2023-08-04
3680,4715,City,3,14597,No Issue,2022-12-06
3681,2540,Baleno,4,9880,No Issue,2024-07-06
3682,1978,Harrier,2,9122,Engine Noise,2023-09-14
3683,4816,Alto,3,4399,Engine Noise,2022-06-21
3684,3726,Baleno,3,6955,High Service Cost,2023-01-13
3685,1568,City,3,14155,High Service Cost,2022-06-26
3686,1542,Creta,3,3374,High Service Cost,2023-09-03
3687,1518,Alto,3,3596,Late Delivery,2022-02-05
3688,3059,City,2,11187,Late Delivery,2022-08-13
3689,1009,Swift,3,8284,High Service Cost,2024-05-05
3690,1156,Harrier,3,13488,Late Delivery,2024-07-18
3691,4059,Swift,2,2745,Engine Noise,2022-06-02
3692,3772,i20,1,12001,High Service Cost,2024-01-19
3693,1140,i20,1,7484,No Issue,2024-02-05
3694,3686,Swift,1,10934,No Issue,2024-03-31
3695,4781,Harrier,3,13512,AC Problem,2022-04-15
3696,4998,XUV700,2,11685,Late Delivery,2023-01-02
3697,1136,Creta,1,5520,No Issue,2024-04-12
3698,1690,City,4,5422,High Service Cost,2024-10-20
3699,2623,Swift,4,5155,No Issue,2023-05-05
3700,2423,Baleno,2,4723,Engine Noise,2022-02-19
3701,3490,Swift,3,12192,Late Delivery,2024-03-26
3702,2465,Ertiga,1,6268,No Issue,2022-07-20
3703,4338,Seltos,3,8025,Late Delivery,2022-06-24
3704,1675,Harrier,1,12120,Engine Noise,2022-05-22
3705,4832,Alto,5,8061,No Issue,2022-07-09
3706,2536,Ertiga,5,6240,AC Problem,2024-05-07
3707,3324,Ertiga,3,5522,High Service Cost,2024-02-20
3708,4755,i20,4,12560,Scratches,2024-05-18
3709,2379,Alto,3,3171,No Issue,2022-11-25
3710,1932,City,1,12945,Engine Noise,2024-08-22
3711,4845,Swift,3,8269,AC Problem,2024-02-14
3712,4725,Seltos,3,13151,AC Problem,2022-04-05
3713,4164,Alto,1,8029,Scratches,2023-11-25
3714,3688,Ertiga,4,11856,AC Problem,2023-04-27
3715,4207,Baleno,5,4722,No Issue,2022-01-11
3716,3158,Baleno,1,9633,Late Delivery,2024-02-12
3717,2067,Creta,3,13392,Engine Noise,2023-04-16
3718,3938,Creta,2,10874,No Issue,2023-03-07
3719,1210,Harrier,3,14100,Engine Noise,2022-01-04
3720,3390,Swift,3,9242,High Service Cost,2022-12-03
3721,4430,Baleno,2,3509,Scratches,2023-01-10
3722,3408,Swift,3,9935,Scratches,2022-01-30
3723,4402,Ertiga,2,4263,High Service Cost,2024-06-16
3724,3458,City,3,8886,Scratches,2024-04-21
3725,3806,Ertiga,4,4284,Scratches,2022-08-08
3726,1507,Creta,5,12335,AC Problem,2022-05-08
3727,1231,Creta,4,4959,High Service Cost,2022-08-13
3728,1803,Swift,1,11848,Late Delivery,2023-02-12
3729,2193,Alto,1,5266,AC Problem,2023-11-08
3730,4475,Creta,3,11465,Scratches,2022-06-07
3731,1233,Baleno,1,5518,Late Delivery,2023-12-10
3732,3567,Creta,1,8215,Engine Noise,2023-02-11
3733,3349,XUV700,3,4015,Engine Noise,2022-01-30
3734,3147,XUV700,3,11109,Scratches,2022-07-15
3735,3300,Swift,5,11143,Engine Noise,2024-03-29
3736,3355,Baleno,2,9663,High Service Cost,2022-12-10
3737,3841,Swift,3,13216,Scratches,2023-08-02
3738,3850,XUV700,5,10346,High Service Cost,2022-07-03
3739,2723,Swift,4,14607,Late Delivery,2023-05-27
3740,1386,i20,1,10492,No Issue,2024-08-18
3741,2146,City,2,10386,No Issue,2023-09-13
3742,1131,XUV700,4,9564,AC Problem,2022-08-06
3743,4307,XUV700,3,8352,Scratches,2022-11-17
3744,3268,Harrier,4,3437,High Service Cost,2022-01-02
3745,3109,XUV700,5,10924,No Issue,2024-02-10
3746,1831,XUV700,3,5044,Scratches,2023-08-18
3747,4761,City,3,3451,AC Problem,2022-03-23
3748,1731,Creta,2,9087,No Issue,2022-08-11
3749,1402,Baleno,5,6709,AC Problem,2024-02-14
3750,3218,Seltos,1,3288,No Issue,2024-05-28
3751,2499,Alto,4,5247,Engine Noise,2023-03-18
3752,2617,Baleno,2,3375,Scratches,2023-07-27
3753,1013,XUV700,2,6279,AC Problem,2023-08-18
3754,1269,XUV700,3,9491,AC Problem,2024-07-23
3755,2077,Seltos,4,5973,No Issue,2022-01-28
3756,4484,Alto,2,6594,AC Problem,2022-07-04
3757,2154,Alto,3,13456,Scratches,2022-03-11
3758,4681,Alto,3,2999,Engine Noise,2023-12-20
3759,3760,Ertiga,5,8338,Scratches,2023-10-30
3760,3919,Ertiga,3,4042,Engine Noise,2023-07-03
3761,2796,Seltos,1,3044,No Issue,2022-08-05
3762,4804,Swift,5,13597,AC Problem,2023-08-31
3763,2540,XUV700,5,6893,AC Problem,2023-11-26
3764,3676,Swift,1,7688,No Issue,2023-09-05
3765,3348,Harrier,1,11270,No Issue,2024-01-10
3766,3751,Seltos,2,6399,Engine Noise,2023-04-17
3767,2983,Swift,2,11749,Late Delivery,2023-01-20
3768,2962,Seltos,1,7260,Engine Noise,2022-01-03
3769,1426,Harrier,2,4136,Engine Noise,2023-08-06
3770,3163,XUV700,1,4927,AC Problem,2022-04-07
3771,3283,Baleno,1,3834,High Service Cost,2023-08-20
3772,2586,Ertiga,3,9754,No Issue,2024-01-21
3773,3060,Alto,2,6400,No Issue,2023-11-19
3774,4289,XUV700,5,5819,High Service Cost,2023-10-05
3775,2352,Baleno,5,9384,AC Problem,2023-11-20
3776,1067,Baleno,2,6379,Late Delivery,2023-09-05
3777,3790,Seltos,2,12235,Scratches,2023-12-01
3778,3884,Seltos,2,9529,No Issue,2022-12-19
3779,1390,Creta,2,9535,No Issue,2024-10-18
3780,2115,Alto,3,10632,Engine Noise,2022-06-30
3781,3151,Baleno,1,5954,Late Delivery,2023-04-22
3782,4661,Swift,2,11660,Late Delivery,2023-10-28
3783,3007,Seltos,2,3962,AC Problem,2023-02-26
3784,2449,i20,1,5448,Late Delivery,2024-06-23
3785,3661,i20,1,5567,Late Delivery,2024-05-11
3786,1772,Baleno,1,9817,High Service Cost,2022-03-27
3787,2966,i20,4,4894,Engine Noise,2024-01-17
3788,3351,Seltos,5,14127,AC Problem,2024-06-11
3789,3426,City,2,5010,High Service Cost,2023-08-17
3790,4809,Swift,3,5863,High Service Cost,2022-06-27
3791,4419,Swift,3,13647,Scratches,2022-07-12
3792,4246,Baleno,1,9325,Engine Noise,2024-03-05
3793,2415,Seltos,3,2744,Late Delivery,2023-05-02
3794,4476,XUV700,5,9392,AC Problem,2023-10-04
3795,1087,Creta,2,2556,Engine Noise,2023-04-12
3796,3677,Alto,3,5800,Late Delivery,2023-03-21
3797,2815,Creta,5,6725,Scratches,2024-06-04
3798,2676,XUV700,5,3851,No Issue,2024-06-07
3799,1624,Seltos,4,12611,High Service Cost,2022-04-01
3800,2934,XUV700,4,4356,Scratches,2022-03-04
3801,2272,XUV700,3,5864,High Service Cost,2022-01-15
3802,3413,Ertiga,5,6197,AC Problem,2024-10-11
3803,2112,Baleno,1,8275,Late Delivery,2024-01-03
3804,3924,City,4,3883,AC Problem,2022-10-21
3805,4892,Harrier,5,6297,Late Delivery,2024-03-26
3806,3779,City,4,9454,Scratches,2022-09-15
3807,1998,Swift,2,5843,No Issue,2023-12-14
3808,3503,Seltos,5,8437,No Issue,2022-06-11
3809,3462,Seltos,5,14320,High Service Cost,2024-10-18
3810,1454,Seltos,2,10209,Late Delivery,2023-03-03
3811,4634,Harrier,4,2671,Late Delivery,2022-01-24
3812,3558,Alto,2,8092,No Issue,2024-09-24
3813,4246,Alto,3,11330,Late Delivery,2023-09-21
3814,1934,Creta,1,10399,AC Problem,2023-06-29
3815,1208,City,4,2160,Late Delivery,2022-10-26
3816,4700,Alto,5,13553,Scratches,2024-10-27
3817,4384,Alto,3,6414,No Issue,2024-08-12
3818,3418,XUV700,4,6557,No Issue,2023-07-02
3819,2336,Baleno,1,3582,AC Problem,2022-09-28
3820,3850,XUV700,5,12177,AC Problem,2022-03-11
3821,2527,Seltos,2,4956,Engine Noise,2022-08-16
3822,3133,Ertiga,1,8195,AC Problem,2022-08-25
3823,1646,XUV700,4,10243,No Issue,2022-07-16
3824,3868,Alto,5,9338,No Issue,2023-01-04
3825,4337,Alto,4,12857,AC Problem,2024-03-27
3826,2243,Ertiga,1,6705,Engine Noise,2024-06-02
3827,3342,Alto,5,3744,Late Delivery,2023-12-21
3828,2721,Ertiga,1,8274,Late Delivery,2023-12-16
3829,3026,i20,4,11155,High Service Cost,2023-10-01
3830,3553,Swift,5,14510,Late Delivery,2024-03-06
3831,3012,XUV700,5,13902,No Issue,2022-12-08
3832,2186,Swift,5,10117,High Service Cost,2022-06-04
3833,2150,Baleno,4,6932,High Service Cost,2024-09-03
3834,3874,i20,3,3149,AC Problem,2023-04-01
3835,1116,Alto,4,4559,AC Problem,2022-02-01
3836,2429,Baleno,2,12369,Late Delivery,2024-09-30
3837,1648,i20,3,12947,High Service Cost,2022-05-08
3838,4839,Harrier,4,3067,Engine Noise,2023-02-28
3839,1355,Creta,2,3829,High Service Cost,2022-04-06
3840,3823,XUV700,1,6283,Scratches,2024-03-25
3841,2022,Seltos,2,14531,Engine Noise,2023-09-05
3842,4293,City,5,2922,No Issue,2023-06-06
3843,4447,Ertiga,3,8746,Late Delivery,2022-08-12
3844,4385,Harrier,4,3550,Late Delivery,2022-09-05
3845,4966,Creta,4,4982,AC Problem,2024-09-01
3846,4934,Alto,5,4044,Scratches,2023-10-11
3847,2173,Ertiga,3,13173,Late Delivery,2024-01-12
3848,3283,Ertiga,3,7813,No Issue,2024-05-11
3849,4934,XUV700,5,14606,High Service Cost,2023-07-06
3850,2191,XUV700,3,9097,Late Delivery,2024-02-23
3851,2518,Ertiga,5,3597,No Issue,2022-05-18
3852,4483,Alto,2,7709,AC Problem,2024-07-14
3853,3989,Ertiga,5,4321,Engine Noise,2022-01-09
3854,1068,i20,4,6858,No Issue,2023-07-23
3855,2744,i20,1,12213,AC Problem,2022-10-29
3856,4635,City,2,3317,Scratches,2023-09-23
3857,1266,i20,4,13667,No Issue,2022-06-20
3858,4221,Harrier,2,5555,Late Delivery,2024-06-02
3859,1814,Ertiga,4,6297,High Service Cost,2023-05-27
3860,2880,Creta,3,3557,No Issue,2023-01-04
3861,2548,i20,5,8304,Scratches,2023-01-10
3862,1381,City,4,13990,Engine Noise,2022-07-23
3863,2635,Alto,4,3069,Scratches,2022-02-26
3864,1373,Seltos,3,2497,AC Problem,2023-10-19
3865,1684,XUV700,1,2104,Engine Noise,2022-05-27
3866,1505,Creta,1,5753,No Issue,2024-09-03
3867,3284,Baleno,5,7042,High Service Cost,2024-10-01
3868,4658,Seltos,3,6035,Scratches,2024-07-10
3869,3372,Creta,2,7204,High Service Cost,2022-03-13
3870,4960,Harrier,4,3847,AC Problem,2024-01-20
3871,4321,Seltos,5,13340,No Issue,2024-08-10
3872,3637,City,1,11769,High Service Cost,2022-05-16
3873,3837,Ertiga,2,4572,High Service Cost,2023-06-01
3874,2474,Alto,3,8965,Scratches,2022-01-27
3875,1753,Creta,4,2983,No Issue,2022-03-25
3876,2954,Baleno,4,8434,High Service Cost,2023-07-02
3877,2951,i20,1,8482,Engine Noise,2022-03-15
3878,2445,i20,1,12252,Late Delivery,2023-05-05
3879,2849,Swift,5,6629,Engine Noise,2022-01-12
3880,2239,Harrier,4,6647,AC Problem,2023-11-02
3881,1731,Alto,4,9540,High Service Cost,2023-08-26
3882,1020,Harrier,4,11691,No Issue,2023-11-03
3883,1304,Seltos,4,2126,Engine Noise,2024-09-28
3884,4424,Alto,2,3757,No Issue,2024-04-11
3885,1603,Harrier,3,9390,AC Problem,2023-08-26
3886,3854,i20,2,4269,Engine Noise,2022-11-11
3887,2009,Swift,3,3614,No Issue,2024-03-03
3888,1444,Swift,2,12636,High Service Cost,2022-03-09
3889,4683,Baleno,5,2098,Scratches,2022-07-16
3890,3313,Creta,3,3506,Engine Noise,2023-10-27
3891,4044,Swift,4,5475,AC Problem,2023-06-06
3892,2191,City,3,5257,No Issue,2022-07-09
3893,2081,Baleno,4,14566,Engine Noise,2022-01-12
3894,3648,Baleno,5,2375,No Issue,2024-08-20
3895,2708,Harrier,3,5474,No Issue,2024-09-15
3896,4728,i20,1,2235,Scratches,2023-07-09
3897,3680,Ertiga,4,6753,No Issue,2022-03-29
3898,1756,City,3,6163,Engine Noise,2024-05-05
3899,1323,Alto,2,12172,AC Problem,2023-04-18
3900,2289,Creta,3,9111,High Service Cost,2022-04-21
3901,4956,Swift,4,10157,AC Problem,2023-02-25
3902,2085,Swift,1,11391,Late Delivery,2022-03-10
3903,3136,Baleno,1,9699,No Issue,2022-04-29
3904,3463,Creta,2,8727,Late Delivery,2024-02-18
3905,2607,City,5,10808,High Service Cost,2022-09-04
3906,3729,City,1,12145,AC Problem,2024-04-10
3907,4756,Alto,5,11009,Late Delivery,2022-01-22
3908,2099,Harrier,4,2052,No Issue,2023-02-03
3909,3452,Seltos,3,13221,Engine Noise,2022-11-22
3910,3412,City,5,7386,AC Problem,2023-08-25
3911,4994,i20,4,14679,AC Problem,2023-10-08
3912,4967,i20,4,5103,Scratches,2022-12-18
3913,4741,Baleno,4,2190,AC Problem,2024-03-21
3914,4913,i20,2,11910,No Issue,2023-02-08
3915,4796,Alto,2,9354,No Issue,2023-09-29
3916,1384,i20,5,11022,Scratches,2023-12-03
3917,1008,Seltos,4,5472,Scratches,2022-11-19
3918,3562,Swift,5,7273,AC Problem,2023-08-17
3919,4440,Ertiga,1,4098,Scratches,2022-08-15
3920,3356,Creta,5,13552,Scratches,2022-06-29
3921,3217,Swift,3,4585,Scratches,2024-08-27
3922,1146,Seltos,4,12517,No Issue,2024-09-16
3923,4589,Harrier,5,2450,Late Delivery,2024-08-08
3924,2926,Seltos,2,6429,Engine Noise,2024-04-15
3925,4754,Seltos,3,10956,No Issue,2023-10-26
3926,1079,Ertiga,5,12745,High Service Cost,2022-06-03
3927,1803,i20,5,2481,AC Problem,2024-01-03
3928,3499,Ertiga,5,4407,No Issue,2024-03-16
3929,4537,Baleno,2,6648,AC Problem,2022-05-02
3930,2759,Harrier,5,2075,No Issue,2022-07-01
3931,4935,Harrier,1,14960,Late Delivery,2023-06-20
3932,1977,XUV700,1,12527,AC Problem,2022-12-04
3933,1806,City,1,3460,Scratches,2022-04-13
3934,2578,Ertiga,5,9871,AC Problem,2022-08-19
3935,2956,XUV700,3,9501,High Service Cost,2023-09-19
3936,3804,Baleno,2,13440,Late Delivery,2024-02-18
3937,4483,Creta,1,3998,Engine Noise,2024-05-24
3938,2585,Baleno,1,4590,High Service Cost,2023-12-29
3939,1294,Swift,3,12075,High Service Cost,2024-08-30
3940,2153,Harrier,1,7032,Late Delivery,2024-05-12
3941,2916,XUV700,2,10390,High Service Cost,2024-06-08
3942,2787,Alto,3,12659,No Issue,2022-01-03
3943,2188,City,4,3097,No Issue,2024-06-26
3944,1612,Ertiga,2,5494,Scratches,2022-06-29
3945,3930,Seltos,2,14398,Late Delivery,2022-05-05
3946,3497,Swift,5,5965,No Issue,2023-01-20
3947,2810,Seltos,4,4141,High Service Cost,2023-10-08
3948,4578,Alto,4,9020,High Service Cost,2022-07-21
3949,1068,XUV700,3,8503,No Issue,2023-10-26
3950,1555,Alto,1,9336,Late Delivery,2022-11-24
3951,3956,City,4,10488,Late Delivery,2024-04-28
3952,2685,Ertiga,3,12500,Engine Noise,2023-02-12
3953,1499,i20,4,4772,Late Delivery,2023-08-12
3954,4206,XUV700,2,14037,AC Problem,2022-09-22
3955,4969,Creta,4,2317,AC Problem,2022-09-11
3956,1829,Creta,1,2271,AC Problem,2023-09-02
3957,1501,Ertiga,3,3367,No Issue,2023-06-21
3958,1973,i20,1,9021,Engine Noise,2024-05-29
3959,4416,Seltos,5,12642,High Service Cost,2023-07-04
3960,1729,XUV700,1,9250,No Issue,2022-09-27
3961,1900,Seltos,1,5311,Scratches,2024-02-17
3962,1659,Seltos,3,11850,Scratches,2022-07-18
3963,4709,Harrier,2,10634,Late Delivery,2022-05-22
3964,1760,Harrier,4,10800,Engine Noise,2022-12-21
3965,3101,XUV700,4,3092,Engine Noise,2024-03-27
3966,1331,City,3,5784,High Service Cost,2022-06-25
3967,1958,Harrier,3,8612,Late Delivery,2023-01-22
3968,4491,XUV700,2,4857,Engine Noise,2023-07-26
3969,2758,XUV700,2,3944,No Issue,2024-03-03
3970,2744,Harrier,5,4871,High Service Cost,2023-09-25
3971,3703,Swift,4,11134,Engine Noise,2022-06-16
3972,1312,Seltos,4,8604,Scratches,2023-07-12
3973,2855,Creta,5,11649,Scratches,2024-03-07
3974,4209,Ertiga,3,11556,Engine Noise,2022-03-27
3975,1354,City,4,9639,AC Problem,2023-10-29
3976,2525,XUV700,1,4138,AC Problem,2022-01-03
3977,3272,Ertiga,3,10480,Scratches,2024-04-03
3978,1613,Alto,3,8937,No Issue,2024-05-28
3979,1098,Alto,2,8115,High Service Cost,2024-02-28
3980,3354,City,5,5344,No Issue,2023-06-09
3981,1794,Alto,3,9700,Scratches,2024-08-23
3982,3438,Baleno,2,9148,Engine Noise,2023-05-11
3983,4162,Harrier,1,9681,Engine Noise,2023-11-14
3984,4880,XUV700,1,6686,High Service Cost,2024-05-11
3985,3421,Alto,4,8699,Scratches,2023-08-13
3986,1203,XUV700,5,4630,Scratches,2022-01-30
3987,4965,i20,5,14835,Scratches,2023-04-12
3988,2773,Seltos,2,14845,Late Delivery,2022-07-22
3989,1608,Harrier,4,9914,Engine Noise,2023-12-25
3990,3680,XUV700,5,2223,Scratches,2022-06-02
3991,4980,Ertiga,4,13842,High Service Cost,2023-11-09
3992,2140,Alto,2,13010,AC Problem,2022-02-12
3993,1065,Ertiga,4,3521,Late Delivery,2023-02-18
3994,3178,XUV700,3,3654,Scratches,2023-03-19
3995,1778,Swift,3,8048,Engine Noise,2022-05-31
3996,1900,XUV700,3,13820,AC Problem,2024-04-09
3997,1827,XUV700,3,7144,Late Delivery,2022-04-18
3998,2409,Harrier,1,6772,No Issue,2022-11-25
3999,3139,Swift,1,8307,High Service Cost,2023-12-07
4000,2100,i20,5,14050,Engine Noise,2023-09-25
